
  EPA STORM WATER MANAGEMENT MODEL - VERSION 5.2 (Build 5.2.4)
  PYSWMM TOOLKIT API - VERSION v1.0 (2026-02-26)
  ------------------------------------------------------------

  WARNING 08: elevation drop exceeds length for Conduit N779>MH4428606
  
  ****************
  Analysis Options
  ****************
  Flow Units ............... LPS
  Process Models:
    Rainfall/Runoff ........ NO
    RDII ................... NO
    Snowmelt ............... NO
    Groundwater ............ NO
    Flow Routing ........... YES
    Ponding Allowed ........ NO
    Water Quality .......... NO
  Flow Routing Method ...... DYNWAVE
  Surcharge Method ......... SLOT
  Starting Date ............ 01/01/2026 00:00:00
  Ending Date .............. 01/01/2026 16:00:00
  Antecedent Dry Days ...... 0.0
  Report Time Step ......... 00:00:10
  Routing Time Step ........ 0.50 sec
  Variable Time Step ....... YES
  Maximum Trials ........... 8
  Number of Threads ........ 1
  Head Tolerance ........... 0.001524 m
  
  
  **************************        Volume        Volume
  Flow Routing Continuity        hectare-m      10^6 ltr
  **************************     ---------     ---------
  Dry Weather Inflow .......         0.000         0.000
  Wet Weather Inflow .......         0.000         0.000
  Groundwater Inflow .......         0.000         0.000
  RDII Inflow ..............         0.000         0.000
  External Inflow ..........         1.414        14.136
  External Outflow .........         1.020        10.201
  Flooding Loss ............         0.289         2.892
  Evaporation Loss .........         0.000         0.000
  Exfiltration Loss ........         0.000         0.000
  Initial Stored Volume ....         0.000         0.000
  Final Stored Volume ......         0.100         1.003
  Continuity Error (%) .....         0.285
  
  
  *************************
  Highest Continuity Errors
  *************************
  Node N616 (6.53%)
  Node MH4449882 (5.24%)
  Node N271 (4.97%)
  Node N811 (4.87%)
  Node MH4453185 (4.85%)
  
  
  ***************************
  Time-Step Critical Elements
  ***************************
  Link N668>MH4452902 (87.51%)
  Link N779>MH4428606 (11.47%)
  
  
  ********************************
  Highest Flow Instability Indexes
  ********************************
  Link N644>MH4429136 (2)
  
  
  *********************************
  Most Frequent Nonconverging Nodes
  *********************************
  Convergence obtained at all time steps.
  
  
  *************************
  Routing Time Step Summary
  *************************
  Minimum Time Step           :     0.50 sec
  Average Time Step           :     0.50 sec
  Maximum Time Step           :     0.50 sec
  % of Time in Steady State   :     0.00
  Average Iterations per Step :     2.01
  % of Steps Not Converging   :     0.00
  Time Step Frequencies       :
      0.500 -  0.500 sec      :   100.00 %
      0.500 -  0.500 sec      :     0.00 %
      0.500 -  0.500 sec      :     0.00 %
      0.500 -  0.500 sec      :     0.00 %
      0.500 -  0.500 sec      :     0.00 %
  
  
  ******************
  Node Depth Summary
  ******************
  
  ---------------------------------------------------------------------------------
                                 Average  Maximum  Maximum  Time of Max    Reported
                                   Depth    Depth      HGL   Occurrence   Max Depth
  Node                 Type       Meters   Meters   Meters  days hr:min      Meters
  ---------------------------------------------------------------------------------
  N0                   JUNCTION     0.60     0.66    32.65     0  16:00        0.66
  N1                   JUNCTION     0.55     0.60    32.41     0  16:00        0.60
  N3                   JUNCTION     0.63     0.73    35.36     0  16:00        0.73
  N4                   JUNCTION     0.01     0.01    51.76     0  00:29        0.01
  N8                   JUNCTION     0.01     0.01    40.98     0  00:20        0.01
  N9                   JUNCTION     0.01     0.01    40.57     0  00:47        0.01
  N10                  JUNCTION     0.01     0.01    49.80     0  01:41        0.01
  N13                  JUNCTION     2.10     2.37    44.42     0  16:00        2.37
  N15                  JUNCTION     0.01     0.01    35.63     0  00:32        0.01
  N18                  JUNCTION     0.02     0.02    50.09     0  00:25        0.02
  N20                  JUNCTION     0.07     0.07    36.11     0  16:00        0.07
  N22                  JUNCTION     0.01     0.01    43.36     0  03:44        0.01
  N25                  JUNCTION     3.02     3.32    42.96     0  16:00        3.32
  N26                  JUNCTION     0.39     0.46    36.58     0  16:00        0.46
  N28                  JUNCTION     0.02     0.02    39.56     0  01:28        0.02
  N30                  JUNCTION     0.01     0.01    44.43     0  00:16        0.01
  N31                  JUNCTION     0.01     0.01    42.84     0  00:21        0.01
  N32                  JUNCTION     0.01     0.01    43.24     0  00:11        0.01
  N33                  JUNCTION     0.01     0.01    42.51     0  00:18        0.01
  N34                  JUNCTION     0.03     0.03    46.49     0  00:54        0.03
  N35                  JUNCTION     0.03     0.03    46.27     0  00:57        0.03
  N38                  JUNCTION     0.06     0.06    49.00     0  00:08        0.06
  N43                  JUNCTION     3.68     3.98    43.98     0  16:00        3.98
  N45                  JUNCTION     0.10     0.10    33.06     0  02:32        0.10
  N46                  JUNCTION     0.16     0.20    33.65     0  16:00        0.20
  N47                  JUNCTION     0.68     0.76    33.17     0  16:00        0.76
  N49                  JUNCTION     0.02     0.02    47.73     0  00:35        0.02
  N50                  JUNCTION     0.02     0.02    46.81     0  00:35        0.02
  N51                  JUNCTION     0.06     0.06    48.24     0  00:12        0.06
  N53                  JUNCTION     0.41     0.48    36.09     0  16:00        0.48
  N59                  JUNCTION     0.03     0.03    40.83     0  02:46        0.03
  N61                  JUNCTION     0.03     0.03    46.84     0  00:57        0.03
  N62                  JUNCTION     0.03     0.03    46.39     0  01:04        0.03
  N63                  JUNCTION     1.49     1.63    38.55     0  16:00        1.63
  N64                  JUNCTION     1.57     1.71    37.98     0  16:00        1.71
  N66                  JUNCTION     0.02     0.02    49.81     0  00:47        0.02
  N67                  JUNCTION     0.01     0.01    36.87     0  00:01        0.01
  N69                  JUNCTION     0.65     0.73    33.01     0  16:00        0.73
  N71                  JUNCTION     0.05     0.05    38.28     0  01:26        0.05
  N72                  JUNCTION     0.05     0.05    36.68     0  02:42        0.05
  N73                  JUNCTION     0.02     0.02    53.85     0  00:00        0.02
  N77                  JUNCTION     0.01     0.01    52.95     0  00:02        0.01
  N79                  JUNCTION     0.02     0.02    42.47     0  00:51        0.02
  N81                  JUNCTION     0.01     0.01    49.05     0  00:09        0.01
  N82                  JUNCTION     0.01     0.01    48.85     0  00:33        0.01
  N83                  JUNCTION     0.02     0.02    50.68     0  00:43        0.02
  N85                  JUNCTION     0.02     0.02    51.82     0  00:37        0.02
  N87                  JUNCTION     0.01     0.01    53.14     0  00:01        0.01
  N89                  JUNCTION     0.03     0.03    33.05     0  01:03        0.03
  N97                  JUNCTION     2.66     2.87    41.04     0  16:00        2.87
  N98                  JUNCTION     0.04     0.04    40.86     0  02:30        0.04
  N100                 JUNCTION     0.04     0.04    43.43     0  03:20        0.04
  N101                 JUNCTION     0.04     0.04    41.02     0  02:59        0.04
  N106                 JUNCTION     0.92     1.04    34.81     0  16:00        1.04
  N108                 JUNCTION     0.01     0.01    43.50     0  00:23        0.01
  N109                 JUNCTION     0.02     0.02    35.92     0  00:03        0.02
  N112                 JUNCTION     0.02     0.02    42.02     0  00:51        0.02
  N113                 JUNCTION     0.02     0.02    50.51     0  01:16        0.02
  N116                 JUNCTION     0.32     0.36    32.87     0  16:00        0.36
  N119                 JUNCTION     0.03     0.03    33.68     0  00:50        0.03
  N122                 JUNCTION     0.06     0.06    44.67     0  02:51        0.06
  N124                 JUNCTION     1.22     1.42    43.19     0  16:00        1.42
  N125                 JUNCTION     0.03     0.03    50.28     0  01:29        0.03
  N128                 JUNCTION     0.02     0.02    32.94     0  00:40        0.02
  N131                 JUNCTION     0.03     0.03    43.49     0  00:48        0.03
  N133                 JUNCTION     0.01     0.01    45.39     0  00:36        0.01
  N134                 JUNCTION     0.02     0.02    45.24     0  00:36        0.02
  N137                 JUNCTION     0.02     0.02    48.93     0  01:13        0.02
  N139                 JUNCTION     1.85     2.05    40.45     0  16:00        2.05
  N142                 JUNCTION     1.75     1.94    40.46     0  16:00        1.94
  N143                 JUNCTION     1.13     1.15    52.28     0  00:51        1.15
  N145                 JUNCTION     0.02     0.02    34.54     0  00:41        0.02
  N147                 JUNCTION     0.03     0.03    33.93     0  00:49        0.03
  N148                 JUNCTION     0.01     0.01    43.42     0  00:28        0.01
  N149                 JUNCTION     0.05     0.05    37.47     0  03:40        0.05
  N150                 JUNCTION     0.05     0.05    36.01     0  03:36        0.05
  N151                 JUNCTION     0.02     0.02    35.59     0  01:00        0.02
  N153                 JUNCTION     0.01     0.01    33.24     0  00:02        0.01
  N154                 JUNCTION     0.02     0.02    32.76     0  00:42        0.02
  N155                 JUNCTION     0.02     0.02    37.49     0  00:42        0.02
  N157                 JUNCTION     0.02     0.02    32.64     0  00:43        0.02
  N158                 JUNCTION     0.48     0.52    32.05     0  16:00        0.52
  N159                 JUNCTION     0.02     0.02    51.19     0  00:32        0.02
  N162                 JUNCTION     0.04     0.04    33.18     0  00:58        0.04
  N163                 JUNCTION     0.53     0.62    33.65     0  16:00        0.62
  N166                 JUNCTION     0.04     0.04    46.15     0  15:18        0.04
  N168                 JUNCTION     0.02     0.02    44.38     0  01:42        0.02
  N170                 JUNCTION     1.09     1.23    36.58     0  16:00        1.23
  N171                 JUNCTION     1.27     1.42    36.58     0  16:00        1.42
  N172                 JUNCTION     1.18     1.30    38.04     0  01:49        1.30
  N176                 JUNCTION     0.28     0.29    30.75     0  06:32        0.29
  N178                 JUNCTION     0.05     0.05    35.15     0  01:06        0.05
  N180                 JUNCTION     0.93     1.07    40.48     0  16:00        1.07
  N181                 JUNCTION     1.30     1.48    40.44     0  16:00        1.48
  N183                 JUNCTION     0.00     0.00    34.62     0  00:00        0.00
  N184                 JUNCTION     0.03     0.03    41.84     0  01:32        0.03
  N186                 JUNCTION     0.03     0.03    37.49     0  00:56        0.03
  N187                 JUNCTION     0.01     0.01    41.82     0  00:36        0.01
  N188                 JUNCTION     1.37     1.59    43.01     0  16:00        1.59
  N191                 JUNCTION     0.06     0.06    33.82     0  06:27        0.06
  N192                 JUNCTION     1.25     1.39    36.57     0  16:00        1.39
  N194                 JUNCTION     0.01     0.01    37.00     0  00:01        0.01
  N197                 JUNCTION     2.92     3.14    40.83     0  16:00        3.14
  N198                 JUNCTION     1.29     1.47    41.78     0  16:00        1.47
  N202                 JUNCTION     0.03     0.03    40.40     0  01:08        0.03
  N205                 JUNCTION     0.01     0.01    39.44     0  00:25        0.01
  N206                 JUNCTION     0.81     0.91    34.07     0  16:00        0.91
  N208                 JUNCTION     1.26     1.38    39.86     0  16:00        1.38
  N209                 JUNCTION     1.37     1.50    39.21     0  16:00        1.50
  N210                 JUNCTION     0.46     0.50    31.96     0  16:00        0.50
  N211                 JUNCTION     0.39     0.41    31.69     0  06:31        0.41
  N212                 JUNCTION     0.01     0.01    56.46     0  00:01        0.01
  N216                 JUNCTION     0.03     0.03    44.16     0  01:02        0.03
  N220                 JUNCTION     0.09     0.09    41.90     0  03:07        0.09
  N221                 JUNCTION     0.01     0.01    45.71     0  00:15        0.01
  N222                 JUNCTION     0.01     0.01    44.76     0  00:23        0.01
  N224                 JUNCTION     0.02     0.02    46.66     0  02:09        0.02
  N225                 JUNCTION     0.08     0.08    47.54     0  04:04        0.08
  N228                 JUNCTION     0.01     0.01    33.98     0  00:18        0.01
  N229                 JUNCTION     0.02     0.02    33.64     0  00:26        0.02
  N230                 JUNCTION     0.02     0.02    46.72     0  01:28        0.02
  N231                 JUNCTION     0.02     0.02    45.89     0  01:28        0.02
  N232                 JUNCTION     0.02     0.02    49.80     0  01:41        0.02
  N234                 JUNCTION     0.02     0.02    44.17     0  01:06        0.02
  N238                 JUNCTION     0.01     0.01    35.74     0  00:00        0.01
  N239                 JUNCTION     0.01     0.01    35.69     0  01:11        0.01
  N240                 JUNCTION     0.04     0.04    47.53     0  00:32        0.04
  N244                 JUNCTION     0.02     0.02    48.18     0  01:52        0.02
  N246                 JUNCTION     0.04     0.04    32.38     0  02:51        0.04
  N247                 JUNCTION     0.08     0.10    32.23     0  16:00        0.10
  N248                 JUNCTION     0.02     0.02    47.28     0  00:55        0.02
  N250                 JUNCTION     0.81     0.91    34.10     0  16:00        0.91
  N251                 JUNCTION     0.02     0.02    51.62     0  02:40        0.02
  N255                 JUNCTION     0.02     0.02    53.19     0  01:14        0.02
  N258                 JUNCTION     1.90     2.15    42.95     0  16:00        2.15
  N260                 JUNCTION     0.02     0.02    34.06     0  00:50        0.02
  N261                 JUNCTION     0.02     0.02    53.16     0  01:03        0.02
  N263                 JUNCTION     0.01     0.01    40.21     0  00:00        0.01
  N265                 JUNCTION     1.90     2.08    41.04     0  16:00        2.08
  N267                 JUNCTION     0.02     0.02    50.38     0  01:01        0.02
  N268                 JUNCTION     0.04     0.04    43.78     0  01:45        0.04
  N269                 JUNCTION     0.05     0.05    41.90     0  00:53        0.05
  N270                 JUNCTION     0.51     0.60    35.33     0  16:00        0.60
  N271                 JUNCTION     1.05     1.18    35.33     0  16:00        1.18
  N272                 JUNCTION     0.01     0.01    40.76     0  00:01        0.01
  N274                 JUNCTION     0.01     0.01    56.75     0  00:27        0.01
  N275                 JUNCTION     0.01     0.01    55.99     0  00:27        0.01
  N276                 JUNCTION     0.14     0.16    32.90     0  16:00        0.16
  N277                 JUNCTION     0.01     0.01    43.52     0  00:10        0.01
  N278                 JUNCTION     0.01     0.01    40.92     0  00:26        0.01
  N279                 JUNCTION     0.03     0.03    49.90     0  00:46        0.03
  N280                 JUNCTION     0.02     0.02    51.31     0  01:15        0.02
  N281                 JUNCTION     0.02     0.02    50.06     0  01:19        0.02
  N285                 JUNCTION     0.01     0.01    46.12     0  00:01        0.01
  N287                 JUNCTION     0.01     0.01    35.06     0  00:01        0.01
  N293                 JUNCTION     0.01     0.01    43.10     0  00:14        0.01
  N294                 JUNCTION     0.01     0.01    42.44     0  00:57        0.01
  N295                 JUNCTION     1.55     1.73    40.45     0  16:00        1.73
  N296                 JUNCTION     0.03     0.03    46.85     0  01:25        0.03
  N297                 JUNCTION     0.03     0.03    44.97     0  01:25        0.03
  N298                 JUNCTION     0.01     0.01    47.66     0  00:33        0.01
  N299                 JUNCTION     0.01     0.01    47.24     0  00:08        0.01
  N300                 JUNCTION     0.84     0.96    35.35     0  16:00        0.96
  N302                 JUNCTION     0.03     0.03    46.98     0  01:28        0.03
  N303                 JUNCTION     0.01     0.01    42.64     0  00:42        0.01
  N307                 JUNCTION     0.15     0.18    33.78     0  16:00        0.18
  N311                 JUNCTION     0.01     0.01    51.68     0  00:18        0.01
  N314                 JUNCTION     0.30     0.36    34.10     0  16:00        0.36
  N317                 JUNCTION     0.01     0.01    51.34     0  00:18        0.01
  N318                 JUNCTION     0.02     0.02    51.11     0  00:42        0.02
  N319                 JUNCTION     2.76     3.01    40.84     0  16:00        3.01
  N321                 JUNCTION     0.05     0.05    34.68     0  01:05        0.05
  N322                 JUNCTION     0.30     0.36    34.50     0  16:00        0.36
  N324                 JUNCTION     0.04     0.04    41.74     0  01:17        0.04
  N325                 JUNCTION     1.45     1.60    41.08     0  04:14        1.60
  N327                 JUNCTION     2.36     2.64    43.30     0  16:00        2.64
  N328                 JUNCTION     3.26     3.54    41.98     0  16:00        3.54
  N331                 JUNCTION     0.01     0.01    35.20     0  00:16        0.01
  N332                 JUNCTION     0.02     0.02    34.91     0  02:38        0.02
  N334                 JUNCTION     1.66     1.82    37.19     0  16:00        1.82
  N336                 JUNCTION     0.02     0.02    51.67     0  00:39        0.02
  N337                 JUNCTION     0.02     0.02    36.32     0  00:48        0.02
  N339                 JUNCTION     0.27     0.32    35.38     0  16:00        0.32
  N340                 JUNCTION     0.02     0.02    43.57     0  00:53        0.02
  N341                 JUNCTION     0.03     0.03    41.91     0  00:54        0.03
  N343                 JUNCTION     0.02     0.02    43.10     0  00:53        0.02
  N345                 JUNCTION     1.27     1.43    40.93     0  16:00        1.43
  N346                 JUNCTION     1.44     1.61    40.93     0  16:00        1.61
  N347                 JUNCTION     0.02     0.02    51.65     0  00:45        0.02
  N353                 JUNCTION     0.01     0.01    46.72     0  00:48        0.01
  N354                 JUNCTION     0.01     0.01    45.15     0  00:48        0.01
  N356                 JUNCTION     2.59     2.84    39.74     0  16:00        2.84
  N357                 JUNCTION     1.66     1.81    38.84     0  16:00        1.81
  N361                 JUNCTION     2.28     2.51    40.93     0  16:00        2.51
  N362                 JUNCTION     0.01     0.01    36.63     0  00:01        0.01
  N363                 JUNCTION     0.01     0.01    36.29     0  00:03        0.01
  N364                 JUNCTION     0.02     0.02    49.50     0  00:34        0.02
  N365                 JUNCTION     0.03     0.03    51.73     0  01:22        0.03
  N366                 JUNCTION     2.19     2.35    37.62     0  16:00        2.35
  N367                 JUNCTION     2.05     2.22    37.44     0  16:00        2.22
  N372                 JUNCTION     0.02     0.02    34.70     0  00:51        0.02
  N375                 JUNCTION     0.02     0.02    47.86     0  01:28        0.02
  N379                 JUNCTION     1.17     1.30    41.04     0  16:00        1.30
  N382                 JUNCTION     0.03     0.03    35.55     0  01:43        0.03
  N383                 JUNCTION     0.01     0.01    35.95     0  00:01        0.01
  N387                 JUNCTION     0.09     0.12    36.08     0  16:00        0.12
  N389                 JUNCTION     0.03     0.03    34.46     0  01:03        0.03
  N391                 JUNCTION     0.04     0.04    45.99     0  02:24        0.04
  N394                 JUNCTION     2.20     2.42    41.13     0  16:00        2.42
  N397                 JUNCTION     0.92     1.09    43.05     0  16:00        1.09
  N401                 JUNCTION     0.25     0.29    32.88     0  16:00        0.29
  N403                 JUNCTION     0.04     0.05    50.95     0  00:00        0.05
  N405                 JUNCTION     0.04     0.04    39.96     0  10:51        0.04
  N406                 JUNCTION     0.02     0.02    40.67     0  00:42        0.02
  N408                 JUNCTION     1.12     1.26    36.04     0  16:00        1.26
  N411                 JUNCTION     0.04     0.04    32.76     0  01:19        0.04
  N412                 JUNCTION     0.01     0.01    42.33     0  00:01        0.01
  N414                 JUNCTION     0.80     0.89    33.94     0  16:00        0.89
  N416                 JUNCTION     0.01     0.01    41.15     0  02:06        0.01
  N418                 JUNCTION     0.04     0.04    38.15     0  02:09        0.04
  N419                 JUNCTION     2.83     3.03    38.84     0  16:00        3.03
  N422                 JUNCTION     3.08     3.31    39.45     0  16:00        3.31
  N426                 JUNCTION     0.04     0.04    45.19     0  14:51        0.04
  N427                 JUNCTION     0.09     0.09    44.92     0  03:18        0.09
  N431                 JUNCTION     1.18     1.32    36.60     0  16:00        1.32
  N432                 JUNCTION     1.34     1.49    36.59     0  16:00        1.49
  N434                 JUNCTION     0.03     0.04    42.81     0  02:19        0.04
  N439                 JUNCTION     2.53     2.78    40.07     0  16:00        2.78
  N440                 JUNCTION     2.73     2.99    39.95     0  16:00        2.99
  N445                 JUNCTION     0.00     0.00    36.30     0  00:02        0.00
  N446                 JUNCTION     0.02     0.02    36.29     0  00:03        0.02
  N447                 JUNCTION     4.12     4.23    59.48     0  06:05        4.23
  N450                 JUNCTION     0.01     0.01    49.62     0  00:23        0.01
  N453                 JUNCTION     0.05     0.05    35.75     0  02:11        0.05
  N455                 JUNCTION     0.01     0.01    38.40     0  00:16        0.01
  N456                 JUNCTION     0.01     0.01    36.37     0  00:25        0.01
  N457                 JUNCTION     0.01     0.01    35.18     0  00:00        0.01
  N458                 JUNCTION     0.05     0.05    35.26     0  02:11        0.05
  N460                 JUNCTION     1.36     1.50    41.04     0  02:25        1.50
  N461                 JUNCTION     0.01     0.01    42.64     0  00:13        0.01
  N464                 JUNCTION     0.03     0.03    40.48     0  01:21        0.03
  N465                 JUNCTION     1.14     1.28    40.46     0  16:00        1.28
  N466                 JUNCTION     1.28     1.44    40.93     0  16:00        1.44
  N467                 JUNCTION     0.00     0.00    57.63     0  00:02        0.00
  N468                 JUNCTION     0.01     0.01    55.81     0  00:25        0.01
  N470                 JUNCTION     0.03     0.03    47.20     0  01:06        0.03
  N471                 JUNCTION     0.04     0.04    46.62     0  01:21        0.04
  N472                 JUNCTION     0.05     0.05    46.21     0  01:24        0.05
  N473                 JUNCTION     0.02     0.02    35.04     0  00:35        0.02
  N474                 JUNCTION     0.04     0.05    50.78     0  00:00        0.05
  N477                 JUNCTION     0.04     0.04    41.47     0  01:32        0.04
  N482                 JUNCTION     0.04     0.04    39.47     0  01:08        0.04
  N483                 JUNCTION     0.48     0.57    41.79     0  16:00        0.57
  N486                 JUNCTION     0.02     0.02    37.49     0  00:34        0.02
  N487                 JUNCTION     0.05     0.05    36.84     0  15:52        0.05
  N488                 JUNCTION     0.04     0.04    51.66     0  00:00        0.04
  N489                 JUNCTION     0.04     0.04    51.55     0  00:16        0.04
  N490                 JUNCTION     3.34     3.43    57.65     0  06:03        3.43
  N491                 JUNCTION     0.01     0.01    53.97     0  00:07        0.01
  N492                 JUNCTION     0.01     0.01    52.82     0  00:20        0.01
  N498                 JUNCTION     0.01     0.01    50.73     0  00:01        0.01
  N499                 JUNCTION     0.83     0.94    34.36     0  16:00        0.94
  N501                 JUNCTION     0.01     0.01    39.48     0  00:34        0.01
  N505                 JUNCTION     0.31     0.37    39.99     0  16:00        0.37
  N507                 JUNCTION     0.04     0.04    45.49     0  01:16        0.04
  N510                 JUNCTION     0.02     0.02    49.96     0  01:21        0.02
  N511                 JUNCTION     0.02     0.02    51.17     0  00:46        0.02
  N515                 JUNCTION     0.02     0.02    58.32     0  00:37        0.02
  N517                 JUNCTION     0.02     0.02    43.12     0  01:10        0.02
  N522                 JUNCTION     0.03     0.03    49.76     0  01:19        0.03
  N530                 JUNCTION     2.95     3.19    40.36     0  16:00        3.19
  N532                 JUNCTION     0.01     0.01    35.08     0  00:27        0.01
  N533                 JUNCTION     0.02     0.02    34.64     0  00:38        0.02
  N534                 JUNCTION     0.04     0.04    32.28     0  01:58        0.04
  N536                 JUNCTION     2.66     2.93    39.94     0  16:00        2.93
  N542                 JUNCTION     0.01     0.01    45.29     0  01:22        0.01
  N544                 JUNCTION     0.02     0.02    39.39     0  01:15        0.02
  N549                 JUNCTION     0.03     0.03    34.05     0  01:23        0.03
  N550                 JUNCTION     1.51     1.67    36.41     0  16:00        1.67
  N552                 JUNCTION     1.72     1.95    42.35     0  16:00        1.95
  N553                 JUNCTION     0.10     0.11    48.25     0  01:33        0.11
  N554                 JUNCTION     0.10     0.10    45.53     0  01:32        0.10
  N557                 JUNCTION     0.84     0.96    36.57     0  16:00        0.96
  N559                 JUNCTION     0.01     0.01    35.28     0  00:26        0.01
  N560                 JUNCTION     0.02     0.02    34.78     0  00:37        0.02
  N561                 JUNCTION     0.04     0.04    33.01     0  01:19        0.04
  N562                 JUNCTION     0.03     0.03    42.90     0  00:42        0.03
  N563                 JUNCTION     0.03     0.03    41.46     0  00:48        0.03
  N564                 JUNCTION     0.01     0.01    49.77     0  00:12        0.01
  N566                 JUNCTION     0.02     0.02    45.78     0  01:23        0.02
  N567                 JUNCTION     0.02     0.02    48.64     0  00:59        0.02
  N569                 JUNCTION     0.04     0.04    44.95     0  01:19        0.04
  N573                 JUNCTION     0.02     0.02    40.73     0  00:39        0.02
  N574                 JUNCTION     0.04     0.04    36.63     0  02:58        0.04
  N576                 JUNCTION     0.07     0.08    49.63     0  00:03        0.08
  N577                 JUNCTION     1.27     1.41    37.38     0  16:00        1.41
  N578                 JUNCTION     3.56     3.86    43.13     0  16:00        3.86
  N581                 JUNCTION     0.01     0.01    41.49     0  00:32        0.01
  N582                 JUNCTION     1.88     2.07    40.72     0  16:00        2.07
  N585                 JUNCTION     0.02     0.02    50.24     0  03:09        0.02
  N587                 JUNCTION     0.04     0.04    46.42     0  01:28        0.04
  N589                 JUNCTION     0.03     0.03    44.08     0  01:31        0.03
  N592                 JUNCTION     0.04     0.04    45.64     0  01:05        0.04
  N593                 JUNCTION     0.03     0.03    53.60     0  00:35        0.03
  N595                 JUNCTION     0.06     0.06    33.49     0  02:56        0.06
  N596                 JUNCTION     0.04     0.04    44.27     0  00:53        0.04
  N597                 JUNCTION     0.04     0.04    32.61     0  02:49        0.04
  N599                 JUNCTION     3.40     3.70    42.46     0  16:00        3.70
  N600                 JUNCTION     0.05     0.05    38.91     0  12:04        0.05
  N605                 JUNCTION     1.95     2.19    40.01     0  16:00        2.19
  N607                 JUNCTION     0.01     0.01    46.23     0  00:11        0.01
  N609                 JUNCTION     0.10     0.12    34.57     0  16:00        0.12
  N610                 JUNCTION     0.39     0.46    34.53     0  16:00        0.46
  N611                 JUNCTION     0.06     0.07    35.37     0  16:00        0.07
  N612                 JUNCTION     0.01     0.01    33.12     0  00:47        0.01
  N614                 JUNCTION     0.01     0.01    33.92     0  00:35        0.01
  N615                 JUNCTION     0.02     0.02    50.89     0  06:47        0.02
  N616                 JUNCTION     1.09     1.23    36.57     0  16:00        1.23
  N618                 JUNCTION     0.77     0.88    36.07     0  16:00        0.88
  N619                 JUNCTION     0.04     0.04    45.38     0  02:39        0.04
  N620                 JUNCTION     0.02     0.02    33.77     0  00:59        0.02
  N621                 JUNCTION     0.01     0.01    33.90     0  00:01        0.01
  N623                 JUNCTION     0.01     0.01    33.45     0  00:01        0.01
  N625                 JUNCTION     0.08     0.08    50.64     0  01:30        0.08
  N626                 JUNCTION     0.09     0.09    49.85     0  03:10        0.09
  N630                 JUNCTION     0.02     0.02    34.86     0  00:40        0.02
  N631                 JUNCTION     0.02     0.02    34.75     0  00:44        0.02
  N632                 JUNCTION     0.02     0.02    49.37     0  00:27        0.02
  N633                 JUNCTION     0.01     0.01    50.96     0  00:20        0.01
  N634                 JUNCTION     0.03     0.04    51.73     0  00:00        0.03
  N640                 JUNCTION     0.01     0.01    41.80     0  00:36        0.01
  N642                 JUNCTION     0.75     0.86    36.23     0  16:00        0.86
  N644                 JUNCTION     3.40     3.69    44.41     0  16:00        3.69
  N645                 JUNCTION     0.11     0.13    35.38     0  16:00        0.13
  N646                 JUNCTION     1.55     1.69    38.83     0  02:08        1.69
  N647                 JUNCTION     0.02     0.02    55.81     0  00:39        0.02
  N649                 JUNCTION     3.11     3.34    39.60     0  16:00        3.34
  N650                 JUNCTION     0.02     0.02    42.40     0  01:41        0.02
  N652                 JUNCTION     0.04     0.04    49.18     0  01:07        0.04
  N655                 JUNCTION     0.01     0.01    43.33     0  03:17        0.01
  N656                 JUNCTION     0.53     0.65    42.99     0  16:00        0.65
  N658                 JUNCTION     0.03     0.03    52.65     0  01:20        0.03
  N659                 JUNCTION     0.01     0.01    44.09     0  00:14        0.01
  N660                 JUNCTION     0.01     0.01    42.43     0  02:20        0.01
  N662                 JUNCTION     0.02     0.02    48.92     0  00:04        0.02
  N664                 JUNCTION     0.01     0.01    47.46     0  00:16        0.01
  N665                 JUNCTION     0.02     0.02    47.17     0  00:39        0.02
  N666                 JUNCTION     0.04     0.04    48.01     0  11:19        0.04
  N668                 JUNCTION     0.03     0.04    50.11     0  00:00        0.03
  N670                 JUNCTION     1.82     1.96    38.02     0  01:48        1.96
  N672                 JUNCTION     0.02     0.02    35.91     0  00:38        0.02
  N673                 JUNCTION     0.02     0.02    45.46     0  01:00        0.02
  N674                 JUNCTION     0.02     0.02    44.80     0  01:00        0.02
  N675                 JUNCTION     3.02     3.32    42.79     0  16:00        3.32
  N676                 JUNCTION     1.58     1.78    41.79     0  16:00        1.78
  N677                 JUNCTION     0.01     0.01    52.06     0  00:03        0.01
  N683                 JUNCTION     0.01     0.01    51.79     0  01:15        0.01
  N685                 JUNCTION     0.01     0.01    49.99     0  00:04        0.01
  N686                 JUNCTION     0.01     0.01    49.64     0  00:05        0.01
  N687                 JUNCTION     0.01     0.01    43.67     0  00:09        0.01
  N688                 JUNCTION     0.44     0.54    43.54     0  16:00        0.54
  N690                 JUNCTION     0.05     0.05    35.13     0  10:36        0.05
  N691                 JUNCTION     1.41     1.61    40.02     0  16:00        1.61
  N692                 JUNCTION     0.04     0.04    47.51     0  01:17        0.04
  N693                 JUNCTION     2.68     2.97    42.84     0  16:00        2.97
  N694                 JUNCTION     0.02     0.02    36.36     0  00:45        0.02
  N695                 JUNCTION     0.01     0.01    47.88     0  00:23        0.01
  N698                 JUNCTION     0.04     0.04    51.79     0  00:49        0.04
  N699                 JUNCTION     0.07     0.07    51.44     0  01:02        0.07
  N700                 JUNCTION     2.40     2.46    54.91     0  01:14        2.46
  N702                 JUNCTION     0.20     0.22    40.50     0  16:00        0.22
  N704                 JUNCTION     0.05     0.05    36.75     0  02:56        0.05
  N705                 JUNCTION     0.05     0.05    36.14     0  13:41        0.05
  N706                 JUNCTION     0.02     0.02    46.10     0  00:40        0.02
  N711                 JUNCTION     2.31     2.50    41.04     0  16:00        2.50
  N713                 JUNCTION     0.02     0.02    35.14     0  00:51        0.02
  N714                 JUNCTION     0.02     0.02    41.41     0  00:14        0.02
  N715                 JUNCTION     0.80     0.91    36.57     0  16:00        0.91
  N716                 JUNCTION     0.01     0.01    47.09     0  00:29        0.01
  N717                 JUNCTION     0.24     0.29    36.10     0  16:00        0.29
  N719                 JUNCTION     0.03     0.03    33.45     0  00:57        0.03
  N720                 JUNCTION     0.01     0.01    50.27     0  00:24        0.01
  N722                 JUNCTION     0.02     0.02    46.68     0  00:32        0.02
  N723                 JUNCTION     0.03     0.03    51.92     0  00:00        0.03
  N725                 JUNCTION     0.03     0.03    46.54     0  02:23        0.03
  N726                 JUNCTION     2.48     2.58    60.24     0  06:07        2.58
  N727                 JUNCTION     2.99     3.10    60.24     0  06:07        3.10
  N728                 JUNCTION     0.01     0.01    36.64     0  00:32        0.01
  N729                 JUNCTION     0.01     0.01    50.11     0  00:11        0.01
  N734                 JUNCTION     0.01     0.01    38.38     0  00:41        0.01
  N735                 JUNCTION     0.02     0.02    37.49     0  00:44        0.02
  N736                 JUNCTION     2.40     2.63    40.45     0  16:00        2.63
  N737                 JUNCTION     1.88     2.11    40.32     0  16:00        2.11
  N738                 JUNCTION     2.07     2.31    40.26     0  16:00        2.31
  N741                 JUNCTION     1.30     1.37    60.24     0  06:06        1.37
  N745                 JUNCTION     0.07     0.07    47.96     0  01:34        0.07
  N748                 JUNCTION     0.07     0.09    35.36     0  16:00        0.09
  N749                 JUNCTION     1.18     1.31    35.55     0  16:00        1.31
  N750                 JUNCTION     2.53     2.60    55.67     0  01:14        2.60
  N751                 JUNCTION     0.01     0.01    52.37     0  00:23        0.01
  N753                 JUNCTION     0.06     0.06    36.80     0  01:19        0.06
  N754                 JUNCTION     0.02     0.02    46.71     0  00:53        0.02
  N755                 JUNCTION     1.17     1.31    36.57     0  16:00        1.31
  N756                 JUNCTION     0.05     0.05    32.01     0  00:59        0.05
  N758                 JUNCTION     0.09     0.09    43.76     0  03:19        0.09
  N762                 JUNCTION     0.01     0.01    54.29     0  00:40        0.01
  N763                 JUNCTION     1.62     1.75    38.04     0  01:49        1.75
  N764                 JUNCTION     0.02     0.02    54.24     0  00:34        0.02
  N766                 JUNCTION     1.04     1.18    36.23     0  16:00        1.18
  N768                 JUNCTION     0.02     0.02    40.35     0  01:13        0.02
  N771                 JUNCTION     0.02     0.02    42.12     0  02:49        0.02
  N772                 JUNCTION     0.01     0.01    36.84     0  00:04        0.01
  N777                 JUNCTION     0.01     0.01    38.62     0  00:01        0.01
  N778                 JUNCTION     0.01     0.01    38.07     0  00:18        0.01
  N779                 JUNCTION     0.00     0.00    44.72     0  00:00        0.00
  N780                 JUNCTION     0.01     0.01    38.63     0  00:27        0.01
  N781                 JUNCTION     1.38     1.58    42.32     0  16:00        1.58
  N783                 JUNCTION     0.02     0.02    37.54     0  00:41        0.02
  N787                 JUNCTION     0.53     0.59    41.62     0  16:00        0.59
  N788                 JUNCTION     1.12     1.29    40.02     0  16:00        1.29
  N789                 JUNCTION     1.35     1.48    38.02     0  01:48        1.48
  N791                 JUNCTION     0.02     0.02    38.61     0  00:34        0.02
  N792                 JUNCTION     0.03     0.03    50.70     0  00:02        0.03
  N794                 JUNCTION     1.31     1.46    35.80     0  16:00        1.46
  N795                 JUNCTION     0.01     0.01    54.11     0  00:02        0.01
  N796                 JUNCTION     0.01     0.01    46.56     0  00:36        0.01
  N798                 JUNCTION     1.73     1.88    36.88     0  16:00        1.88
  N799                 JUNCTION     0.16     0.18    41.16     0  03:30        0.18
  N801                 JUNCTION     0.01     0.01    33.85     0  00:03        0.01
  N804                 JUNCTION     0.73     0.81    33.47     0  16:00        0.81
  N806                 JUNCTION     0.03     0.03    33.11     0  01:43        0.03
  N807                 JUNCTION     0.02     0.02    37.30     0  00:28        0.02
  N808                 JUNCTION     0.01     0.01    35.12     0  00:15        0.01
  N809                 JUNCTION     0.01     0.01    34.82     0  00:29        0.01
  N811                 JUNCTION     1.05     1.20    39.74     0  16:00        1.20
  N814                 JUNCTION     0.02     0.02    41.65     0  00:30        0.02
  N815                 JUNCTION     0.04     0.04    46.04     0  01:20        0.04
  N816                 JUNCTION     0.01     0.01    46.54     0  00:43        0.01
  N817                 JUNCTION     0.01     0.01    46.67     0  00:21        0.01
  N819                 JUNCTION     2.80     3.05    40.72     0  16:00        3.05
  N822                 JUNCTION     0.03     0.03    49.09     0  00:03        0.03
  N823                 JUNCTION     0.03     0.03    45.02     0  00:12        0.03
  N827                 JUNCTION     0.02     0.02    36.06     0  00:49        0.02
  N828                 JUNCTION     0.96     1.08    36.05     0  16:00        1.08
  N829                 JUNCTION     1.77     2.00    42.34     0  16:00        2.00
  N830                 JUNCTION     0.01     0.01    48.08     0  00:24        0.01
  N832                 JUNCTION     0.02     0.02    50.34     0  00:00        0.02
  N833                 JUNCTION     0.02     0.02    41.22     0  02:25        0.02
  N834                 JUNCTION     1.06     1.19    37.03     0  16:00        1.19
  N836                 JUNCTION     0.02     0.02    37.26     0  00:55        0.02
  N837                 JUNCTION     1.06     1.20    36.57     0  16:00        1.20
  N838                 JUNCTION     0.01     0.01    37.18     0  00:01        0.01
  N839                 JUNCTION     0.02     0.02    34.66     0  00:27        0.02
  N840                 JUNCTION     0.02     0.02    34.65     0  00:28        0.02
  N842                 JUNCTION     0.02     0.02    42.99     0  00:33        0.02
  N845                 JUNCTION     0.02     0.02    48.35     0  00:03        0.02
  N847                 JUNCTION     0.02     0.02    39.99     0  01:15        0.02
  N849                 JUNCTION     0.97     1.06    40.30     0  01:27        1.06
  N851                 JUNCTION     1.77     1.91    38.03     0  01:49        1.91
  N853                 JUNCTION     0.81     0.94    41.79     0  16:00        0.94
  N854                 JUNCTION     0.01     0.01    34.24     0  00:09        0.01
  N855                 JUNCTION     0.01     0.01    35.26     0  00:02        0.01
  N857                 JUNCTION     0.02     0.02    51.40     0  07:25        0.02
  N858                 JUNCTION     4.37     4.48    60.30     0  06:06        4.48
  N862                 JUNCTION     0.01     0.01    41.63     0  00:13        0.01
  N863                 JUNCTION     0.01     0.01    41.51     0  02:04        0.01
  N865                 JUNCTION     0.06     0.06    37.80     0  01:01        0.06
  N869                 JUNCTION     0.06     0.06    38.64     0  00:58        0.06
  N870                 JUNCTION     0.73     0.87    43.68     0  16:00        0.87
  N871                 JUNCTION     0.08     0.08    32.94     0  01:05        0.08
  N873                 JUNCTION     0.01     0.01    37.99     0  00:22        0.01
  N874                 JUNCTION     0.02     0.02    37.64     0  00:38        0.02
  N875                 JUNCTION     0.02     0.02    36.06     0  00:45        0.02
  N877                 JUNCTION     2.10     2.25    38.03     0  01:49        2.25
  N878                 JUNCTION     0.03     0.03    53.00     0  00:42        0.03
  N886                 JUNCTION     0.02     0.02    46.40     0  00:50        0.02
  N887                 JUNCTION     0.06     0.06    33.93     0  02:23        0.06
  N888                 JUNCTION     0.41     0.46    32.85     0  16:00        0.46
  N890                 JUNCTION     0.03     0.03    48.30     0  01:30        0.03
  N892                 JUNCTION     0.01     0.01    51.48     0  00:00        0.01
  N893                 JUNCTION     0.75     0.84    33.61     0  16:00        0.84
  N894                 JUNCTION     1.15     1.28    37.19     0  16:00        1.28
  N895                 JUNCTION     0.76     0.84    38.84     0  16:00        0.84
  N899                 JUNCTION     0.04     0.04    48.77     0  02:55        0.04
  N903                 JUNCTION     0.01     0.01    33.85     0  00:31        0.01
  N906                 JUNCTION     2.87     3.12    40.54     0  16:00        3.12
  N908                 JUNCTION     0.01     0.01    36.69     0  00:02        0.01
  N909                 JUNCTION     0.92     1.05    40.46     0  16:00        1.05
  N912                 JUNCTION     0.02     0.02    49.11     0  00:42        0.02
  N913                 JUNCTION     0.02     0.02    48.37     0  00:37        0.02
  N914                 JUNCTION     0.70     0.79    41.14     0  04:21        0.79
  N915                 JUNCTION     2.27     2.55    43.54     0  16:00        2.55
  N916                 JUNCTION     0.01     0.01    42.99     0  00:15        0.01
  N919                 JUNCTION     0.08     0.08    33.19     0  00:59        0.08
  N921                 JUNCTION     1.22     1.36    36.23     0  16:00        1.36
  N922                 JUNCTION     1.49     1.64    36.26     0  16:00        1.64
  N923                 JUNCTION     0.65     0.75    34.10     0  16:00        0.75
  N924                 JUNCTION     0.58     0.71    43.07     0  16:00        0.71
  N925                 JUNCTION     0.02     0.02    48.56     0  01:20        0.02
  N926                 JUNCTION     0.02     0.02    36.44     0  00:42        0.02
  N929                 JUNCTION     0.06     0.06    49.32     0  00:07        0.06
  N930                 JUNCTION     2.76     3.01    41.77     0  16:00        3.01
  N931                 JUNCTION     1.15     1.33    42.34     0  16:00        1.33
  N938                 JUNCTION     0.04     0.04    44.40     0  00:37        0.04
  N939                 JUNCTION     0.01     0.01    34.92     0  00:00        0.01
  N940                 JUNCTION     0.71     0.83    40.18     0  16:00        0.83
  N941                 JUNCTION     0.09     0.09    33.02     0  03:10        0.09
  N942                 JUNCTION     1.00     1.12    35.10     0  16:00        1.12
  N944                 JUNCTION     0.03     0.03    42.49     0  01:31        0.03
  N950                 JUNCTION     0.10     0.11    32.91     0  16:00        0.11
  N951                 JUNCTION     0.02     0.02    36.50     0  00:45        0.02
  N952                 JUNCTION     0.82     0.93    36.57     0  16:00        0.93
  N954                 JUNCTION     1.74     1.99    43.52     0  16:00        1.99
  N956                 JUNCTION     1.25     1.34    40.29     0  01:27        1.34
  N957                 JUNCTION     0.01     0.01    50.57     0  00:37        0.01
  N959                 JUNCTION     1.04     1.18    40.93     0  16:00        1.18
  N960                 JUNCTION     0.02     0.02    33.91     0  00:32        0.02
  N961                 JUNCTION     0.02     0.02    33.67     0  00:58        0.02
  N962                 JUNCTION     0.02     0.02    46.63     0  00:55        0.02
  N963                 JUNCTION     1.64     1.79    36.73     0  16:00        1.79
  N964                 JUNCTION     1.69     1.89    40.93     0  16:00        1.89
  N966                 JUNCTION     0.01     0.01    43.88     0  00:48        0.01
  N967                 JUNCTION     2.36     2.54    38.83     0  02:08        2.54
  N968                 JUNCTION     0.02     0.02    36.58     0  00:45        0.02
  N970                 JUNCTION     0.01     0.01    36.84     0  00:22        0.01
  N971                 JUNCTION     0.02     0.02    36.71     0  00:42        0.02
  N972                 JUNCTION     0.01     0.01    50.52     0  00:18        0.01
  N974                 JUNCTION     1.62     1.77    38.83     0  02:08        1.77
  N975                 JUNCTION     0.49     0.57    40.72     0  16:00        0.57
  N976                 JUNCTION     0.67     0.76    40.72     0  16:00        0.76
  N977                 JUNCTION     0.03     0.03    51.28     0  01:20        0.03
  N978                 JUNCTION     0.01     0.01    51.14     0  00:13        0.01
  N979                 JUNCTION     0.02     0.02    35.39     0  00:03        0.02
  N980                 JUNCTION     0.44     0.52    35.36     0  16:00        0.52
  N984                 JUNCTION     0.59     0.69    41.78     0  16:00        0.69
  N985                 JUNCTION     0.01     0.01    51.53     0  00:15        0.01
  N986                 JUNCTION     0.01     0.01    50.42     0  00:05        0.01
  N987                 JUNCTION     0.05     0.06    51.48     0  00:00        0.05
  N990                 JUNCTION     0.02     0.02    52.13     0  00:31        0.02
  N991                 JUNCTION     2.32     2.48    37.79     0  16:00        2.48
  N992                 JUNCTION     1.76     1.96    40.78     0  16:00        1.96
  N994                 JUNCTION     0.43     0.52    35.36     0  16:00        0.52
  N995                 JUNCTION     0.02     0.02    46.98     0  00:03        0.02
  N996                 JUNCTION     0.01     0.01    41.95     0  00:01        0.01
  N997                 JUNCTION     0.00     0.00    31.57     0  00:00        0.00
  N998                 JUNCTION     0.01     0.01    38.65     0  00:09        0.01
  N999                 JUNCTION     0.01     0.01    34.49     0  00:16        0.01
  N1000                JUNCTION     0.01     0.01    52.42     0  00:02        0.01
  N1001                JUNCTION     2.82     3.00    38.45     0  16:00        3.00
  N1002                JUNCTION     0.01     0.01    51.82     0  00:14        0.01
  N1003                JUNCTION     0.02     0.02    43.36     0  02:57        0.02
  N1005                JUNCTION     0.90     1.00    38.04     0  01:49        1.00
  N1006                JUNCTION     0.01     0.01    42.91     0  00:31        0.01
  N1007                JUNCTION     1.42     1.62    42.32     0  16:00        1.62
  N1009                JUNCTION     0.89     1.00    37.19     0  16:00        1.00
  MH4454411            STORAGE      0.43     0.50    35.37     0  16:00        0.50
  MH4450314            STORAGE      0.03     0.03    51.53     0  00:01        0.03
  MH4428367            STORAGE      0.02     0.02    47.08     0  01:42        0.02
  MH4428606            STORAGE      0.73     0.88    44.44     0  16:00        0.88
  MH4454744            STORAGE      0.01     0.01    35.82     0  00:31        0.01
  MH4452397            STORAGE      0.01     0.01    49.62     0  00:25        0.01
  MH4453133            STORAGE      0.23     0.27    36.11     0  16:00        0.27
  MH4447602            STORAGE      0.33     0.41    43.06     0  16:00        0.41
  MH4429312            STORAGE      2.62     2.91    43.19     0  16:00        2.91
  MH4453788            STORAGE      0.58     0.67    36.58     0  16:00        0.67
  MH4456108            STORAGE      0.03     0.03    36.53     0  01:46        0.03
  MH4454209            STORAGE      0.06     0.06    48.64     0  00:10        0.06
  MH1624017            STORAGE      0.02     0.02    34.14     0  00:36        0.02
  MH1623826            STORAGE      0.03     0.03    33.89     0  02:36        0.03
  MH4429136            STORAGE      3.66     3.96    44.41     0  16:00        3.96
  MH4501201            STORAGE      0.09     0.10    33.14     0  02:30        0.10
  MH4501544            STORAGE      0.67     0.75    33.11     0  16:00        0.75
  MH4454640            STORAGE      0.07     0.07    48.17     0  01:31        0.07
  MH4453512            STORAGE      0.56     0.65    36.08     0  16:00        0.65
  MH4452154            STORAGE      1.48     1.63    37.19     0  16:00        1.63
  MH4452217            STORAGE      1.57     1.72    37.19     0  16:00        1.72
  MH4446824            STORAGE      0.51     0.60    40.53     0  16:00        0.60
  MH4453931            STORAGE      0.02     0.02    50.47     0  01:29        0.02
  MH4456468            STORAGE      0.01     0.01    36.66     0  00:43        0.01
  MH4502097            STORAGE      0.63     0.70    32.87     0  16:00        0.70
  MH4447369            STORAGE      0.03     0.03    53.78     0  00:33        0.03
  MH4448345            STORAGE      3.34     3.63    42.29     0  16:00        3.63
  MH4448419            STORAGE      3.41     3.69    42.25     0  16:00        3.69
  MH4449083            STORAGE      0.01     0.01    51.37     0  00:28        0.01
  MH4499116            STORAGE      0.03     0.03    42.22     0  01:37        0.03
  MH4454674            STORAGE      0.02     0.02    50.46     0  00:44        0.02
  MH4427688            STORAGE      0.04     0.04    48.70     0  08:36        0.04
  MH4448753            STORAGE      0.01     0.01    53.03     0  01:15        0.01
  MH1627682            STORAGE      0.03     0.03    32.84     0  01:48        0.03
  MH4452538            STORAGE      0.02     0.02    47.92     0  00:38        0.02
  MH5118586            STORAGE      0.03     0.03    42.37     0  13:21        0.03
  MH4452724            STORAGE      0.02     0.02    40.74     0  01:14        0.02
  MH4448853            STORAGE      2.49     2.69    41.04     0  16:00        2.69
  MH4500422            STORAGE      0.04     0.04    39.02     0  02:29        0.04
  MH4449806            STORAGE      2.29     2.55    39.99     0  16:00        2.55
  MH4450137            STORAGE      2.53     2.79    39.96     0  16:00        2.79
  MH4428117            STORAGE      0.01     0.01    48.31     0  00:36        0.01
  MH4428139            STORAGE      0.01     0.01    48.02     0  00:50        0.01
  MH4455909            STORAGE      0.84     0.95    34.50     0  16:00        0.95
  MH4451823            STORAGE      0.90     0.99    35.65     0  16:00        0.99
  MH4450787            STORAGE      0.02     0.02    42.85     0  00:33        0.02
  MH4428026            STORAGE      0.02     0.02    48.11     0  01:20        0.02
  MH4501866            STORAGE      0.26     0.30    32.89     0  16:00        0.30
  MH1627986            STORAGE      0.04     0.04    33.31     0  00:55        0.04
  MH4499632            STORAGE      0.06     0.06    44.80     0  02:36        0.06
  MH4429035            STORAGE      0.02     0.02    43.31     0  02:18        0.02
  MH4449704            STORAGE      2.36     2.63    42.34     0  16:00        2.63
  MH4449118            STORAGE      2.85     3.13    42.32     0  16:00        3.13
  MH1629281            STORAGE      0.04     0.04    32.88     0  01:24        0.04
  MH4454718            STORAGE      0.02     0.02    48.64     0  01:29        0.02
  MH4451287            STORAGE      0.10     0.10    42.71     0  03:18        0.10
  MH4450219            STORAGE      0.03     0.03    47.55     0  01:19        0.03
  MH4449321            STORAGE      2.03     2.24    40.45     0  16:00        2.24
  MH4448509            STORAGE      1.42     1.59    40.46     0  16:00        1.59
  MH4428524            STORAGE      0.10     0.10    50.63     0  01:21        0.10
  MH1627084            STORAGE      0.03     0.03    34.23     0  00:49        0.03
  MH4455762            STORAGE      0.04     0.04    35.46     0  02:31        0.04
  MH4452721            STORAGE      0.07     0.07    36.35     0  02:36        0.07
  MH4447128            STORAGE      1.85     2.07    41.79     0  16:00        2.07
  MH4447726            STORAGE      2.37     2.61    41.78     0  16:00        2.61
  MH4428268            STORAGE      0.06     0.06    43.74     0  16:00        0.06
  MH4428636            STORAGE      1.44     1.66    43.61     0  16:00        1.66
  MH4452977            STORAGE      1.38     1.51    38.04     0  01:49        1.51
  MH1632309            STORAGE      0.24     0.25    30.00     0  06:33        0.25
  MH4500035            STORAGE      0.08     0.08    33.47     0  01:05        0.08
  MH4451759            STORAGE      0.01     0.01    35.90     0  00:36        0.01
  MH4454490            STORAGE      0.03     0.03    39.81     0  01:38        0.03
  MH4447880            STORAGE      1.57     1.80    42.99     0  16:00        1.80
  MH4499417            STORAGE      0.06     0.06    34.27     0  09:02        0.06
  MH4453579            STORAGE      1.55     1.70    36.57     0  16:00        1.70
  MH4451531            STORAGE      0.01     0.01    36.30     0  00:36        0.01
  MH4449785            STORAGE      2.91     3.12    41.04     0  16:00        3.12
  MH4447416            STORAGE      1.73     1.95    41.78     0  16:00        1.95
  MH4453124            STORAGE      0.04     0.04    39.89     0  04:39        0.04
  MH5228371            STORAGE      0.01     0.01    39.74     0  00:25        0.01
  MH6153571            STORAGE      0.81     0.91    34.06     0  16:00        0.91
  MH4427425            STORAGE      0.01     0.01    55.81     0  01:00        0.01
  MH7465841            STORAGE      0.10     0.10    42.39     0  15:23        0.10
  MH4451971            STORAGE      0.02     0.02    48.56     0  00:47        0.02
  MH4450757            STORAGE      0.09     0.09    45.90     0  02:51        0.09
  MH4447684            STORAGE      0.02     0.02    45.06     0  00:50        0.02
  MH4449173            STORAGE      3.19     3.44    41.70     0  16:00        3.44
  MH4451058            STORAGE      0.04     0.04    46.00     0  00:53        0.04
  MH4452032            STORAGE      1.24     1.36    38.84     0  16:00        1.36
  MH4451840            STORAGE      2.02     2.18    38.84     0  16:00        2.18
  MH1790845            STORAGE      0.04     0.04    47.91     0  02:16        0.04
  MH4456553            STORAGE      0.82     0.92    34.22     0  16:00        0.92
  MH4449510            STORAGE      0.08     0.08    51.15     0  01:27        0.08
  MH4428713            STORAGE      0.36     0.41    41.05     0  02:24        0.41
  MH4428995            STORAGE      1.08     1.20    41.05     0  02:25        1.20
  MH4447351            STORAGE      0.02     0.02    51.65     0  01:16        0.02
  MH4450170            STORAGE      0.08     0.08    49.09     0  01:33        0.08
  MH4500254            STORAGE      0.02     0.02    34.37     0  00:47        0.02
  MH4448662            STORAGE      0.03     0.03    52.34     0  01:22        0.03
  MH4429357            STORAGE      1.64     1.79    41.03     0  02:21        1.79
  MH5286735            STORAGE      0.01     0.01    50.48     0  00:25        0.01
  MH4449860            STORAGE      0.02     0.02    40.57     0  01:19        0.02
  MH4452919            STORAGE      0.01     0.01    36.63     0  01:16        0.01
  MH4450449            STORAGE      3.01     3.25    40.28     0  16:00        3.25
  MH4450581            STORAGE      3.06     3.30    39.94     0  16:00        3.30
  MH6042164            STORAGE      0.02     0.02    45.87     0  01:04        0.02
  MH1625395            STORAGE      0.03     0.03    34.46     0  01:06        0.03
  MH4447397            STORAGE      1.13     1.30    40.03     0  16:00        1.30
  MH5241467            STORAGE      1.39     1.58    40.02     0  16:00        1.58
  MH4455121            STORAGE      1.06     1.19    35.33     0  16:00        1.19
  MH4428765            STORAGE      0.18     0.21    41.05     0  02:24        0.21
  MH1624138            STORAGE      0.78     0.87    33.77     0  16:00        0.87
  MH4452902            STORAGE      0.03     0.03    50.06     0  00:00        0.03
  MH4452980            STORAGE      0.03     0.03    49.67     0  03:51        0.03
  MH4451333            STORAGE      0.01     0.01    51.10     0  00:19        0.01
  MH1623974            STORAGE      0.03     0.03    34.39     0  01:21        0.03
  MH4428320            STORAGE      0.03     0.03    45.24     0  00:07        0.03
  MH1632398            STORAGE      0.26     0.27    29.87     0  06:33        0.27
  MH4447643            STORAGE      2.79     3.04    40.78     0  16:00        3.04
  MH4452081            STORAGE      0.04     0.04    44.18     0  01:15        0.04
  MH4429013            STORAGE      2.05     2.31    43.43     0  16:00        2.31
  MH4429468            STORAGE      1.70     1.90    40.78     0  16:00        1.90
  MH4446883            STORAGE      2.02     2.23    40.78     0  16:00        2.23
  MH4451092            STORAGE      0.04     0.04    45.72     0  00:59        0.04
  MH4448796            STORAGE      0.02     0.02    51.89     0  00:38        0.02
  MH4500902            STORAGE      0.06     0.06    34.81     0  02:28        0.06
  MH4449330            STORAGE      0.01     0.01    52.19     0  01:15        0.01
  MH4450211            STORAGE      0.02     0.02    41.87     0  00:46        0.02
  MH4453770            STORAGE      0.06     0.06    50.93     0  02:52        0.06
  MH4429527            STORAGE      0.69     0.81    40.03     0  16:00        0.81
  MH4450975            STORAGE      2.00     2.22    39.74     0  16:00        2.22
  MH4450207            STORAGE      0.62     0.73    39.99     0  16:00        0.73
  MH4453740            STORAGE      0.02     0.02    45.15     0  00:52        0.02
  MH4429179            STORAGE      2.03     2.25    40.93     0  16:00        2.25
  MH4452527            STORAGE      2.01     2.17    37.37     0  16:00        2.17
  MH4452680            STORAGE      1.86     2.03    37.19     0  16:00        2.03
  MH1624769            STORAGE      0.75     0.84    33.65     0  16:00        0.84
  MH4454629            STORAGE      0.64     0.74    35.36     0  16:00        0.74
  MH1624494            STORAGE      0.04     0.04    32.57     0  01:27        0.04
  MH4451143            STORAGE      1.66     1.86    39.74     0  16:00        1.86
  MH4450922            STORAGE      3.20     3.42    39.25     0  16:00        3.42
  MH4451207            STORAGE      3.13     3.34    38.85     0  16:00        3.34
  MH8963773            STORAGE      2.10     2.28    41.04     0  16:00        2.28
  MH4454643            STORAGE      0.03     0.03    48.96     0  01:30        0.03
  MH4426971            STORAGE      0.01     0.01    57.44     0  00:26        0.01
  MH4453970            STORAGE      1.18     1.32    36.57     0  16:00        1.32
  MH4498454            STORAGE      0.03     0.03    46.36     0  02:22        0.03
  MH4429503            STORAGE      2.72     2.96    40.92     0  16:00        2.96
  MH4429645            STORAGE      0.76     0.90    43.06     0  16:00        0.90
  MH4452011            STORAGE      2.63     2.82    38.83     0  02:07        2.82
  MH4451871            STORAGE      2.71     2.90    38.83     0  16:00        2.90
  MH4449103            STORAGE      3.14     3.41    41.76     0  16:00        3.41
  MH4499048            STORAGE      0.01     0.01    38.87     0  00:27        0.01
  MH4499729            STORAGE      0.04     0.04    40.42     0  03:01        0.04
  MH4456532            STORAGE      0.05     0.05    39.78     0  00:56        0.05
  MH4454376            STORAGE      1.44     1.59    36.03     0  16:00        1.59
  MH4499323            STORAGE      0.01     0.01    38.65     0  00:37        0.01
  MH1623928            STORAGE      0.78     0.88    33.83     0  16:00        0.88
  MH4428920            STORAGE      0.60     0.69    40.93     0  16:00        0.69
  MH4449849            STORAGE      2.56     2.76    40.92     0  16:00        2.76
  MH4455780            STORAGE      0.04     0.04    45.68     0  09:14        0.04
  MH4429019            STORAGE      0.10     0.10    43.78     0  06:10        0.10
  MH4447394            STORAGE      3.49     3.79    42.73     0  16:00        3.79
  MH4453315            STORAGE      0.02     0.02    46.66     0  00:50        0.02
  MH4453553            STORAGE      0.02     0.02    46.26     0  00:51        0.02
  MH4428426            STORAGE      0.01     0.01    49.23     0  00:43        0.01
  MH4428245            STORAGE      0.02     0.02    47.77     0  02:36        0.02
  MH4450378            STORAGE      2.92     3.15    40.58     0  16:00        3.15
  MH4450554            STORAGE      2.94     3.18    40.38     0  16:00        3.18
  MH1631057            STORAGE      0.30     0.32    31.44     0  06:32        0.32
  MH1631514            STORAGE      0.24     0.26    30.97     0  06:32        0.26
  MH4427095            STORAGE      3.80     3.90    58.69     0  06:07        3.90
  MH4455516            STORAGE      0.02     0.02    49.18     0  00:54        0.02
  MH1623725            STORAGE      0.04     0.04    36.24     0  02:01        0.04
  MH4456551            STORAGE      0.06     0.06    34.88     0  02:28        0.06
  MH4453489            STORAGE      1.40     1.55    36.58     0  16:00        1.55
  MH4449436            STORAGE      0.02     0.02    41.80     0  01:10        0.02
  MH4455808            STORAGE      0.03     0.03    47.89     0  01:06        0.03
  MH4450920            STORAGE      0.05     0.05    50.69     0  01:06        0.05
  MH4451516            STORAGE      0.04     0.04    42.91     0  01:06        0.04
  MH4452994            STORAGE      1.04     1.17    36.68     0  16:00        1.17
  MH4452189            STORAGE      2.26     2.42    37.71     0  16:00        2.42
  MH4449882            STORAGE      2.31     2.57    42.34     0  16:00        2.57
  MH1629073            STORAGE      0.02     0.02    33.38     0  00:33        0.02
  MH4429320            STORAGE      0.57     0.67    41.79     0  16:00        0.67
  MH4451945            STORAGE      1.13     1.24    40.72     0  16:00        1.24
  MH4452809            STORAGE      1.90     2.06    38.83     0  02:08        2.06
  MH4452632            STORAGE      2.07     2.24    38.83     0  02:08        2.24
  MH4453981            STORAGE      0.01     0.01    40.44     0  00:24        0.01
  MH4320104            STORAGE      0.03     0.03    46.04     0  01:14        0.03
  MH4426673            STORAGE      0.01     0.01    59.15     0  00:34        0.01
  MH4450077            STORAGE      0.02     0.02    45.04     0  00:48        0.02
  MH4428836            STORAGE      0.61     0.69    41.16     0  03:51        0.69
  MH4429107            STORAGE      1.24     1.37    41.13     0  04:19        1.37
  MH4429656            STORAGE      2.16     2.39    40.78     0  16:00        2.39
  MH4450617            STORAGE      0.02     0.02    44.33     0  00:45        0.02
  MH4448392            STORAGE      0.02     0.02    42.78     0  00:46        0.02
  MH4448813            STORAGE      0.16     0.19    42.36     0  16:00        0.19
  MH4449913            STORAGE      2.92     3.16    40.45     0  16:00        3.16
  MH4427309            STORAGE      0.02     0.02    54.82     0  00:28        0.02
  MH1625316            STORAGE      0.05     0.05    32.19     0  01:58        0.05
  MH4429584            STORAGE      1.70     1.90    40.78     0  16:00        1.90
  MH4429544            STORAGE      1.90     2.12    40.78     0  16:00        2.12
  MH4452946            STORAGE      0.07     0.07    36.13     0  16:00        0.07
  MH4428797            STORAGE      0.02     0.02    44.06     0  01:23        0.02
  MH4451468            STORAGE      1.18     1.32    37.19     0  16:00        1.32
  MH4450391            STORAGE      2.80     3.07    39.91     0  16:00        3.07
  MH4450531            STORAGE      2.90     3.15    39.73     0  16:00        3.15
  MH1629194            STORAGE      0.51     0.56    32.23     0  16:00        0.56
  MH4449977            STORAGE      1.09     1.27    42.35     0  16:00        1.27
  MH4454125            STORAGE      1.17     1.30    36.57     0  16:00        1.30
  MH4453047            STORAGE      0.01     0.01    49.47     0  00:33        0.01
  MH4455813            STORAGE      0.04     0.04    48.14     0  01:03        0.04
  MH4451576            STORAGE      0.01     0.01    41.87     0  00:30        0.01
  MH4450193            STORAGE      2.92     3.15    40.72     0  16:00        3.15
  MH4449635            STORAGE      0.03     0.03    50.45     0  00:51        0.03
  MH4454657            STORAGE      0.03     0.03    49.54     0  06:22        0.03
  MH4428800            STORAGE      0.01     0.01    45.26     0  02:31        0.01
  MH4452071            STORAGE      0.05     0.05    39.69     0  00:57        0.05
  MH4454876            STORAGE      0.02     0.02    48.16     0  01:32        0.02
  MH4455429            STORAGE      0.02     0.02    45.11     0  01:29        0.02
  MH4448762            STORAGE      1.69     1.91    40.01     0  16:00        1.91
  MH4454901            STORAGE      0.02     0.02    42.34     0  00:12        0.02
  MH1624202            STORAGE      0.02     0.02    32.67     0  00:49        0.02
  MH4454195            STORAGE      1.12     1.26    36.57     0  16:00        1.26
  MH1626450            STORAGE      0.01     0.01    33.30     0  00:32        0.01
  MH1626578            STORAGE      0.03     0.03    33.25     0  01:03        0.03
  MH4429411            STORAGE      1.95     2.21    44.41     0  16:00        2.21
  MH4501851            STORAGE      0.25     0.29    32.89     0  16:00        0.29
  MH4456372            STORAGE      0.03     0.03    47.23     0  02:19        0.03
  MH5216010            STORAGE      0.01     0.01    47.60     0  00:18        0.01
  MH4498407            STORAGE      0.03     0.03    46.44     0  02:24        0.03
  MH4453748            STORAGE      1.03     1.16    36.23     0  16:00        1.16
  MH4427312            STORAGE      0.02     0.02    54.04     0  01:03        0.02
  MH4451113            STORAGE      0.03     0.03    50.47     0  01:08        0.03
  MH4450100            STORAGE      0.01     0.01    40.33     0  00:44        0.01
  MH4450180            STORAGE      1.22     1.32    40.30     0  01:27        1.32
  MH4429323            STORAGE      0.02     0.02    53.34     0  01:09        0.02
  MH4449920            STORAGE      0.02     0.02    49.33     0  01:20        0.02
  MH1790382            STORAGE      0.02     0.02    48.43     0  01:02        0.02
  MH4455602            STORAGE      0.03     0.03    47.19     0  03:01        0.03
  MH4429471            STORAGE      1.23     1.40    41.79     0  16:00        1.40
  MH4451886            STORAGE      2.49     2.64    38.02     0  01:48        2.64
  MH4450802            STORAGE      0.02     0.02    51.02     0  01:01        0.02
  MH4447506            STORAGE      0.02     0.02    53.55     0  00:47        0.02
  MH4429499            STORAGE      3.69     3.99    43.54     0  16:00        3.99
  MH4447691            STORAGE      2.80     3.05    40.77     0  16:00        3.05
  MH4449485            STORAGE      0.09     0.09    51.23     0  03:38        0.09
  MH5233531            STORAGE      0.05     0.05    35.27     0  01:20        0.05
  MH4428146            STORAGE      0.02     0.02    45.05     0  00:31        0.02
  MH4428096            STORAGE      2.10     2.15    53.63     0  00:51        2.15
  MH4450167            STORAGE      1.76     1.89    40.50     0  16:00        1.89
  MH1630330            STORAGE      0.06     0.06    31.40     0  02:37        0.06
  MH1630926            STORAGE      0.07     0.07    31.09     0  00:34        0.07
  MH4500043            STORAGE      0.03     0.03    44.35     0  02:51        0.03
  MH4454993            STORAGE      0.05     0.05    35.59     0  01:03        0.05
  MH1629888            STORAGE      0.05     0.05    32.33     0  01:19        0.05
  MH4427714            STORAGE      0.02     0.02    49.74     0  00:30        0.02
  MH4450332            STORAGE      1.41     1.51    40.29     0  01:27        1.51
  MH4452952            STORAGE      0.03     0.03    50.00     0  00:15        0.03
  MH4426188            STORAGE      1.97     2.06    60.24     0  06:06        2.06
  MH4426979            STORAGE      0.02     0.02    57.48     0  00:37        0.02
  MH4455191            STORAGE      0.04     0.04    47.61     0  01:08        0.04
  MH4454312            STORAGE      0.02     0.02    35.73     0  03:43        0.02
  MH4427849            STORAGE      0.02     0.02    50.28     0  00:46        0.02
  MH1625959            STORAGE      0.05     0.05    31.89     0  02:00        0.05
  MH4498291            STORAGE      0.01     0.01    48.07     0  00:54        0.01
  MH5164627            STORAGE      0.01     0.01    34.99     0  00:41        0.01
  MH4453850            STORAGE      0.62     0.72    36.58     0  16:00        0.72
  MH4454009            STORAGE      0.77     0.88    36.57     0  16:00        0.88
  MH4453031            STORAGE      0.02     0.02    36.81     0  00:31        0.02
  MH1626189            STORAGE      0.70     0.79    33.30     0  16:00        0.79
  MH4499059            STORAGE      0.04     0.04    45.67     0  02:31        0.04
  MH4451673            STORAGE      2.26     2.44    38.84     0  16:00        2.44
  MH4447346            STORAGE      1.12     1.28    41.78     0  16:00        1.28
  MH4427659            STORAGE      0.01     0.01    54.08     0  00:20        0.01
  MH4453098            STORAGE      1.82     1.98    37.03     0  16:00        1.98
  MH4502186            STORAGE      0.63     0.70    32.83     0  16:00        0.70
  MH4500625            STORAGE      0.02     0.02    33.44     0  01:13        0.02
  MH4429420            STORAGE      0.02     0.02    47.62     0  01:23        0.02
  MH4450396            STORAGE      0.02     0.02    46.11     0  01:00        0.02
  MH4499406            STORAGE      0.04     0.04    40.97     0  01:04        0.04
  MH4456777            STORAGE      0.04     0.04    38.81     0  07:58        0.04
  MH4428638            STORAGE      0.04     0.04    44.70     0  00:12        0.04
  MH8707824            STORAGE      0.02     0.02    36.34     0  00:48        0.02
  MH4454398            STORAGE      0.01     0.01    47.69     0  00:24        0.01
  MH4453185            STORAGE      1.45     1.60    37.03     0  16:00        1.60
  MH4450847            STORAGE      0.02     0.02    44.37     0  01:01        0.02
  MH4428583            STORAGE      0.15     0.17    41.15     0  05:07        0.17
  MH4455943            STORAGE      0.02     0.02    47.74     0  00:53        0.02
  MH4426728            STORAGE      4.39     4.50    60.23     0  06:07        4.50
  MH4427741            STORAGE      0.01     0.01    52.40     0  01:01        0.01
  MH4452541            STORAGE      1.44     1.57    38.86     0  16:00        1.57
  MH4449796            STORAGE      2.34     2.59    40.18     0  16:00        2.59
  MH4450269            STORAGE      0.01     0.01    46.17     0  00:35        0.01
  MH4447355            STORAGE      0.01     0.01    54.61     0  01:12        0.01
  MH4448029            STORAGE      0.02     0.02    53.63     0  01:14        0.02
  MH4452462            STORAGE      1.85     1.99    38.03     0  01:50        1.99
  MH4448626            STORAGE      0.04     0.04    52.40     0  00:47        0.04
  MH4428137            STORAGE      0.02     0.02    44.45     0  00:32        0.02
  MH1630702            STORAGE      0.01     0.01    31.68     0  00:56        0.01
  MH4454116            STORAGE      1.48     1.63    36.23     0  16:00        1.63
  MH4452110            STORAGE      0.96     1.07    38.84     0  16:00        1.07
  MH4428968            STORAGE      0.03     0.03    51.99     0  01:20        0.03
  MH4500689            STORAGE      0.09     0.09    33.15     0  03:55        0.09
  MH1623436            STORAGE      0.01     0.01    36.26     0  00:26        0.01
  MH4454395            STORAGE      0.02     0.02    49.24     0  01:27        0.02
  MH4449866            STORAGE      1.12     1.26    40.72     0  16:00        1.26
  MH4449011            STORAGE      2.84     3.09    40.62     0  16:00        3.09
  MH4452760            STORAGE      0.00     0.00    37.44     0  00:19        0.00
  MH4447668            STORAGE      1.01     1.14    40.46     0  16:00        1.14
  MH4448929            STORAGE      2.35     2.63    42.89     0  16:00        2.63
  MH4448474            STORAGE      1.62     1.83    40.41     0  16:00        1.83
  MH4429086            STORAGE      0.03     0.03    42.95     0  01:32        0.03
  MH4320244            STORAGE      0.04     0.04    45.20     0  01:18        0.04
  MH4429268            STORAGE      0.97     1.10    40.79     0  16:00        1.10
  MH4451870            STORAGE      1.51     1.64    37.71     0  16:00        1.64
  MH4453213            STORAGE      0.06     0.06    49.52     0  00:05        0.06
  MH4428067            STORAGE      0.01     0.01    52.16     0  00:39        0.01
  MH4453837            STORAGE      0.06     0.06    35.50     0  01:43        0.06
  MH4451967            STORAGE      1.23     1.37    37.20     0  16:00        1.37
  MH4449503            STORAGE      0.60     0.72    42.36     0  16:00        0.72
  MH4428188            STORAGE      0.03     0.03    43.95     0  00:42        0.03
  MH4449778            STORAGE      1.52     1.72    39.96     0  16:00        1.72
  MH4447452            STORAGE      2.11     2.29    41.04     0  16:00        2.29
  MH4427588            STORAGE      2.70     2.78    56.40     0  01:14        2.79
  MH4450776            STORAGE      1.41     1.57    40.58     0  16:00        1.57
  MH4453095            STORAGE      0.87     0.99    36.58     0  16:00        0.99
  X385                 OUTFALL      0.01     0.01    57.02     0  00:26        0.01
  X570                 OUTFALL      0.01     0.01    53.31     0  00:20        0.01
  OUT                  OUTFALL      0.26     0.27    29.42     0  06:33        0.27
  X902                 OUTFALL      0.00     0.00    58.34     0  00:34        0.00
  
  
  *******************
  Node Inflow Summary
  *******************
  
  -------------------------------------------------------------------------------------------------
                                  Maximum  Maximum                  Lateral       Total        Flow
                                  Lateral    Total  Time of Max      Inflow      Inflow     Balance
                                   Inflow   Inflow   Occurrence      Volume      Volume       Error
  Node                 Type           LPS      LPS  days hr:min    10^6 ltr    10^6 ltr     Percent
  -------------------------------------------------------------------------------------------------
  N0                   JUNCTION      0.28   177.96     0  06:33      0.0163        9.73       0.098
  N1                   JUNCTION      0.23   178.18     0  06:33      0.0132        9.74       0.099
  N3                   JUNCTION      0.02     6.48     0  00:57     0.00089       0.366       0.381
  N4                   JUNCTION      0.10     0.10     0  00:00     0.00557     0.00557       0.139
  N8                   JUNCTION      0.08     0.23     0  00:36     0.00486      0.0131       0.105
  N9                   JUNCTION      0.23     0.45     0  00:20      0.0131      0.0261       0.115
  N10                  JUNCTION      0.27     0.59     0  00:39      0.0157      0.0338       0.101
  N13                  JUNCTION      0.35     2.96     0  00:57      0.0203       0.167       1.046
  N15                  JUNCTION      0.14     0.30     0  00:31       0.008      0.0171       0.108
  N18                  JUNCTION      0.14     0.37     0  00:24     0.00833      0.0215       0.106
  N20                  JUNCTION      0.17     6.81     0  08:45     0.00978        0.39       0.063
  N22                  JUNCTION      0.22     0.22     0  00:00      0.0127      0.0127       0.134
  N25                  JUNCTION      0.40    10.85     0  16:00      0.0231       0.606       0.312
  N26                  JUNCTION      0.16     0.34     0  01:48     0.00927     0.00929       1.592
  N28                  JUNCTION      0.24     1.75     0  01:20      0.0136       0.101       0.074
  N30                  JUNCTION      0.26     0.26     0  00:00      0.0149      0.0149       0.079
  N31                  JUNCTION      0.09     0.35     0  00:16     0.00507      0.0199       0.105
  N32                  JUNCTION      0.11     0.11     0  00:00     0.00647     0.00647       0.037
  N33                  JUNCTION      0.17     0.28     0  00:07     0.00978      0.0163       0.085
  N34                  JUNCTION      0.18     0.92     0  00:53      0.0103      0.0527       0.221
  N35                  JUNCTION      0.20     1.12     0  00:54      0.0117      0.0642       0.214
  N38                  JUNCTION      0.25     5.38     0  00:07      0.0146       0.307       0.143
  N43                  JUNCTION      0.34    16.47     0  16:00      0.0197       0.933       0.174
  N45                  JUNCTION      0.40    11.10     0  02:24      0.0231       0.631       0.190
  N46                  JUNCTION      0.17     1.25     0  00:59      0.0101      0.0715       0.879
  N47                  JUNCTION      0.12   143.88     0  06:36       0.007        7.85       0.084
  N49                  JUNCTION      0.25     0.66     0  00:33      0.0146       0.038       0.158
  N50                  JUNCTION      0.04     0.70     0  00:36     0.00251      0.0404       0.091
  N51                  JUNCTION      0.05     5.65     0  00:11      0.0028       0.322       0.096
  N53                  JUNCTION      0.16     7.46     0  01:11     0.00934       0.424       0.396
  N59                  JUNCTION      0.16     2.76     0  01:32     0.00934       0.158       0.083
  N61                  JUNCTION      0.25     1.02     0  00:55      0.0143      0.0583       0.162
  N62                  JUNCTION      0.24     1.26     0  00:57       0.014      0.0723       0.167
  N63                  JUNCTION      0.21    20.54     0  16:00      0.0123        1.17       0.056
  N64                  JUNCTION      0.30    20.84     0  16:00      0.0173        1.18       0.140
  N66                  JUNCTION      0.33     1.05     0  01:29      0.0193      0.0604       0.176
  N67                  JUNCTION      0.11     0.11     0  00:00     0.00635     0.00635       0.065
  N69                  JUNCTION      0.25   144.68     0  06:35      0.0141        7.89       0.105
  N71                  JUNCTION      0.19     9.28     0  00:53       0.011        0.53       0.054
  N72                  JUNCTION      0.21     9.49     0  01:02      0.0121       0.541       0.054
  N73                  JUNCTION      1.02     1.02     0  00:00      0.0589      0.0589       0.003
  N77                  JUNCTION      0.29     0.29     0  00:00      0.0165      0.0165       0.105
  N79                  JUNCTION      0.04     0.59     0  00:28     0.00202      0.0337       0.058
  N81                  JUNCTION      0.12     0.12     0  00:00     0.00709     0.00709       0.052
  N82                  JUNCTION      0.07     0.20     0  00:09     0.00425      0.0113       0.097
  N83                  JUNCTION      0.14     0.58     0  00:42     0.00831      0.0335       0.173
  N85                  JUNCTION      0.30     1.13     0  00:28      0.0173      0.0648       0.179
  N87                  JUNCTION      0.06     0.06     0  00:00     0.00354     0.00354       0.044
  N89                  JUNCTION      0.21     1.24     0  01:03      0.0123       0.071       0.177
  N97                  JUNCTION      0.22     9.29     0  00:26      0.0124      0.0967       3.149
  N98                  JUNCTION      0.19     5.50     0  02:14      0.0107       0.313       0.048
  N100                 JUNCTION      0.24     5.95     0  05:59      0.0141       0.339       0.052
  N101                 JUNCTION      0.20     6.15     0  02:45      0.0117       0.351       0.055
  N106                 JUNCTION      0.30   124.98     0  01:52      0.0171        6.83       0.113
  N108                 JUNCTION      0.12     0.59     0  00:49     0.00683      0.0338       0.079
  N109                 JUNCTION      0.52     0.52     0  00:00      0.0298      0.0298       0.179
  N112                 JUNCTION      0.06     0.43     0  00:33     0.00353       0.025       0.189
  N113                 JUNCTION      0.25     0.94     0  01:01      0.0144      0.0538       0.075
  N116                 JUNCTION      0.25    21.85     0  02:10      0.0145        1.23       0.237
  N119                 JUNCTION      0.23     1.60     0  00:49      0.0134      0.0918       0.118
  N122                 JUNCTION      0.23     5.01     0  02:21       0.013       0.286       0.120
  N124                 JUNCTION      0.27     1.64     0  01:39      0.0158      0.0529       2.241
  N125                 JUNCTION      0.22     0.92     0  00:44      0.0128      0.0529       0.131
  N128                 JUNCTION      0.06     0.50     0  00:25     0.00348      0.0286       0.163
  N131                 JUNCTION      0.27     1.41     0  00:46      0.0153      0.0808       0.157
  N133                 JUNCTION      0.02     0.14     0  00:35     0.00136     0.00819       0.057
  N134                 JUNCTION      0.26     0.41     0  00:19      0.0151      0.0233       0.125
  N137                 JUNCTION      0.33     1.34     0  01:11      0.0189      0.0768       0.090
  N139                 JUNCTION      0.12     2.01     0  01:14     0.00664      0.0541       0.776
  N142                 JUNCTION      0.07     2.46     0  01:03     0.00377      0.0481       1.952
  N143                 JUNCTION      0.28    23.57     0  00:51      0.0159        1.34       0.148
  N145                 JUNCTION      0.14     0.59     0  00:37     0.00789      0.0341       0.112
  N147                 JUNCTION      0.15     1.37     0  00:49     0.00889      0.0785       0.109
  N148                 JUNCTION      0.14     0.55     0  00:23     0.00803      0.0317       0.109
  N149                 JUNCTION      0.19     9.03     0  02:27      0.0109       0.515       0.057
  N150                 JUNCTION      0.16     9.19     0  02:18     0.00923       0.524       0.053
  N151                 JUNCTION      0.06     0.70     0  00:45     0.00334      0.0404       0.125
  N153                 JUNCTION      0.25     0.25     0  00:00      0.0143      0.0143       0.092
  N154                 JUNCTION      0.23     0.48     0  00:02       0.013      0.0273       0.256
  N155                 JUNCTION      0.17     0.68     0  00:27     0.00979      0.0391       0.181
  N157                 JUNCTION      0.20     0.86     0  00:33      0.0114      0.0497       0.210
  N158                 JUNCTION      0.10   181.56     0  06:32     0.00548        9.91       0.063
  N159                 JUNCTION      0.32     0.44     0  00:15      0.0182      0.0253       0.160
  N162                 JUNCTION      0.24     1.99     0  00:55      0.0139       0.114       0.165
  N163                 JUNCTION      0.03     1.28     0  00:37     0.00172      0.0726       0.814
  N166                 JUNCTION      0.42     3.77     0  01:01      0.0243       0.216       0.120
  N168                 JUNCTION      0.22     1.08     0  01:41      0.0129      0.0623       0.126
  N170                 JUNCTION      0.19     1.24     0  01:03       0.011      0.0251       3.982
  N171                 JUNCTION      0.04     1.06     0  01:19     0.00221      0.0267       2.354
  N172                 JUNCTION      0.21     2.45     0  01:02      0.0119      0.0331       3.597
  N176                 JUNCTION      0.24   186.88     0  06:32      0.0139        10.2       0.030
  N178                 JUNCTION      0.27     9.76     0  00:59      0.0155       0.557       0.056
  N180                 JUNCTION      0.23     4.99     0  01:21      0.0134       0.284       0.356
  N181                 JUNCTION      0.20     5.20     0  01:29      0.0118       0.295       0.303
  N183                 JUNCTION      0.00    34.31     0  16:00           0        1.83       0.000
  N184                 JUNCTION      0.22     2.60     0  01:32      0.0127       0.149       0.097
  N186                 JUNCTION      0.19     3.46     0  00:50      0.0111       0.198       0.068
  N187                 JUNCTION      0.23     0.66     0  00:52      0.0131       0.038       0.064
  N188                 JUNCTION      0.13     4.45     0  01:37     0.00764       0.252       0.437
  N191                 JUNCTION      0.16     7.83     0  02:55     0.00908       0.447       0.081
  N192                 JUNCTION      0.20     3.62     0  01:11      0.0115      0.0961       1.584
  N194                 JUNCTION      0.13     0.13     0  00:00     0.00724     0.00724       0.051
  N197                 JUNCTION      0.23    34.90     0  00:32       0.013        1.68       0.149
  N198                 JUNCTION      0.23     2.28     0  01:27      0.0132      0.0318       1.350
  N202                 JUNCTION      0.05     3.19     0  00:45      0.0027       0.183       0.043
  N205                 JUNCTION      0.16     0.31     0  00:24     0.00939      0.0179       0.074
  N206                 JUNCTION      0.02   136.37     0  06:37      0.0014        7.49       0.019
  N208                 JUNCTION      0.22    20.12     0  00:38      0.0128        1.14       0.097
  N209                 JUNCTION      0.10    20.21     0  16:00     0.00571        1.15       0.065
  N210                 JUNCTION      0.30   181.86     0  06:31      0.0173        9.92       0.074
  N211                 JUNCTION      0.25   182.11     0  06:31      0.0144        9.93       0.093
  N212                 JUNCTION      0.12     0.12     0  00:00     0.00685     0.00685       0.040
  N216                 JUNCTION      0.24     1.14     0  00:49      0.0137      0.0656       0.092
  N220                 JUNCTION      0.27    33.43     0  02:23      0.0155         1.9       0.029
  N221                 JUNCTION      0.18     0.18     0  00:00      0.0103      0.0103       0.062
  N222                 JUNCTION      0.23     0.41     0  00:15      0.0133      0.0237       0.119
  N224                 JUNCTION      0.10     0.95     0  00:37     0.00585      0.0544       0.105
  N225                 JUNCTION      0.34    14.13     0  01:29      0.0197       0.809       0.079
  N228                 JUNCTION      0.11     0.21     0  00:09     0.00633      0.0122       0.087
  N229                 JUNCTION      0.23     0.44     0  00:18       0.013      0.0251       0.118
  N230                 JUNCTION      0.16     1.01     0  01:24     0.00907      0.0582       0.100
  N231                 JUNCTION      0.12     1.14     0  01:27     0.00719      0.0653       0.082
  N232                 JUNCTION      0.21     0.58     0  00:19      0.0119      0.0331       0.127
  N234                 JUNCTION      0.33     1.52     0  00:38      0.0193      0.0873       0.063
  N238                 JUNCTION      0.04     0.04     0  00:00     0.00236     0.00236       0.032
  N239                 JUNCTION      0.19     0.23     0  00:00      0.0109      0.0133       0.273
  N240                 JUNCTION      0.25     3.33     0  00:03      0.0143       0.191       0.083
  N244                 JUNCTION      0.18     0.66     0  01:02      0.0102      0.0378       0.145
  N246                 JUNCTION      0.24     2.02     0  02:49      0.0137       0.115       0.170
  N247                 JUNCTION      0.21     2.23     0  02:49      0.0122       0.127       0.671
  N248                 JUNCTION      0.22     0.77     0  00:53      0.0127      0.0441       0.176
  N250                 JUNCTION      0.04   136.35     0  06:37     0.00236        7.49       0.076
  N251                 JUNCTION      0.25     0.55     0  00:31      0.0146      0.0318       0.314
  N255                 JUNCTION      0.31     0.82     0  01:14      0.0177      0.0472       0.063
  N258                 JUNCTION      0.31     5.62     0  01:11      0.0179       0.314       0.440
  N260                 JUNCTION      0.13     0.58     0  00:47     0.00771      0.0336       0.127
  N261                 JUNCTION      0.37     0.72     0  00:47      0.0212      0.0417       0.230
  N263                 JUNCTION      0.08     0.08     0  00:00     0.00444     0.00444       0.035
  N265                 JUNCTION      0.34     7.92     0  00:54      0.0194       0.179       1.932
  N267                 JUNCTION      0.37     0.51     0  00:25      0.0212      0.0296       0.299
  N268                 JUNCTION      0.22     7.96     0  00:52      0.0125       0.454       0.054
  N269                 JUNCTION      0.20     8.16     0  00:52      0.0117       0.466       0.059
  N270                 JUNCTION      0.58     2.68     0  01:54      0.0333      0.0749       2.059
  N271                 JUNCTION      0.01     2.99     0  00:20      0.0006      0.0745       5.229
  N272                 JUNCTION      0.11     0.11     0  00:00     0.00639     0.00639       0.040
  N274                 JUNCTION      0.15     0.23     0  00:26     0.00838      0.0131       0.094
  N275                 JUNCTION      0.21     0.44     0  00:27      0.0124      0.0254       0.103
  N276                 JUNCTION      0.21    11.31     0  02:32      0.0121       0.642       0.441
  N277                 JUNCTION      0.14     0.14     0  00:00     0.00812     0.00812       0.053
  N278                 JUNCTION      0.13     0.27     0  00:10     0.00767      0.0158       0.078
  N279                 JUNCTION      0.17     1.10     0  01:29      0.0101      0.0629       0.165
  N280                 JUNCTION      0.27     0.75     0  01:10      0.0154       0.043       0.088
  N281                 JUNCTION      0.18     0.93     0  01:10      0.0106      0.0535       0.099
  N285                 JUNCTION      0.11     0.11     0  00:00     0.00629     0.00629       0.059
  N287                 JUNCTION      0.14     0.22     0  00:00     0.00801      0.0124       0.076
  N293                 JUNCTION      0.19     0.19     0  00:00      0.0107      0.0107       0.074
  N294                 JUNCTION      0.18     0.37     0  00:14      0.0105      0.0212       0.135
  N295                 JUNCTION      0.12     0.95     0  01:08     0.00714     0.00726       2.176
  N296                 JUNCTION      0.24     1.90     0  01:23       0.014       0.109       0.066
  N297                 JUNCTION      0.27     2.16     0  01:14      0.0153       0.124       0.097
  N298                 JUNCTION      0.12     0.20     0  00:20      0.0067      0.0114       0.079
  N299                 JUNCTION      0.16     0.36     0  00:31     0.00934      0.0208       0.123
  N300                 JUNCTION      0.23     8.11     0  00:56      0.0132       0.454       0.464
  N302                 JUNCTION      0.21     1.84     0  01:17      0.0121       0.105       0.129
  N303                 JUNCTION      0.35     0.35     0  00:00      0.0202      0.0202       0.216
  N307                 JUNCTION      0.14     1.56     0  01:23     0.00826      0.0895       0.744
  N311                 JUNCTION      0.14     0.14     0  00:00     0.00783     0.00783       0.091
  N314                 JUNCTION      0.20     1.26     0  01:21      0.0117      0.0721       1.612
  N317                 JUNCTION      0.18     0.18     0  00:00      0.0104      0.0104       0.090
  N318                 JUNCTION      0.26     0.44     0  00:18      0.0148      0.0252       0.191
  N319                 JUNCTION      0.23    36.26     0  16:00       0.013        2.04       0.267
  N321                 JUNCTION      0.25     5.17     0  00:57      0.0142       0.296       0.108
  N322                 JUNCTION      0.20     5.37     0  01:05      0.0116       0.307       0.798
  N324                 JUNCTION      0.20     4.73     0  01:07      0.0118       0.271       0.058
  N325                 JUNCTION      0.20     5.43     0  05:07      0.0114       0.302       0.337
  N327                 JUNCTION      0.22     9.15     0  00:47      0.0129       0.515       0.227
  N328                 JUNCTION      0.24    39.72     0  16:00      0.0137        2.18       0.105
  N331                 JUNCTION      0.15     0.15     0  00:00     0.00845     0.00845       0.081
  N332                 JUNCTION      0.30     0.45     0  00:16      0.0175       0.026       0.187
  N334                 JUNCTION      0.28     5.47     0  01:08      0.0162       0.213       1.262
  N336                 JUNCTION      0.23     0.58     0  00:37       0.013      0.0335       0.122
  N337                 JUNCTION      0.26     0.94     0  00:41      0.0152      0.0538       0.220
  N339                 JUNCTION      0.18     5.83     0  00:52      0.0102       0.333       0.490
  N340                 JUNCTION      0.21     1.62     0  00:51       0.012       0.093       0.090
  N341                 JUNCTION      0.26     1.88     0  00:51      0.0147       0.108       0.096
  N343                 JUNCTION      0.19     0.98     0  00:45      0.0108      0.0562       0.123
  N345                 JUNCTION      0.09     1.49     0  01:21     0.00526      0.0137       4.330
  N346                 JUNCTION      0.37     1.99     0  01:17      0.0212      0.0347       1.982
  N347                 JUNCTION      0.35     0.42     0  00:14      0.0203      0.0244       0.202
  N353                 JUNCTION      0.17     0.30     0  00:18     0.00985      0.0175       0.082
  N354                 JUNCTION      0.16     0.47     0  00:48     0.00949       0.027       0.097
  N356                 JUNCTION      0.31     3.62     0  00:35      0.0176      0.0651       2.067
  N357                 JUNCTION      0.20     1.31     0  00:51      0.0115      0.0116       1.944
  N361                 JUNCTION      0.27     5.96     0  00:50      0.0153       0.115       1.221
  N362                 JUNCTION      0.16     0.16     0  00:00     0.00933     0.00933       0.058
  N363                 JUNCTION      0.00     0.17     0  00:01    0.000115     0.00944       0.074
  N364                 JUNCTION      0.10     0.61     0  00:28     0.00591      0.0349       0.084
  N365                 JUNCTION      0.26     1.26     0  01:22      0.0148      0.0725       0.221
  N366                 JUNCTION      0.21    75.74     0  01:48      0.0122        3.71       0.076
  N367                 JUNCTION      0.07    75.79     0  01:48     0.00376        3.72       0.067
  N372                 JUNCTION      0.29     0.66     0  00:26      0.0168      0.0378       0.243
  N375                 JUNCTION      0.19     0.86     0  01:22      0.0111      0.0491       0.076
  N379                 JUNCTION      0.25     1.02     0  01:08      0.0146      0.0148       2.349
  N382                 JUNCTION      0.29     2.45     0  01:36      0.0165        0.14       0.095
  N383                 JUNCTION      0.07     0.07     0  00:00     0.00431     0.00431       0.039
  N387                 JUNCTION      0.20     0.74     0  00:42      0.0113      0.0426       1.338
  N389                 JUNCTION      0.20     2.65     0  01:45      0.0116       0.152       0.139
  N391                 JUNCTION      0.12     2.11     0  02:13      0.0068        0.12       0.075
  N394                 JUNCTION      0.22    33.65     0  01:13      0.0126        1.91       0.170
  N397                 JUNCTION      0.38     4.31     0  01:36      0.0217       0.245       0.312
  N401                 JUNCTION      0.23    10.72     0  01:05       0.013       0.609       0.637
  N403                 JUNCTION      5.31     5.31     0  00:00       0.306       0.306       0.004
  N405                 JUNCTION      0.21     3.15     0  00:59      0.0122       0.181       0.109
  N406                 JUNCTION      0.17     0.76     0  00:30     0.00973      0.0435       0.201
  N408                 JUNCTION      0.18     9.00     0  01:08      0.0101       0.503       0.386
  N411                 JUNCTION      0.27     2.99     0  01:19      0.0157       0.171       0.086
  N412                 JUNCTION      0.24     0.24     0  00:00       0.014       0.014       0.052
  N414                 JUNCTION      0.25   139.55     0  06:37      0.0142        7.66       0.109
  N416                 JUNCTION      0.19     0.30     0  00:12      0.0108      0.0172       0.081
  N418                 JUNCTION      0.13     4.30     0  00:47     0.00772       0.246       0.075
  N419                 JUNCTION      0.31    13.66     0  00:30      0.0177        0.31       0.728
  N422                 JUNCTION      0.17    15.77     0  16:00     0.00973       0.846       0.103
  N426                 JUNCTION      0.19     5.71     0  02:41      0.0112       0.325       0.031
  N427                 JUNCTION      0.26    16.64     0  02:51      0.0151       0.951       0.051
  N431                 JUNCTION      0.23     7.53     0  01:00      0.0131       0.414       0.324
  N432                 JUNCTION      0.11     7.38     0  00:57     0.00606       0.418       0.389
  N434                 JUNCTION      0.15     5.31     0  02:14      0.0089       0.302       0.045
  N439                 JUNCTION      0.26     9.59     0  16:00      0.0151       0.536       0.184
  N440                 JUNCTION      0.09     9.68     0  16:00     0.00533        0.54       0.144
  N445                 JUNCTION      0.02     0.02     0  00:00     0.00123     0.00123       0.011
  N446                 JUNCTION      0.23     0.41     0  00:03      0.0132      0.0239       0.092
  N447                 JUNCTION      0.26    24.13     0  06:07      0.0151        1.38       0.100
  N450                 JUNCTION      0.26     0.26     0  00:00      0.0148      0.0148       0.111
  N453                 JUNCTION      0.26     3.19     0  01:01      0.0151       0.182       0.127
  N455                 JUNCTION      0.28     0.28     0  00:00      0.0163      0.0163       0.079
  N456                 JUNCTION      0.25     0.54     0  00:16      0.0145      0.0308       0.121
  N457                 JUNCTION      0.08     0.08     0  00:00     0.00437     0.00437       0.017
  N458                 JUNCTION      0.20     3.39     0  02:11      0.0114       0.193       0.114
  N460                 JUNCTION      0.28     3.55     0  01:05      0.0163      0.0996       1.298
  N461                 JUNCTION      0.11     0.11     0  00:00      0.0064      0.0064       0.061
  N464                 JUNCTION      0.38     1.71     0  00:50      0.0219      0.0982       0.142
  N465                 JUNCTION      0.25     1.67     0  01:24      0.0147      0.0274       2.064
  N466                 JUNCTION      0.25     2.11     0  01:23      0.0144      0.0445       2.222
  N467                 JUNCTION      0.06     0.06     0  00:00     0.00374     0.00374       0.014
  N468                 JUNCTION      0.27     0.33     0  00:02      0.0154      0.0191       0.096
  N470                 JUNCTION      0.18     1.98     0  01:03      0.0103       0.113       0.119
  N471                 JUNCTION      0.31     2.29     0  01:06      0.0179       0.131       0.164
  N472                 JUNCTION      0.24     2.52     0  01:06      0.0137       0.144       0.255
  N473                 JUNCTION      0.32     0.32     0  00:00      0.0185      0.0185       0.159
  N474                 JUNCTION      2.78     2.78     0  00:00        0.16        0.16       0.025
  N477                 JUNCTION      0.24     5.17     0  00:53      0.0139       0.296       0.076
  N482                 JUNCTION      0.27     4.99     0  01:07      0.0153       0.286       0.066
  N483                 JUNCTION      0.08     0.33     0  02:00     0.00437      0.0044       1.718
  N486                 JUNCTION      0.01     0.64     0  00:33    0.000515      0.0367       0.076
  N487                 JUNCTION      0.02     4.96     0  03:57     0.00118       0.284       0.005
  N488                 JUNCTION      0.04     3.00     0  00:00      0.0024       0.137       0.015
  N489                 JUNCTION      0.15     2.65     0  00:00     0.00844       0.145       0.062
  N490                 JUNCTION      0.31    24.75     0  06:07      0.0178        1.41       0.121
  N491                 JUNCTION      0.15     0.15     0  00:00     0.00882     0.00882       0.037
  N492                 JUNCTION      0.30     0.45     0  00:07      0.0171      0.0259       0.096
  N498                 JUNCTION      0.08     0.08     0  00:00     0.00463     0.00463       0.047
  N499                 JUNCTION      0.34   134.78     0  06:38      0.0194        7.43       0.150
  N501                 JUNCTION      0.19     0.41     0  00:24      0.0111      0.0237       0.122
  N505                 JUNCTION      0.21     0.43     0  02:21      0.0119       0.012       2.366
  N507                 JUNCTION      0.24     1.82     0  01:14       0.014       0.104       0.298
  N510                 JUNCTION      0.23     1.38     0  01:16      0.0132       0.079       0.108
  N511                 JUNCTION      0.31     0.89     0  00:39       0.018      0.0514       0.180
  N515                 JUNCTION      0.21     0.44     0  00:34       0.012      0.0252       0.166
  N517                 JUNCTION      0.23     1.01     0  00:48       0.013      0.0582       0.170
  N522                 JUNCTION      0.27     1.47     0  00:50      0.0157      0.0841       0.187
  N530                 JUNCTION      0.23    40.98     0  16:00      0.0131        2.24       0.239
  N532                 JUNCTION      0.28     0.28     0  00:00      0.0159      0.0159       0.125
  N533                 JUNCTION      0.13     0.40     0  00:27      0.0073      0.0232       0.191
  N534                 JUNCTION      0.08     1.58     0  01:27     0.00471      0.0906       0.157
  N536                 JUNCTION      0.20     4.40     0  16:00      0.0116       0.228       0.488
  N542                 JUNCTION      0.11     0.11     0  00:00     0.00626     0.00626       0.088
  N544                 JUNCTION      0.29     0.95     0  00:36      0.0167      0.0547       0.106
  N549                 JUNCTION      0.18     1.42     0  01:06      0.0105      0.0813       0.117
  N550                 JUNCTION      0.27   108.42     0  01:52      0.0155        5.72       0.106
  N552                 JUNCTION      0.24     3.17     0  01:10      0.0139       0.099       1.210
  N553                 JUNCTION      0.26    30.90     0  01:12      0.0153        1.76       0.033
  N554                 JUNCTION      0.14    31.04     0  01:32     0.00806        1.76       0.036
  N557                 JUNCTION      0.14     0.71     0  01:22      0.0083     0.00838       2.205
  N559                 JUNCTION      0.29     0.29     0  00:00      0.0169      0.0169       0.123
  N560                 JUNCTION      0.16     0.46     0  00:26     0.00936      0.0262       0.172
  N561                 JUNCTION      0.18     2.17     0  00:58      0.0101       0.124       0.158
  N562                 JUNCTION      0.40     1.75     0  00:42      0.0233       0.101       0.144
  N563                 JUNCTION      0.24     1.99     0  00:35       0.014       0.114       0.195
  N564                 JUNCTION      0.07     0.07     0  00:00     0.00421     0.00421       0.042
  N566                 JUNCTION      0.16     1.68     0  01:18     0.00919      0.0964       0.097
  N567                 JUNCTION      0.27     0.83     0  00:54      0.0153      0.0477       0.229
  N569                 JUNCTION      0.12     2.12     0  01:17     0.00695       0.121       0.140
  N573                 JUNCTION      0.24     0.58     0  00:30       0.014      0.0333       0.181
  N574                 JUNCTION      0.22     6.56     0  02:46      0.0125       0.374       0.055
  N576                 JUNCTION      0.16     4.60     0  00:14     0.00942       0.265       0.082
  N577                 JUNCTION      0.35     1.43     0  00:58      0.0199      0.0202       2.405
  N578                 JUNCTION      0.24    17.53     0  16:00       0.014       0.986       0.187
  N581                 JUNCTION      0.13     0.13     0  00:00     0.00738     0.00738       0.163
  N582                 JUNCTION      0.19     2.08     0  00:54      0.0108      0.0325       2.438
  N585                 JUNCTION      0.19     1.05     0  02:52       0.011      0.0601       0.141
  N587                 JUNCTION      0.22     2.06     0  01:28      0.0128       0.118       0.125
  N589                 JUNCTION      0.22     1.83     0  01:01      0.0125       0.105       0.097
  N592                 JUNCTION      0.20     7.74     0  01:05      0.0117       0.442       0.056
  N593                 JUNCTION      0.25     1.54     0  00:33      0.0142      0.0888       0.123
  N595                 JUNCTION      0.15     7.98     0  02:51     0.00858       0.455       0.073
  N596                 JUNCTION      0.20     4.43     0  00:51      0.0115       0.254       0.069
  N597                 JUNCTION      0.28     1.78     0  01:48      0.0164       0.102       0.186
  N599                 JUNCTION      0.21    35.21     0  16:00      0.0122        1.96       0.133
  N600                 JUNCTION      0.17     8.84     0  06:13     0.00999       0.504       0.030
  N605                 JUNCTION      0.39     3.42     0  01:00      0.0223       0.136       1.237
  N607                 JUNCTION      0.08     0.44     0  00:09     0.00444      0.0252       0.090
  N609                 JUNCTION      0.17     4.65     0  01:06        0.01       0.266       0.184
  N610                 JUNCTION      0.15     4.81     0  01:06     0.00875       0.274       0.308
  N611                 JUNCTION      0.15     0.45     0  00:32     0.00882      0.0259       0.840
  N612                 JUNCTION      0.12     0.37     0  00:03     0.00688      0.0211       0.239
  N614                 JUNCTION      0.18     0.40     0  00:16      0.0105       0.023       0.131
  N615                 JUNCTION      0.20     0.86     0  03:49      0.0117      0.0492       0.153
  N616                 JUNCTION      0.07     1.29     0  01:14     0.00388     0.00862       6.989
  N618                 JUNCTION      0.22     8.64     0  01:13      0.0126       0.487       0.425
  N619                 JUNCTION      0.18     2.56     0  02:15      0.0105       0.146       0.145
  N620                 JUNCTION      0.27     0.85     0  00:50      0.0156      0.0491       0.281
  N621                 JUNCTION      0.21     0.21     0  00:00      0.0124      0.0124       0.062
  N623                 JUNCTION      0.12     0.12     0  00:00     0.00664     0.00664       0.069
  N625                 JUNCTION      0.20    11.79     0  01:27      0.0118       0.677       0.058
  N626                 JUNCTION      0.23    12.03     0  01:30      0.0134        0.69       0.070
  N630                 JUNCTION      0.13     0.25     0  00:41     0.00756      0.0146       0.139
  N631                 JUNCTION      0.28     0.53     0  00:40      0.0161      0.0306       0.185
  N632                 JUNCTION      0.25     0.65     0  00:25      0.0145      0.0373       0.063
  N633                 JUNCTION      0.20     0.37     0  00:19      0.0113      0.0212       0.079
  N634                 JUNCTION      2.33     2.33     0  00:00       0.134       0.134       0.002
  N640                 JUNCTION      0.14     0.14     0  00:00      0.0082      0.0082       0.070
  N642                 JUNCTION      0.04     0.12     0  01:23      0.0024     0.00242       2.070
  N644                 JUNCTION     12.43    12.43     0  00:00       0.716       0.716       0.009
  N645                 JUNCTION      0.17     5.66     0  01:43     0.00982       0.323       0.271
  N646                 JUNCTION      0.28     1.29     0  00:54       0.016      0.0161       2.057
  N647                 JUNCTION      0.23     0.93     0  00:37       0.013      0.0536       0.156
  N649                 JUNCTION      0.32    72.98     0  16:00      0.0185        4.04       0.183
  N650                 JUNCTION      0.20     1.52     0  01:29      0.0115       0.087       0.069
  N652                 JUNCTION      0.27     3.86     0  01:07      0.0155       0.222       0.086
  N655                 JUNCTION      0.25     0.40     0  02:57      0.0143      0.0228       0.119
  N656                 JUNCTION      0.21     0.83     0  02:25      0.0121       0.035       2.369
  N658                 JUNCTION      0.29     0.95     0  01:08      0.0169      0.0545       0.245
  N659                 JUNCTION      0.20     0.20     0  00:00      0.0114      0.0114       0.066
  N660                 JUNCTION      0.21     0.41     0  00:14       0.012      0.0234       0.115
  N662                 JUNCTION      0.32     0.32     0  00:00      0.0184      0.0184       0.170
  N664                 JUNCTION      0.11     0.11     0  00:00     0.00612     0.00612       0.074
  N665                 JUNCTION      0.28     0.38     0  00:16       0.016      0.0221       0.138
  N666                 JUNCTION      0.24     2.81     0  02:54      0.0141        0.16       0.108
  N668                 JUNCTION      3.18     3.18     0  00:00       0.183       0.183       0.001
  N670                 JUNCTION      0.24     2.72     0  00:36      0.0138      0.0309       3.486
  N672                 JUNCTION      0.20     0.92     0  00:28      0.0118      0.0531       0.163
  N673                 JUNCTION      0.25     0.70     0  01:00      0.0144      0.0401       0.158
  N674                 JUNCTION      0.15     0.84     0  00:42      0.0085      0.0485       0.124
  N675                 JUNCTION      0.25     6.31     0  16:00      0.0143       0.348       0.353
  N676                 JUNCTION      0.12     1.07     0  01:06     0.00695     0.00708       2.211
  N677                 JUNCTION      0.33     0.33     0  00:00      0.0191      0.0191       0.134
  N683                 JUNCTION      0.07     0.48     0  01:15      0.0042      0.0276       0.054
  N685                 JUNCTION      0.07     0.14     0  00:04     0.00413     0.00788       0.071
  N686                 JUNCTION      0.03     0.16     0  00:04     0.00153     0.00941       0.042
  N687                 JUNCTION      0.12     0.12     0  00:00     0.00698     0.00698       0.035
  N688                 JUNCTION      0.29     0.58     0  02:36      0.0168      0.0238       2.175
  N690                 JUNCTION      0.23     4.92     0  00:57      0.0133       0.282       0.069
  N691                 JUNCTION      0.38     2.22     0  01:39      0.0217      0.0983       0.560
  N692                 JUNCTION      0.26     4.12     0  01:07      0.0147       0.237       0.082
  N693                 JUNCTION      0.21     6.07     0  00:27      0.0121       0.335       0.334
  N694                 JUNCTION      0.14     0.40     0  00:43     0.00829      0.0233       0.139
  N695                 JUNCTION      0.25     0.59     0  00:13      0.0141      0.0343       0.115
  N698                 JUNCTION      0.15     2.18     0  00:46     0.00875       0.125       0.152
  N699                 JUNCTION      0.09     7.09     0  01:06      0.0052       0.407       0.057
  N700                 JUNCTION      0.27    24.79     0  01:14      0.0156        1.41       0.084
  N702                 JUNCTION      0.17     0.24     0  01:28     0.00965     0.00965       1.936
  N704                 JUNCTION      0.16     5.12     0  00:50     0.00896       0.293       0.037
  N705                 JUNCTION      0.18     5.29     0  00:50      0.0102       0.303       0.067
  N706                 JUNCTION      0.34     1.28     0  02:07      0.0193      0.0736       0.184
  N711                 JUNCTION      0.37     8.97     0  00:37      0.0211       0.131       2.625
  N713                 JUNCTION      0.06     0.93     0  00:45     0.00348      0.0534       0.091
  N714                 JUNCTION      0.25     1.16     0  00:12      0.0142      0.0664       0.083
  N715                 JUNCTION      0.14     0.60     0  01:27     0.00792     0.00801       2.131
  N716                 JUNCTION      0.37     0.37     0  00:00      0.0214      0.0214       0.137
  N717                 JUNCTION      0.17     7.30     0  02:19     0.00987       0.416       0.176
  N719                 JUNCTION      0.17     0.72     0  00:58        0.01      0.0411       0.215
  N720                 JUNCTION      0.11     0.23     0  00:18     0.00659      0.0132       0.123
  N722                 JUNCTION      0.26     1.02     0  00:29      0.0148      0.0584       0.102
  N723                 JUNCTION      2.34     2.34     0  00:00       0.135       0.135       0.006
  N725                 JUNCTION      0.03     1.51     0  02:18     0.00147      0.0861       0.067
  N726                 JUNCTION      0.27     4.17     0  00:14      0.0158      0.0856       1.418
  N727                 JUNCTION      0.22     5.37     0  00:08      0.0128      0.0979       1.269
  N728                 JUNCTION      0.20     0.20     0  00:00      0.0117      0.0117       0.120
  N729                 JUNCTION      0.05     0.05     0  00:00     0.00292     0.00292       0.069
  N734                 JUNCTION      0.27     0.34     0  00:09      0.0156      0.0195       0.109
  N735                 JUNCTION      0.25     0.59     0  00:41      0.0143      0.0338       0.145
  N736                 JUNCTION      0.26     3.02     0  00:46       0.015      0.0902       1.538
  N737                 JUNCTION      0.21     7.36     0  16:00       0.012       0.414       0.233
  N738                 JUNCTION      0.25     7.62     0  16:00      0.0145       0.428       0.214
  N741                 JUNCTION      0.97     1.58     0  00:33       0.056       0.056       0.477
  N745                 JUNCTION      0.19     7.29     0  01:00      0.0111       0.417       0.102
  N748                 JUNCTION      0.15     0.73     0  00:42     0.00865      0.0421       0.684
  N749                 JUNCTION      0.27   116.68     0  01:52      0.0157        6.28       0.116
  N750                 JUNCTION      0.17    24.53     0  01:14     0.00975        1.39       0.066
  N751                 JUNCTION      0.27     0.27     0  00:00      0.0156      0.0156       0.100
  N753                 JUNCTION      0.30     6.77     0  00:59      0.0175       0.387       0.087
  N754                 JUNCTION      0.18     0.76     0  00:04      0.0104      0.0425       0.270
  N755                 JUNCTION      0.15     3.14     0  01:12     0.00845      0.0676       0.953
  N756                 JUNCTION      0.09     2.37     0  00:57     0.00514       0.136       0.148
  N758                 JUNCTION      0.21    16.85     0  03:18       0.012       0.963       0.053
  N762                 JUNCTION      0.20     0.20     0  00:00      0.0116      0.0116       0.158
  N763                 JUNCTION      0.18     2.73     0  00:42      0.0105      0.0575       1.722
  N764                 JUNCTION      0.35     0.35     0  00:00      0.0203      0.0203       0.170
  N766                 JUNCTION      0.19     0.69     0  00:59       0.011      0.0147       2.091
  N768                 JUNCTION      0.20     0.76     0  01:13      0.0117      0.0436       0.182
  N771                 JUNCTION      0.23     1.75     0  00:42      0.0133         0.1       0.098
  N772                 JUNCTION      0.01     0.13     0  00:01    0.000606     0.00715       0.074
  N777                 JUNCTION      0.14     0.14     0  00:00     0.00809     0.00809       0.065
  N778                 JUNCTION      0.02     0.17     0  00:02     0.00139     0.00947       0.099
  N779                 JUNCTION      0.21     0.21     0  00:00      0.0119      0.0119       0.000
  N780                 JUNCTION      0.20     0.51     0  00:25      0.0115      0.0294       0.112
  N781                 JUNCTION      0.42     1.25     0  01:18      0.0243      0.0245       2.054
  N783                 JUNCTION      0.24     0.67     0  00:36      0.0136      0.0386       0.133
  N787                 JUNCTION      0.30    19.59     0  03:18      0.0172        1.12       0.109
  N788                 JUNCTION      0.15     0.58     0  01:31     0.00848     0.00856       2.328
  N789                 JUNCTION      0.29     0.96     0  00:50      0.0167      0.0168       1.564
  N791                 JUNCTION      0.22     0.63     0  00:33      0.0126      0.0363       0.113
  N792                 JUNCTION      0.23     2.82     0  00:01      0.0134       0.159       0.068
  N794                 JUNCTION      0.33   116.45     0  01:52      0.0191        6.27       0.120
  N795                 JUNCTION      0.20     0.20     0  00:00      0.0114      0.0114       0.092
  N796                 JUNCTION      0.15     0.15     0  00:00     0.00877     0.00877       0.130
  N798                 JUNCTION      0.32    99.81     0  01:50      0.0185        5.18       0.145
  N799                 JUNCTION      0.26     0.39     0  02:06      0.0151      0.0151       2.124
  N801                 JUNCTION      0.25     0.25     0  00:00      0.0142      0.0142       0.115
  N804                 JUNCTION      0.36   143.49     0  06:36      0.0207        7.85       0.136
  N806                 JUNCTION      0.26     0.78     0  01:13      0.0149      0.0446       0.434
  N807                 JUNCTION      0.22     0.72     0  00:27      0.0126      0.0413       0.110
  N808                 JUNCTION      0.17     0.17     0  00:00     0.00991     0.00991       0.073
  N809                 JUNCTION      0.14     0.31     0  00:15     0.00812       0.018       0.137
  N811                 JUNCTION      0.06     1.86     0  01:32     0.00317      0.0178       5.115
  N814                 JUNCTION      0.22     0.59     0  00:57      0.0127      0.0338       0.138
  N815                 JUNCTION      0.20     4.32     0  02:06      0.0118       0.248       0.065
  N816                 JUNCTION      0.28     0.66     0  00:43      0.0163      0.0379       0.132
  N817                 JUNCTION      0.21     0.21     0  00:00      0.0122      0.0122       0.093
  N819                 JUNCTION      0.32    38.27     0  16:00      0.0185        2.13       0.228
  N822                 JUNCTION      0.31     3.13     0  00:02      0.0177       0.177       0.089
  N823                 JUNCTION      0.25     1.01     0  00:08      0.0141      0.0574       0.213
  N827                 JUNCTION      0.24     0.87     0  00:48      0.0138        0.05       0.087
  N828                 JUNCTION      0.18     8.82     0  01:15      0.0103       0.495       0.385
  N829                 JUNCTION      0.21     0.61     0  01:08      0.0119       0.012       2.415
  N830                 JUNCTION      0.06     0.06     0  00:00     0.00333     0.00333       0.056
  N832                 JUNCTION      1.15     1.15     0  00:00      0.0663      0.0663       0.007
  N833                 JUNCTION      0.24     1.29     0  00:46      0.0136      0.0742       0.062
  N834                 JUNCTION      0.19     0.80     0  01:09      0.0109       0.011       2.154
  N836                 JUNCTION      0.19     0.54     0  00:38      0.0109      0.0311       0.269
  N837                 JUNCTION      0.07     0.57     0  01:14     0.00422      0.0044       6.368
  N838                 JUNCTION      0.11     0.11     0  00:00     0.00654     0.00654       0.057
  N839                 JUNCTION      0.01     0.54     0  00:25    0.000383      0.0312       0.098
  N840                 JUNCTION      0.24     0.78     0  00:28      0.0137      0.0448       0.083
  N842                 JUNCTION      0.34     1.26     0  00:31      0.0197      0.0726       0.131
  N845                 JUNCTION      0.34     0.34     0  00:00      0.0194      0.0194       0.139
  N847                 JUNCTION      0.04     0.79     0  01:13     0.00203      0.0456       0.128
  N849                 JUNCTION      0.11     0.81     0  00:55     0.00622      0.0063       2.007
  N851                 JUNCTION      0.10     2.84     0  00:38     0.00599      0.0627       0.961
  N853                 JUNCTION      0.22     0.92     0  01:43      0.0129       0.025       2.128
  N854                 JUNCTION      0.10     0.10     0  00:00     0.00586     0.00586       0.044
  N855                 JUNCTION      0.27     0.27     0  00:00      0.0157      0.0157       0.086
  N857                 JUNCTION      0.26     1.77     0  00:56      0.0148       0.102       0.092
  N858                 JUNCTION     21.90    21.90     0  00:00        1.26        1.26       0.017
  N862                 JUNCTION      0.08     0.08     0  00:00      0.0045      0.0045       0.049
  N863                 JUNCTION      0.23     0.31     0  00:10      0.0131      0.0176       0.096
  N865                 JUNCTION      0.26     6.46     0  02:44      0.0149        0.37       0.075
  N869                 JUNCTION      0.24     6.20     0  00:57       0.014       0.355       0.080
  N870                 JUNCTION      0.26     5.96     0  01:13      0.0147       0.342       0.303
  N871                 JUNCTION      0.25    10.50     0  00:59      0.0143       0.597       0.130
  N873                 JUNCTION      0.17     0.17     0  00:00     0.00974     0.00974       0.104
  N874                 JUNCTION      0.18     0.35     0  00:22      0.0105      0.0202       0.180
  N875                 JUNCTION      0.24     0.65     0  00:45      0.0139      0.0371       0.151
  N877                 JUNCTION      0.23     5.28     0  00:32      0.0131      0.0912       1.364
  N878                 JUNCTION      0.24     1.79     0  00:34      0.0139       0.103       0.184
  N886                 JUNCTION      0.16     1.10     0  00:29     0.00937       0.063       0.078
  N887                 JUNCTION      0.22    10.56     0  02:19      0.0126       0.601       0.080
  N888                 JUNCTION      0.17    22.02     0  02:01      0.0098        1.24       0.341
  N890                 JUNCTION      0.04     1.34     0  00:57     0.00245      0.0766       0.109
  N892                 JUNCTION      0.05     0.05     0  00:00     0.00275     0.00275       0.030
  N893                 JUNCTION      0.30   143.13     0  06:36      0.0171        7.84       0.081
  N894                 JUNCTION      0.19     1.09     0  01:09      0.0109      0.0111       2.831
  N895                 JUNCTION      0.16     0.97     0  01:23     0.00925     0.00937       2.208
  N899                 JUNCTION      0.20     2.56     0  02:46      0.0118       0.146       0.101
  N903                 JUNCTION      0.23     0.23     0  00:00      0.0134      0.0134       0.145
  N906                 JUNCTION      0.30    38.83     0  16:00      0.0171        2.15       0.263
  N908                 JUNCTION      0.16     0.22     0  00:18     0.00915      0.0124       0.079
  N909                 JUNCTION      0.11     0.81     0  01:31     0.00647     0.00654       1.639
  N912                 JUNCTION      0.08     0.69     0  00:43     0.00463      0.0395       0.043
  N913                 JUNCTION      0.25     0.93     0  00:29      0.0142      0.0537       0.066
  N914                 JUNCTION      0.37     2.02     0  00:56      0.0212       0.115       1.300
  N915                 JUNCTION      0.14     1.03     0  00:40     0.00814      0.0317       3.381
  N916                 JUNCTION      0.15     0.15     0  00:00     0.00855     0.00855       0.074
  N919                 JUNCTION      0.22    10.25     0  01:05      0.0128       0.584       0.133
  N921                 JUNCTION      0.10     2.11     0  00:46      0.0056      0.0198       3.798
  N922                 JUNCTION      0.04   108.43     0  01:52     0.00232        5.72       0.063
  N923                 JUNCTION      0.01     1.60     0  00:36    0.000307      0.0713       0.889
  N924                 JUNCTION      3.30     3.30     0  00:00        0.19        0.19       0.043
  N925                 JUNCTION      0.17     1.55     0  01:20     0.00973      0.0887       0.069
  N926                 JUNCTION      0.21     0.54     0  00:29      0.0118      0.0313       0.171
  N929                 JUNCTION      0.24     5.13     0  00:06      0.0141       0.292       0.141
  N930                 JUNCTION      0.32     3.38     0  00:26      0.0186       0.147       0.972
  N931                 JUNCTION      0.36     1.06     0  01:30      0.0209      0.0211       2.257
  N938                 JUNCTION      0.24     1.63     0  00:13      0.0141      0.0926       0.316
  N939                 JUNCTION      0.11     0.11     0  00:00     0.00636     0.00636       0.033
  N940                 JUNCTION      0.20     1.68     0  01:52      0.0117      0.0858       1.063
  N941                 JUNCTION      0.18     9.17     0  02:56      0.0106       0.522       0.113
  N942                 JUNCTION      0.35   124.76     0  01:52      0.0204        6.82       0.098
  N944                 JUNCTION      0.03     1.86     0  01:30     0.00183       0.106       0.055
  N950                 JUNCTION      0.14     9.32     0  03:10      0.0083        0.53       0.187
  N951                 JUNCTION      0.12     0.55     0  00:42     0.00699      0.0314       0.210
  N952                 JUNCTION      0.18     0.80     0  01:23      0.0106      0.0107       2.052
  N954                 JUNCTION      0.23     7.53     0  01:02      0.0131       0.427       0.258
  N956                 JUNCTION      0.08     0.67     0  00:45     0.00448     0.00455       2.957
  N957                 JUNCTION      0.35     0.35     0  00:00        0.02        0.02       0.177
  N959                 JUNCTION      0.14     0.85     0  01:29     0.00799      0.0081       2.180
  N960                 JUNCTION      0.28     0.28     0  00:00      0.0162      0.0162       0.151
  N961                 JUNCTION      0.26     0.54     0  00:32       0.015      0.0312       0.253
  N962                 JUNCTION      0.24     0.62     0  00:39      0.0136      0.0356       0.267
  N963                 JUNCTION      0.25   100.02     0  01:50      0.0147        5.18       0.146
  N964                 JUNCTION      0.15     1.13     0  01:06     0.00849      0.0086       2.411
  N966                 JUNCTION      0.30     0.30     0  00:00      0.0171      0.0171       0.240
  N967                 JUNCTION      0.32     6.50     0  00:32      0.0183      0.0682       1.949
  N968                 JUNCTION      0.20     0.79     0  00:44      0.0116      0.0453       0.208
  N970                 JUNCTION      0.16     0.16     0  00:00     0.00942     0.00942       0.107
  N971                 JUNCTION      0.26     0.42     0  00:22       0.015      0.0245       0.201
  N972                 JUNCTION      0.11     0.11     0  00:00     0.00659     0.00659       0.083
  N974                 JUNCTION      0.17     0.95     0  00:49     0.00979     0.00988       1.539
  N975                 JUNCTION      0.08     0.26     0  01:44     0.00444     0.00446       1.379
  N976                 JUNCTION      0.13     0.59     0  01:35     0.00727      0.0118       2.142
  N977                 JUNCTION      0.29     1.56     0  01:20      0.0167      0.0896       0.306
  N978                 JUNCTION      0.35     0.35     0  00:00      0.0201      0.0201       0.068
  N979                 JUNCTION      0.33     0.33     0  00:00      0.0189      0.0189       0.120
  N980                 JUNCTION      0.06     1.42     0  01:57     0.00366      0.0229       3.957
  N984                 JUNCTION      0.27     0.56     0  01:53      0.0157      0.0158       1.552
  N985                 JUNCTION      0.12     0.12     0  00:00     0.00709     0.00709       0.071
  N986                 JUNCTION      0.07     0.07     0  00:00     0.00375     0.00375       0.022
  N987                 JUNCTION      4.82     4.82     0  00:00       0.277       0.277       0.003
  N990                 JUNCTION      0.30     0.30     0  00:00      0.0172      0.0172       0.158
  N991                 JUNCTION      0.10    75.66     0  01:48     0.00604        3.69       0.091
  N992                 JUNCTION      0.20     1.54     0  01:06      0.0116      0.0117       2.502
  N994                 JUNCTION      0.05     1.05     0  01:56     0.00261      0.0444       1.293
  N995                 JUNCTION      0.56     0.56     0  00:00      0.0321      0.0321       0.145
  N996                 JUNCTION      0.24     0.24     0  00:00       0.014       0.014       0.070
  N997                 JUNCTION      0.00     2.46     0  02:04           0       0.141       0.000
  N998                 JUNCTION      0.07     0.07     0  00:00     0.00393     0.00393       0.043
  N999                 JUNCTION      0.22     0.22     0  00:00      0.0125      0.0125       0.078
  N1000                JUNCTION      0.25     0.25     0  00:00      0.0146      0.0146       0.098
  N1001                JUNCTION      0.39    84.06     0  16:00      0.0227        4.63       0.124
  N1002                JUNCTION      0.07     0.07     0  00:00     0.00408     0.00408       0.070
  N1003                JUNCTION      0.15     0.15     0  00:00     0.00854     0.00854       0.283
  N1005                JUNCTION      0.36     1.10     0  01:13      0.0206      0.0207       1.717
  N1006                JUNCTION      0.22     0.22     0  00:00      0.0124      0.0124       0.223
  N1007                JUNCTION      0.34     1.19     0  01:16      0.0193      0.0194       1.925
  N1009                JUNCTION      0.31     1.11     0  01:17       0.018      0.0181       1.992
  MH4454411            STORAGE       0.19     6.47     0  02:02      0.0108       0.368       0.584
  MH4450314            STORAGE       0.10     2.59     0  00:00       0.006       0.146       0.029
  MH4428367            STORAGE       0.27     0.86     0  01:41      0.0157      0.0495       0.099
  MH4428606            STORAGE       0.35     2.61     0  00:49      0.0204        0.15       1.829
  MH4454744            STORAGE       0.08     0.16     0  00:01     0.00477     0.00908       0.092
  MH4452397            STORAGE       0.02     0.40     0  00:25     0.00141      0.0229       0.062
  MH4453133            STORAGE       0.03     7.13     0  02:29     0.00188       0.408       0.393
  MH4447602            STORAGE       0.31     0.67     0  02:52      0.0176      0.0304       3.971
  MH4429312            STORAGE       0.38    10.45     0  16:00       0.022       0.588       0.365
  MH4453788            STORAGE       0.06     1.07     0  01:38     0.00354      0.0131       3.226
  MH4456108            STORAGE       0.24     2.16     0  01:23       0.014       0.124       0.100
  MH4454209            STORAGE       0.24     5.63     0  00:08      0.0137        0.32       0.148
  MH1624017            STORAGE       0.10     0.88     0  00:28     0.00601      0.0508       0.127
  MH1623826            STORAGE       0.19     1.07     0  00:36      0.0109      0.0616       0.102
  MH4429136            STORAGE       0.34    17.66     0  00:11      0.0198       0.921       0.378
  MH4501201            STORAGE       0.14    10.70     0  02:22      0.0082       0.609       0.114
  MH4501544            STORAGE       0.18   144.43     0  06:35      0.0104        7.88       0.074
  MH4454640            STORAGE       0.13     7.09     0  01:30      0.0072       0.406       0.053
  MH4453512            STORAGE       0.22     8.42     0  01:43      0.0125       0.477       0.492
  MH4452154            STORAGE       0.09     7.07     0  00:52     0.00496        0.19       3.121
  MH4452217            STORAGE       0.24     5.67     0  01:07      0.0138       0.199       0.745
  MH4446824            STORAGE       0.25     4.76     0  01:23      0.0143       0.273       0.593
  MH4453931            STORAGE       0.28     0.72     0  00:32       0.016      0.0412       0.192
  MH4456468            STORAGE       0.15     0.26     0  00:01     0.00867       0.015       0.142
  MH4502097            STORAGE       0.06   155.46     0  06:34     0.00349        8.49       0.098
  MH4447369            STORAGE       0.07     1.30     0  00:00     0.00421      0.0747       0.107
  MH4448345            STORAGE       0.03    39.22     0  16:00     0.00153        2.16       0.109
  MH4448419            STORAGE       0.27    39.48     0  16:00      0.0153        2.17       0.068
  MH4449083            STORAGE       0.17     0.51     0  00:03     0.00987      0.0291       0.128
  MH4499116            STORAGE       0.16     2.60     0  01:33      0.0092       0.149       0.046
  MH4454674            STORAGE       0.12     0.70     0  00:43     0.00679      0.0402       0.107
  MH4427688            STORAGE       0.45     3.35     0  01:16       0.026       0.192       0.107
  MH4448753            STORAGE       0.27     0.33     0  00:01      0.0156      0.0191       0.311
  MH1627682            STORAGE       0.26     1.50     0  01:48      0.0148      0.0857       0.173
  MH4452538            STORAGE       0.38     1.03     0  00:27       0.022      0.0593       0.128
  MH5118586            STORAGE       0.24     3.15     0  01:08      0.0141       0.181       0.121
  MH4452724            STORAGE       0.27     0.56     0  00:18      0.0158       0.032       0.188
  MH4448853            STORAGE       0.37     9.31     0  00:31      0.0216       0.116       2.750
  MH4500422            STORAGE       0.01     5.52     0  02:15    0.000863       0.314       0.030
  MH4449806            STORAGE       0.43     3.75     0  00:45      0.0245       0.194       1.531
  MH4450137            STORAGE       0.24     5.81     0  00:39      0.0137       0.222       1.257
  MH4428117            STORAGE       0.09     0.09     0  00:00     0.00498     0.00498       0.011
  MH4428139            STORAGE       0.23     0.48     0  00:40      0.0135      0.0279       0.121
  MH4455909            STORAGE       0.31   135.30     0  01:52       0.018        7.42       0.150
  MH4451823            STORAGE       0.04    34.02     0  16:00     0.00223        1.82       0.111
  MH4450787            STORAGE       0.37     0.37     0  00:00      0.0215      0.0215       0.137
  MH4428026            STORAGE       0.24     1.52     0  01:17      0.0136      0.0873       0.073
  MH4501866            STORAGE       0.18    21.60     0  02:10      0.0105        1.22       0.144
  MH1627986            STORAGE       0.15     1.75     0  00:49     0.00871         0.1       0.169
  MH4499632            STORAGE       0.10     4.79     0  02:24     0.00578       0.273       0.080
  MH4429035            STORAGE       0.30     0.64     0  02:10      0.0172       0.037       0.189
  MH4449704            STORAGE       0.33     4.90     0  00:49      0.0192       0.157       1.919
  MH4449118            STORAGE       0.35     6.38     0  00:30      0.0202       0.215       1.883
  MH1629281            STORAGE       0.05     2.72     0  01:24     0.00313       0.155       0.084
  MH4454718            STORAGE       0.12     0.61     0  01:28     0.00687      0.0353       0.057
  MH4451287            STORAGE       1.04    19.29     0  03:19      0.0597         1.1       0.094
  MH4450219            STORAGE       0.29     1.63     0  01:12      0.0167      0.0934       0.151
  MH4449321            STORAGE       0.29     2.93     0  00:53      0.0165      0.0779       1.388
  MH4448509            STORAGE       0.31     2.82     0  01:14       0.018      0.0456       2.301
  MH4428524            STORAGE       0.20    30.63     0  00:51      0.0116        1.74       0.026
  MH1627084            STORAGE       0.17     1.21     0  00:41     0.00979      0.0697       0.200
  MH4455762            STORAGE       0.02     0.72     0  01:00     0.00113      0.0415       0.062
  MH4452721            STORAGE       0.19     6.41     0  02:09      0.0112       0.367       0.124
  MH4447128            STORAGE       0.41     3.78     0  01:00      0.0234      0.0749       2.692
  MH4447726            STORAGE       0.32     4.77     0  00:39      0.0187       0.134       1.858
  MH4428268            STORAGE       0.26     5.71     0  15:18       0.015       0.327       0.112
  MH4428636            STORAGE       0.26     7.30     0  01:01      0.0147       0.417       0.410
  MH4452977            STORAGE       0.27     2.51     0  00:54      0.0153      0.0485       1.933
  MH1632309            STORAGE       0.05   186.93     0  06:33     0.00281        10.2       0.026
  MH4500035            STORAGE       0.26    10.03     0  01:05      0.0152       0.571       0.120
  MH4451759            STORAGE       0.02     0.29     0  00:36    0.000996      0.0165       0.046
  MH4454490            STORAGE       0.23     3.26     0  00:54      0.0133       0.187       0.116
  MH4447880            STORAGE       0.25     5.31     0  01:24      0.0145       0.299       0.475
  MH4499417            STORAGE       0.19     7.68     0  03:07      0.0111       0.438       0.084
  MH4453579            STORAGE       0.23   108.31     0  01:52      0.0134        5.72       0.145
  MH4451531            STORAGE       0.14     0.27     0  00:01     0.00833      0.0156       0.137
  MH4449785            STORAGE       0.32    43.31     0  16:00      0.0183         2.4       0.232
  MH4447416            STORAGE       0.22     2.63     0  01:04      0.0128      0.0448       2.111
  MH4453124            STORAGE       0.18     4.17     0  01:15      0.0103       0.239       0.031
  MH5228371            STORAGE       0.07     0.15     0  00:01      0.0041     0.00854       0.064
  MH6153571            STORAGE       0.29   139.31     0  06:37      0.0165        7.66       0.072
  MH4427425            STORAGE       0.41     0.53     0  00:01      0.0234      0.0302       0.264
  MH7465841            STORAGE       0.06    33.16     0  01:10     0.00319        1.88       0.027
  MH4451971            STORAGE       0.27     0.84     0  00:47      0.0155      0.0486       0.126
  MH4450757            STORAGE       0.18    16.38     0  01:15      0.0106       0.937       0.090
  MH4447684            STORAGE       0.09     1.18     0  00:50     0.00505       0.068       0.044
  MH4449173            STORAGE       0.47    42.99     0  16:00      0.0272        2.34       0.116
  MH4451058            STORAGE       0.04     3.98     0  00:56     0.00211       0.229       0.048
  MH4452032            STORAGE       0.32     2.29     0  01:18      0.0184      0.0362       1.822
  MH4451840            STORAGE       0.24     4.32     0  00:42      0.0141      0.0616       3.080
  MH1790845            STORAGE       0.61     1.27     0  01:52      0.0354      0.0732       0.643
  MH4456553            STORAGE       0.26   135.04     0  06:38      0.0151        7.43       0.140
  MH4449510            STORAGE       0.15    11.59     0  12:45      0.0085       0.665       0.070
  MH4428713            STORAGE       0.37     1.85     0  01:56      0.0214      0.0684       1.827
  MH4428995            STORAGE       0.31     4.02     0  01:19      0.0178      0.0852       1.833
  MH4447351            STORAGE       0.33     1.15     0  01:14      0.0188       0.066       0.124
  MH4450170            STORAGE       0.30    13.79     0  04:04      0.0173        0.79       0.104
  MH4500254            STORAGE       0.18     0.45     0  00:02      0.0102      0.0259       0.176
  MH4448662            STORAGE       0.28     1.01     0  01:03      0.0164      0.0579       0.258
  MH4429357            STORAGE       0.37    10.45     0  16:00      0.0213       0.548       0.488
  MH5286735            STORAGE       0.07     0.15     0  00:01      0.0038     0.00843       0.066
  MH4449860            STORAGE       0.16     0.28     0  00:01     0.00938      0.0158       0.186
  MH4452919            STORAGE       0.29     0.29     0  00:00      0.0164      0.0164       0.251
  MH4450449            STORAGE       0.33    72.29     0  16:00      0.0192        4.01       0.120
  MH4450581            STORAGE       0.37    72.66     0  16:00      0.0213        4.03       0.159
  MH6042164            STORAGE       0.24     1.61     0  01:04      0.0139      0.0923       0.129
  MH1625395            STORAGE       0.18     1.24     0  00:44      0.0101       0.071       0.251
  MH4447397            STORAGE       0.31     3.05     0  01:39       0.018      0.0697       2.370
  MH5241467            STORAGE       0.04     3.17     0  01:25     0.00238      0.0791       1.792
  MH4455121            STORAGE       0.26   124.56     0  01:52       0.015        6.81       0.089
  MH4428765            STORAGE       0.07     1.18     0  02:07     0.00386      0.0244       3.104
  MH1624138            STORAGE       0.25   141.49     0  06:37      0.0142        7.76       0.092
  MH4452902            STORAGE       0.03     3.92     0  00:00     0.00195       0.185       0.006
  MH4452980            STORAGE       0.00     4.44     0  01:00    0.000267       0.256       0.005
  MH4451333            STORAGE       0.04     0.17     0  00:18     0.00208     0.00991       0.014
  MH1623974            STORAGE       0.33     1.06     0  00:38      0.0191      0.0607       0.293
  MH4428320            STORAGE       0.27     0.75     0  01:07      0.0155      0.0434       0.141
  MH1632398            STORAGE       0.19   187.12     0  06:33      0.0111        10.2       0.030
  MH4447643            STORAGE       0.02    37.78     0  16:00     0.00114        2.12       0.178
  MH4452081            STORAGE       0.20     4.52     0  01:10      0.0115       0.259       0.059
  MH4429013            STORAGE       0.25     8.93     0  01:04      0.0142       0.507       0.429
  MH4429468            STORAGE       0.22     3.28     0  01:10      0.0127      0.0345       3.454
  MH4446883            STORAGE       0.11     3.40     0  01:11      0.0061      0.0518       2.829
  MH4451092            STORAGE       0.25     4.23     0  00:51      0.0144       0.243       0.043
  MH4448796            STORAGE       0.10     0.37     0  00:03      0.0059      0.0205       0.153
  MH4500902            STORAGE       0.21    10.34     0  02:17       0.012       0.589       0.069
  MH4449330            STORAGE       0.08     0.41     0  01:15      0.0044      0.0234       0.027
  MH4450211            STORAGE       0.08     1.06     0  00:45     0.00447      0.0606       0.052
  MH4453770            STORAGE       0.24     0.66     0  00:45      0.0135      0.0379       0.939
  MH4429527            STORAGE       0.46     1.85     0  01:54      0.0262      0.0527       2.447
  MH4450975            STORAGE       0.27     3.03     0  00:53      0.0154      0.0496       2.371
  MH4450207            STORAGE       0.44     1.03     0  02:02      0.0255      0.0374       2.649
  MH4453740            STORAGE       0.25     1.41     0  00:49      0.0145      0.0812       0.087
  MH4429179            STORAGE       0.28     4.81     0  01:01      0.0163       0.103       2.470
  MH4452527            STORAGE       0.24    76.33     0  01:48      0.0137        3.75       0.099
  MH4452680            STORAGE       0.53    79.29     0  01:49      0.0303        3.98       0.245
  MH1624769            STORAGE       0.06   142.83     0  06:36     0.00367        7.83       0.075
  MH4454629            STORAGE       0.22     7.88     0  01:30      0.0129       0.443       0.257
  MH1624494            STORAGE       0.28     1.50     0  00:51      0.0161       0.086       0.141
  MH4451143            STORAGE       0.30     2.13     0  01:06      0.0171       0.035       1.420
  MH4450922            STORAGE       0.29    89.04     0  16:00      0.0165        4.89       0.105
  MH4451207            STORAGE       0.36    89.40     0  16:00      0.0207        4.91       0.151
  MH8963773            STORAGE       0.03     8.21     0  00:45     0.00194       0.163       1.816
  MH4454643            STORAGE       0.24     1.29     0  00:47       0.014      0.0743       0.173
  MH4426971            STORAGE       0.14     0.14     0  00:00     0.00784     0.00784       0.084
  MH4453970            STORAGE       0.13     3.81     0  01:11     0.00733       0.086       1.861
  MH4498454            STORAGE       0.15     1.99     0  02:21     0.00844       0.114       0.047
  MH4429503            STORAGE       0.31    36.03     0  16:00      0.0181        2.04       0.215
  MH4429645            STORAGE       0.11     3.95     0  01:55     0.00631       0.225       0.580
  MH4452011            STORAGE       0.15    11.57     0  00:30     0.00859       0.452       0.330
  MH4451871            STORAGE       0.18    15.16     0  00:30      0.0101       0.393       0.690
  MH4449103            STORAGE       0.04    42.52     0  16:00     0.00226        2.32       0.089
  MH4499048            STORAGE       0.23     0.50     0  00:26       0.013      0.0288       0.105
  MH4499729            STORAGE       0.09     2.94     0  01:01     0.00526       0.168       0.044
  MH4456532            STORAGE       0.17     9.09     0  03:40      0.0099       0.519       0.059
  MH4454376            STORAGE       0.25   116.30     0  01:52      0.0145        6.26       0.135
  MH4499323            STORAGE       0.19     0.44     0  00:01       0.011      0.0251       0.149
  MH1623928            STORAGE       0.13   139.69     0  06:37     0.00766        7.66       0.081
  MH4428920            STORAGE       0.23     1.65     0  01:49      0.0132      0.0308       2.257
  MH4449849            STORAGE       0.09    13.40     0  16:00     0.00537       0.694       0.204
  MH4455780            STORAGE       0.05     5.51     0  06:57     0.00303       0.314       0.022
  MH4429019            STORAGE       0.23    32.89     0  03:58      0.0135        1.87       0.018
  MH4447394            STORAGE       0.31    35.00     0  16:00      0.0178        1.95       0.181
  MH4453315            STORAGE       0.27     0.27     0  00:00      0.0157      0.0157       0.179
  MH4453553            STORAGE       0.18     1.16     0  00:51      0.0107      0.0667       0.112
  MH4428426            STORAGE       0.65     0.65     0  00:00      0.0373      0.0373       0.141
  MH4428245            STORAGE       0.46     1.67     0  00:46      0.0264      0.0961       0.190
  MH4450378            STORAGE       0.28    35.30     0  00:32      0.0163        1.76       0.279
  MH4450554            STORAGE       0.14    34.43     0  00:31     0.00788        1.76       0.108
  MH1631057            STORAGE       0.20   182.31     0  06:31      0.0118        9.93       0.055
  MH1631514            STORAGE       0.07   186.64     0  06:32     0.00394        10.2       0.033
  MH4427095            STORAGE       0.31    24.44     0  06:06       0.018         1.4       0.108
  MH4455516            STORAGE       0.31     0.57     0  00:23      0.0178      0.0325       0.232
  MH1623725            STORAGE       0.26     2.93     0  02:04      0.0152       0.167       0.121
  MH4456551            STORAGE       0.16     4.48     0  02:11     0.00939       0.256       0.107
  MH4453489            STORAGE       0.11     7.98     0  00:37     0.00631       0.449       0.297
  MH4449436            STORAGE       0.32     1.33     0  01:10      0.0184      0.0765       0.128
  MH4455808            STORAGE       0.22     1.80     0  01:03      0.0128       0.103       0.131
  MH4450920            STORAGE       0.17     3.39     0  01:01      0.0096       0.195       0.094
  MH4451516            STORAGE       0.20     4.93     0  01:03      0.0114       0.283       0.067
  MH4452994            STORAGE       0.28     7.04     0  00:59      0.0159       0.403       0.293
  MH4452189            STORAGE       0.10    75.82     0  01:48     0.00585        3.71       0.080
  MH4449882            STORAGE       0.15     2.15     0  00:49     0.00887      0.0219       5.525
  MH1629073            STORAGE       0.27     0.67     0  00:35      0.0155      0.0384       0.126
  MH4429320            STORAGE       0.14     0.85     0  02:00     0.00818      0.0128       1.759
  MH4451945            STORAGE       0.30    19.89     0  01:17      0.0171        1.13       0.116
  MH4452809            STORAGE       0.17     1.89     0  00:46     0.00986      0.0206       3.138
  MH4452632            STORAGE       0.27     3.99     0  00:38      0.0158       0.052       3.249
  MH4453981            STORAGE       0.22     0.22     0  00:00      0.0127      0.0127       0.078
  MH4320104            STORAGE       0.46     1.58     0  00:57      0.0265      0.0906       0.290
  MH4426673            STORAGE       0.26     0.26     0  00:00      0.0152      0.0152       0.122
  MH4450077            STORAGE       0.42     0.79     0  00:29       0.024      0.0453       0.223
  MH4428836            STORAGE       0.44     3.02     0  01:46      0.0251       0.172       1.500
  MH4429107            STORAGE       0.21     5.23     0  03:54       0.012       0.294       0.936
  MH4429656            STORAGE       0.37     4.43     0  00:52       0.021      0.0866       1.708
  MH4450617            STORAGE       0.39     0.79     0  00:26      0.0222      0.0455       0.235
  MH4448392            STORAGE       0.31     0.46     0  00:15       0.018      0.0265       0.183
  MH4448813            STORAGE       0.43     0.89     0  00:46      0.0246       0.051       2.207
  MH4449913            STORAGE       0.28    40.76     0  16:00      0.0163        2.24       0.293
  MH4427309            STORAGE       0.38     0.83     0  00:27      0.0222      0.0476       0.106
  MH1625316            STORAGE       0.23     2.28     0  01:58      0.0131       0.131       0.150
  MH4429584            STORAGE       0.11     1.23     0  01:06     0.00624     0.00736       1.386
  MH4429544            STORAGE       0.13     2.07     0  01:06     0.00773      0.0158       2.596
  MH4452946            STORAGE       0.02     6.64     0  01:09     0.00108        0.38       0.106
  MH4428797            STORAGE       0.38     1.15     0  01:22       0.022      0.0661       0.197
  MH4451468            STORAGE       0.61     6.80     0  01:09      0.0354       0.102       3.077
  MH4450391            STORAGE       0.15    14.23     0  16:00     0.00871       0.773       0.163
  MH4450531            STORAGE       0.20    15.60     0  16:00      0.0115       0.842       0.219
  MH1629194            STORAGE       0.19   180.60     0  06:32      0.0107        9.86       0.093
  MH4449977            STORAGE       0.25     2.69     0  01:38      0.0142      0.0873       1.638
  MH4454125            STORAGE       0.02     3.14     0  01:12     0.00122      0.0601       1.613
  MH4453047            STORAGE       0.33     0.41     0  00:10      0.0192      0.0235       0.121
  MH4455813            STORAGE       0.23     1.58     0  01:22      0.0133      0.0904       0.215
  MH4451576            STORAGE       0.33     0.33     0  00:00      0.0193      0.0193       0.109
  MH4450193            STORAGE       0.17    35.54     0  00:32      0.0101        1.72       0.146
  MH4449635            STORAGE       0.30     1.19     0  00:46      0.0173      0.0686       0.194
  MH4454657            STORAGE       0.21     2.36     0  02:53      0.0119       0.135       0.157
  MH4428800            STORAGE       0.72     0.72     0  00:00      0.0415      0.0415       0.156
  MH4452071            STORAGE       0.21     5.96     0  00:53      0.0124       0.342       0.132
  MH4454876            STORAGE       0.05     0.66     0  01:20     0.00278       0.038       0.048
  MH4455429            STORAGE       0.18     1.32     0  01:32      0.0103      0.0756       0.063
  MH4448762            STORAGE       0.34     3.14     0  01:10      0.0198       0.117       1.242
  MH4454901            STORAGE       0.13     0.91     0  00:11     0.00721      0.0523       0.053
  MH1624202            STORAGE       0.08     0.56     0  00:47     0.00487      0.0322       0.118
  MH4454195            STORAGE       0.07     2.97     0  01:15     0.00407      0.0516       3.077
  MH1626450            STORAGE       0.16     0.38     0  00:02      0.0092      0.0216       0.208
  MH1626578            STORAGE       0.19     1.02     0  00:58      0.0112      0.0588       0.237
  MH4429411            STORAGE       0.40     1.36     0  00:57      0.0228      0.0232       2.522
  MH4501851            STORAGE       0.02    20.74     0  02:27      0.0012        1.17       0.217
  MH4456372            STORAGE       0.21     1.48     0  02:16       0.012      0.0847       0.056
  MH5216010            STORAGE       0.13     0.13     0  00:00      0.0077      0.0077       0.040
  MH4498407            STORAGE       0.02     1.53     0  02:30     0.00102      0.0871       0.014
  MH4453748            STORAGE       0.03     0.44     0  01:24     0.00153     0.00457       3.120
  MH4427312            STORAGE       0.25     1.51     0  00:39      0.0142      0.0868       0.094
  MH4451113            STORAGE       0.21     3.60     0  01:06      0.0119       0.207       0.073
  MH4450100            STORAGE       0.08     0.35     0  01:19     0.00451      0.0202       0.103
  MH4450180            STORAGE       0.13     2.38     0  00:48     0.00745      0.0346       2.343
  MH4429323            STORAGE       0.30     0.65     0  00:34      0.0174      0.0377       0.302
  MH4449920            STORAGE       0.08     1.01     0  01:19     0.00446      0.0579       0.061
  MH1790382            STORAGE       0.16     0.49     0  00:04     0.00933      0.0277       0.258
  MH4455602            STORAGE       0.13     2.93     0  03:05     0.00743       0.167       0.053
  MH4429471            STORAGE       0.36     2.45     0  01:24      0.0208      0.0457       2.368
  MH4451886            STORAGE       0.27    86.50     0  16:00      0.0154        4.76       0.141
  MH4450802            STORAGE       0.11     0.46     0  00:04     0.00657      0.0256       0.268
  MH4447506            STORAGE       0.16     0.36     0  00:02     0.00912      0.0205       0.199
  MH4429499            STORAGE       0.26    17.29     0  16:00      0.0152       0.978       0.219
  MH4447691            STORAGE       0.16    37.94     0  16:00     0.00929        2.11       0.087
  MH4449485            STORAGE       0.02     9.62     0  00:48     0.00101       0.553       0.067
  MH5233531            STORAGE       0.06     4.69     0  01:13     0.00328       0.269       0.057
  MH4428146            STORAGE       0.33     0.92     0  00:23      0.0188       0.053       0.132
  MH4428096            STORAGE       0.31    25.10     0  01:14      0.0176        1.42       0.123
  MH4450167            STORAGE       0.36    13.92     0  16:00      0.0206        0.72       0.202
  MH1630330            STORAGE       0.47     3.86     0  01:25      0.0273        0.22       0.166
  MH1630926            STORAGE       0.40     4.26     0  02:37      0.0231       0.243       0.562
  MH4500043            STORAGE       0.15     5.16     0  02:51     0.00852       0.294       0.058
  MH4454993            STORAGE       0.16     4.40     0  00:56     0.00905       0.252       0.077
  MH1629888            STORAGE       0.22     3.22     0  01:19       0.013       0.184       0.244
  MH4427714            STORAGE       0.31     0.76     0  00:20      0.0177      0.0437       0.131
  MH4450332            STORAGE       0.14    14.73     0  16:00     0.00826        0.76       0.103
  MH4452952            STORAGE       0.02     1.25     0  00:00     0.00132      0.0705       0.044
  MH4426188            STORAGE       0.27     3.66     0  00:21      0.0153      0.0717       1.462
  MH4426979            STORAGE       0.27     0.71     0  00:36      0.0155      0.0407       0.111
  MH4455191            STORAGE       0.25     7.54     0  07:54      0.0146       0.431       0.062
  MH4454312            STORAGE       0.17     0.59     0  00:03     0.00968      0.0335       0.159
  MH4427849            STORAGE       0.44     0.94     0  00:39      0.0252      0.0541       0.207
  MH1625959            STORAGE       0.09     2.46     0  02:01     0.00516       0.141       0.027
  MH4498291            STORAGE       0.32     0.32     0  00:00      0.0183      0.0183       0.231
  MH5164627            STORAGE       0.12     0.12     0  00:00     0.00707     0.00707       0.102
  MH4453850            STORAGE       0.17     1.54     0  01:36     0.00967      0.0225       1.288
  MH4454009            STORAGE       0.16     2.24     0  01:26     0.00905      0.0314       2.080
  MH4453031            STORAGE       0.21     0.34     0  00:04      0.0124      0.0195       0.098
  MH1626189            STORAGE       0.26   143.75     0  06:36      0.0152        7.86       0.131
  MH4499059            STORAGE       0.12     2.38     0  02:24     0.00698       0.136       0.064
  MH4451673            STORAGE       0.43     6.36     0  00:35      0.0248      0.0846       1.663
  MH4447346            STORAGE       0.06     2.57     0  01:27     0.00336      0.0198       4.076
  MH4427659            STORAGE       0.19     0.19     0  00:00      0.0107      0.0107       0.052
  MH4453098            STORAGE       0.31    99.73     0  01:50      0.0177        5.17       0.206
  MH4502186            STORAGE       0.19   177.67     0  06:34      0.0111        9.72       0.067
  MH4500625            STORAGE       0.28     0.52     0  00:31      0.0163      0.0297       0.299
  MH4429420            STORAGE       0.11     1.65     0  01:13     0.00629      0.0949       0.046
  MH4450396            STORAGE       0.23     0.45     0  00:21      0.0135      0.0258       0.174
  MH4499406            STORAGE       0.12     2.72     0  00:58      0.0068       0.156       0.065
  MH4456777            STORAGE       0.19     6.34     0  02:57      0.0109       0.362       0.053
  MH4428638            STORAGE       0.37     1.37     0  00:12      0.0214      0.0787       0.205
  MH8707824            STORAGE       0.08     0.63     0  00:45     0.00488      0.0362       0.077
  MH4454398            STORAGE       0.02     0.08     0  00:24      0.0014     0.00473       0.010
  MH4453185            STORAGE       0.06     1.73     0  00:42     0.00349      0.0153       5.094
  MH4450847            STORAGE       0.06     0.91     0  00:49     0.00354       0.052       0.077
  MH4428583            STORAGE       0.39     1.66     0  00:33      0.0226      0.0951       1.077
  MH4455943            STORAGE       0.21     0.55     0  00:03      0.0122      0.0315       0.236
  MH4426728            STORAGE       0.24    24.88     0  00:00      0.0138        1.37       0.117
  MH4427741            STORAGE       0.16     0.69     0  01:00     0.00931      0.0395       0.065
  MH4452541            STORAGE       0.11    20.32     0  16:00     0.00646        1.16       0.042
  MH4449796            STORAGE       0.22     9.33     0  16:00      0.0124       0.524       0.334
  MH4450269            STORAGE       0.12     0.12     0  00:00     0.00685     0.00685       0.039
  MH4447355            STORAGE       0.34     0.34     0  00:00      0.0198      0.0198       0.332
  MH4448029            STORAGE       0.17     0.51     0  01:12     0.00974      0.0295       0.174
  MH4452462            STORAGE       0.30     2.71     0  00:36      0.0172      0.0798       0.718
  MH4448626            STORAGE       0.24     2.03     0  00:42       0.014       0.116       0.176
  MH4428137            STORAGE       0.04     1.06     0  00:32     0.00234      0.0607       0.057
  MH1630702            STORAGE       0.16     0.16     0  00:00     0.00948     0.00948       0.184
  MH4454116            STORAGE       0.28   108.91     0  01:52      0.0159        5.75       0.081
  MH4452110            STORAGE       0.14     2.05     0  01:18     0.00793       0.018       3.799
  MH4428968            STORAGE       0.33     1.27     0  01:20      0.0188      0.0731       0.230
  MH4500689            STORAGE       0.15     8.99     0  02:58     0.00878       0.512       0.110
  MH1623436            STORAGE       0.36     0.36     0  00:00       0.021       0.021       0.088
  MH4454395            STORAGE       0.30     0.30     0  00:00      0.0172      0.0172       0.371
  MH4449866            STORAGE       0.18     1.69     0  01:20      0.0105      0.0227       2.518
  MH4449011            STORAGE       0.27    38.54     0  16:00      0.0156        2.14       0.282
  MH4452760            STORAGE       0.06     0.06     0  00:00     0.00325     0.00325       0.017
  MH4447668            STORAGE       0.11     1.73     0  01:29     0.00636      0.0134       2.190
  MH4448929            STORAGE       0.24     5.85     0  00:40      0.0137       0.326       0.322
  MH4448474            STORAGE       0.25     7.16     0  01:21      0.0144       0.406       0.506
  MH4429086            STORAGE       0.21     2.38     0  01:16      0.0123       0.136       0.126
  MH4320244            STORAGE       0.18     2.00     0  01:16      0.0103       0.114       0.187
  MH4429268            STORAGE       0.37     1.44     0  01:32      0.0213      0.0216       1.602
  MH4451870            STORAGE       0.38     1.33     0  00:46      0.0219      0.0222       2.310
  MH4453213            STORAGE       0.24     4.89     0  00:04       0.014       0.279       0.138
  MH4428067            STORAGE       0.55     0.55     0  00:00      0.0314      0.0314       0.126
  MH4453837            STORAGE       0.19     5.48     0  00:50       0.011       0.314       0.098
  MH4451967            STORAGE       0.34    34.65     0  16:00      0.0196        1.86       0.035
  MH4449503            STORAGE       0.44     1.64     0  02:06      0.0253      0.0752       2.497
  MH4428188            STORAGE       0.29     1.35     0  00:32      0.0167      0.0773       0.081
  MH4449778            STORAGE       0.36     1.87     0  01:14       0.021      0.0215       2.347
  MH4447452            STORAGE       0.40     8.60     0  00:37      0.0229       0.149       0.983
  MH4427588            STORAGE       0.17    24.92     0  06:03     0.00972        1.42       0.086
  MH4450776            STORAGE       0.47     2.23     0  01:10       0.027      0.0274       2.224
  MH4453095            STORAGE       0.25     1.38     0  01:19      0.0143      0.0146       2.069
  X385                 OUTFALL       0.00     0.05     0  00:26           0     0.00314       0.000
  X570                 OUTFALL       0.00     0.19     0  00:20           0      0.0107       0.000
  OUT                  OUTFALL       0.00   187.12     0  06:33           0        10.2       0.000
  X902                 OUTFALL       0.00     0.03     0  00:34           0       0.002       0.000
  
  
  **********************
  Node Surcharge Summary
  **********************
  
  Surcharging occurs when water rises above the top of the highest conduit.
  ---------------------------------------------------------------------
                                               Max. Height   Min. Depth
                                   Hours       Above Crown    Below Rim
  Node                 Type      Surcharged         Meters       Meters
  ---------------------------------------------------------------------
  N0                   JUNCTION       13.95          0.209        3.206
  N1                   JUNCTION       13.84          0.154        3.836
  N3                   JUNCTION       14.10          0.502        2.728
  N13                  JUNCTION       15.19          2.219        1.760
  N25                  JUNCTION       15.61          3.170        1.472
  N26                  JUNCTION       14.01          0.314        0.929
  N43                  JUNCTION       15.86          3.834        0.617
  N46                  JUNCTION       12.67          0.053        3.580
  N47                  JUNCTION       14.07          0.310        2.895
  N53                  JUNCTION       13.75          0.252        2.240
  N63                  JUNCTION       15.45          1.476        1.850
  N64                  JUNCTION       15.46          1.565        1.514
  N69                  JUNCTION       14.04          0.279        2.781
  N97                  JUNCTION       15.56          2.644        1.037
  N106                 JUNCTION       14.58          0.661        3.207
  N116                 JUNCTION       13.07          0.064        2.203
  N124                 JUNCTION       14.33          1.273        1.590
  N139                 JUNCTION       14.98          1.903        1.378
  N142                 JUNCTION       14.91          1.791        1.341
  N143                 JUNCTION       15.82          1.005        1.331
  N158                 JUNCTION       13.46          0.066        4.303
  N163                 JUNCTION       14.45          0.465        3.218
  N170                 JUNCTION       14.79          1.080        0.796
  N171                 JUNCTION       15.06          1.269        0.829
  N172                 JUNCTION       14.94          1.147        0.751
  N180                 JUNCTION       14.20          0.924        2.179
  N181                 JUNCTION       14.51          1.332        1.739
  N188                 JUNCTION       14.49          1.436        1.092
  N192                 JUNCTION       14.91          1.167        0.409
  N197                 JUNCTION       15.65          2.918        1.107
  N198                 JUNCTION       14.64          1.318        0.781
  N206                 JUNCTION       14.14          0.461        3.013
  N208                 JUNCTION       15.31          1.226        0.845
  N209                 JUNCTION       15.38          1.351        1.327
  N210                 JUNCTION       13.06          0.046        4.322
  N250                 JUNCTION       14.14          0.462        2.952
  N258                 JUNCTION       14.90          2.002        0.823
  N265                 JUNCTION       15.14          1.850        0.097
  N270                 JUNCTION       13.93          0.378        3.573
  N271                 JUNCTION       15.37          0.952        3.242
  N295                 JUNCTION       14.83          1.584        1.507
  N300                 JUNCTION       14.59          0.739        3.088
  N307                 JUNCTION       12.03          0.034        3.152
  N314                 JUNCTION       13.60          0.207        2.940
  N319                 JUNCTION       15.25          2.708        0.390
  N322                 JUNCTION       13.21          0.107        3.696
  N325                 JUNCTION       14.95          1.449        0.458
  N327                 JUNCTION       15.29          2.490        0.861
  N328                 JUNCTION       15.69          3.311        0.686
  N334                 JUNCTION       15.30          1.595        0.324
  N339                 JUNCTION       13.15          0.095        2.700
  N345                 JUNCTION       14.58          1.289        0.702
  N346                 JUNCTION       14.70          1.464        0.730
  N356                 JUNCTION       15.40          2.687        0.636
  N357                 JUNCTION       15.13          1.661        0.300
  N361                 JUNCTION       15.15          2.358        0.362
  N366                 JUNCTION       15.51          2.053        0.308
  N367                 JUNCTION       15.48          1.915        0.648
  N379                 JUNCTION       14.78          1.159        0.793
  N394                 JUNCTION       15.08          2.195        1.652
  N397                 JUNCTION       14.13          0.939        1.629
  N408                 JUNCTION       14.91          1.035        2.180
  N414                 JUNCTION       14.15          0.444        3.088
  N419                 JUNCTION       15.54          2.805        0.089
  N422                 JUNCTION       15.58          3.164        0.612
  N431                 JUNCTION       14.80          1.091        0.750
  N432                 JUNCTION       15.06          1.265        0.719
  N439                 JUNCTION       15.37          2.632        0.638
  N440                 JUNCTION       15.47          2.841        0.456
  N447                 JUNCTION       15.97          4.080        0.366
  N460                 JUNCTION       14.89          1.350        0.404
  N465                 JUNCTION       14.56          1.131        0.678
  N466                 JUNCTION       14.59          1.294        1.286
  N483                 JUNCTION       13.88          0.432        1.286
  N490                 JUNCTION       15.91          3.281        0.300
  N499                 JUNCTION       14.12          0.486        3.406
  N505                 JUNCTION       13.40          0.217        1.928
  N530                 JUNCTION       15.44          2.889        1.618
  N536                 JUNCTION       15.43          2.776        0.170
  N550                 JUNCTION       15.17          1.292        0.946
  N552                 JUNCTION       14.81          1.804        1.070
  N557                 JUNCTION       14.58          0.812        0.094
  N577                 JUNCTION       15.00          1.255        0.189
  N578                 JUNCTION       15.83          3.709        0.971
  N582                 JUNCTION       15.09          1.918        1.253
  N599                 JUNCTION       15.70          3.471        0.487
  N605                 JUNCTION       14.96          2.039        0.861
  N610                 JUNCTION       13.80          0.311        3.437
  N616                 JUNCTION       14.73          1.002        0.531
  N618                 JUNCTION       14.43          0.651        1.898
  N642                 JUNCTION       14.50          0.708        0.802
  N644                 JUNCTION       15.75          3.541        0.543
  N646                 JUNCTION       15.07          1.550        0.113
  N649                 JUNCTION       15.52          3.043        1.113
  N656                 JUNCTION       13.52          0.502        0.981
  N670                 JUNCTION       15.36          1.812        0.184
  N675                 JUNCTION       15.60          3.167        0.717
  N676                 JUNCTION       14.85          1.627        0.238
  N688                 JUNCTION       13.32          0.394        1.559
  N691                 JUNCTION       14.58          1.461        1.420
  N693                 JUNCTION       15.43          2.818        0.655
  N700                 JUNCTION       15.83          2.311        0.000
  N702                 JUNCTION       13.99          0.079        0.904
  N711                 JUNCTION       15.39          2.277        0.969
  N715                 JUNCTION       14.54          0.764        0.321
  N717                 JUNCTION       12.91          0.064        2.535
  N726                 JUNCTION       15.72          2.430        1.683
  N727                 JUNCTION       15.82          2.946        1.110
  N736                 JUNCTION       15.23          2.480        1.186
  N737                 JUNCTION       14.97          1.958        0.904
  N738                 JUNCTION       15.10          2.162        0.846
  N741                 JUNCTION       15.42          1.217        1.666
  N749                 JUNCTION       14.99          0.938        3.174
  N750                 JUNCTION       15.82          2.450        0.050
  N755                 JUNCTION       14.79          1.082        0.410
  N763                 JUNCTION       15.25          1.604        0.550
  N766                 JUNCTION       14.81          1.028        0.831
  N781                 JUNCTION       14.63          1.435        0.482
  N787                 JUNCTION       14.37          0.444        3.005
  N788                 JUNCTION       14.35          1.145        1.374
  N789                 JUNCTION       15.08          1.326        1.030
  N794                 JUNCTION       15.19          1.080        2.848
  N798                 JUNCTION       15.30          1.510        0.210
  N799                 JUNCTION       13.62          0.038        1.937
  N804                 JUNCTION       14.11          0.364        2.775
  N811                 JUNCTION       14.44          1.049        1.217
  N819                 JUNCTION       15.30          2.752        0.693
  N828                 JUNCTION       14.63          0.858        1.888
  N829                 JUNCTION       14.85          1.853        0.220
  N834                 JUNCTION       14.76          1.042        0.756
  N837                 JUNCTION       14.71          0.972        0.644
  N849                 JUNCTION       15.04          0.905        0.901
  N851                 JUNCTION       15.34          1.765        0.466
  N853                 JUNCTION       14.24          0.789        0.893
  N858                 JUNCTION       16.00          4.329        0.644
  N870                 JUNCTION       13.83          0.717        2.743
  N877                 JUNCTION       15.46          2.098        0.066
  N888                 JUNCTION       13.76          0.164        2.157
  N893                 JUNCTION       14.12          0.388        3.097
  N894                 JUNCTION       14.81          1.135        2.429
  N895                 JUNCTION       14.54          0.698        1.584
  N906                 JUNCTION       15.37          2.822        0.411
  N909                 JUNCTION       14.44          0.903        0.582
  N914                 JUNCTION       14.42          0.637        1.082
  N915                 JUNCTION       15.22          2.396        0.481
  N921                 JUNCTION       15.13          1.212        1.077
  N922                 JUNCTION       15.22          1.264        1.312
  N923                 JUNCTION       15.14          0.598        2.967
  N924                 JUNCTION       13.59          0.556        2.027
  N930                 JUNCTION       15.53          2.860        1.199
  N931                 JUNCTION       14.43          1.183        1.282
  N940                 JUNCTION       14.07          0.679        2.056
  N942                 JUNCTION       14.63          0.745        3.249
  N952                 JUNCTION       14.56          0.787        0.180
  N954                 JUNCTION       14.78          1.838        1.675
  N956                 JUNCTION       15.17          1.190        0.000
  N959                 JUNCTION       14.47          1.038        0.358
  N963                 JUNCTION       15.19          1.419        0.463
  N964                 JUNCTION       14.86          1.744        0.165
  N967                 JUNCTION       15.44          2.387        0.000
  N974                 JUNCTION       15.11          1.624        0.008
  N975                 JUNCTION       14.15          0.425        1.252
  N976                 JUNCTION       14.31          0.608        1.250
  N980                 JUNCTION       13.89          0.368        2.812
  N984                 JUNCTION       14.02          0.544        0.748
  N991                 JUNCTION       15.53          2.180        0.258
  N992                 JUNCTION       14.86          1.820        0.353
  N994                 JUNCTION       13.89          0.367        2.834
  N1001                JUNCTION       15.58          2.703        0.000
  N1005                JUNCTION       14.75          0.846        0.826
  N1007                JUNCTION       14.65          1.474        0.554
  N1009                JUNCTION       14.64          0.850        0.859
  
  
  *********************
  Node Flooding Summary
  *********************
  
  Flooding refers to all water that overflows a node, whether it ponds or not.
  --------------------------------------------------------------------------
                                                             Total   Maximum
                                 Maximum   Time of Max       Flood    Ponded
                        Hours       Rate    Occurrence      Volume     Depth
  Node                 Flooded       LPS   days hr:min    10^6 ltr    Meters
  --------------------------------------------------------------------------
  MH4429357              13.64     10.45      0  16:00       0.495     0.000
  MH4452011              13.87      9.07      0  16:00       0.442     0.000
  MH4451886              14.19     21.61      0  16:00       1.071     0.000
  MH4428096              15.14      1.82      0  01:14       0.098     0.000
  MH4450332              14.54     14.73      0  16:00       0.756     0.000
  MH4427588              14.76      0.57      0  06:03       0.030     0.000
  
  
  **********************
  Storage Volume Summary
  **********************
  
  ------------------------------------------------------------------------------------------------
                         Average    Avg   Evap  Exfil     Maximum    Max    Time of Max    Maximum
                          Volume   Pcnt   Pcnt   Pcnt      Volume   Pcnt     Occurrence    Outflow
  Storage Unit           1000 m³   Full   Loss   Loss     1000 m³   Full    days hr:min        LPS
  ------------------------------------------------------------------------------------------------
  MH4454411                0.000   13.6    0.0    0.0       0.000   16.0       0  16:00       6.47
  MH4450314                0.000    1.1    0.0    0.0       0.000    1.1       0  00:01       2.59
  MH4428367                0.000    0.5    0.0    0.0       0.000    0.5       0  01:42       0.86
  MH4428606                0.001   16.1    0.0    0.0       0.001   19.4       0  16:00       2.61
  MH4454744                0.000    0.5    0.0    0.0       0.000    0.5       0  00:31       0.16
  MH4452397                0.000    0.5    0.0    0.0       0.000    0.5       0  00:25       0.40
  MH4453133                0.000    7.9    0.0    0.0       0.000    9.3       0  16:00       7.13
  MH4447602                0.000   13.8    0.0    0.0       0.000   17.2       0  16:00       0.54
  MH4429312                0.002   76.4    0.0    0.0       0.003   84.9       0  16:00      10.45
  MH4453788                0.001   36.2    0.0    0.0       0.001   41.8       0  16:00       0.22
  MH4456108                0.000    1.2    0.0    0.0       0.000    1.2       0  01:46       2.16
  MH4454209                0.000    1.6    0.0    0.0       0.000    1.6       0  00:10       5.60
  MH1624017                0.000    0.8    0.0    0.0       0.000    0.8       0  00:36       0.88
  MH1623826                0.000    0.8    0.0    0.0       0.000    0.8       0  02:36       1.07
  MH4429136                0.003   81.3    0.0    0.0       0.003   87.9       0  16:00      16.13
  MH4501201                0.000    3.1    0.0    0.0       0.000    3.1       0  02:30      10.70
  MH4501544                0.001   19.0    0.0    0.0       0.001   21.1       0  16:00     144.43
  MH4454640                0.000    1.7    0.0    0.0       0.000    1.7       0  00:59       7.09
  MH4453512                0.000   21.5    0.0    0.0       0.001   24.8       0  16:00       8.42
  MH4452154                0.001   77.0    0.0    0.0       0.001   84.8       0  16:00       5.56
  MH4452217                0.001   79.7    0.0    0.0       0.001   87.5       0  16:00       5.42
  MH4446824                0.000   15.9    0.0    0.0       0.001   18.8       0  16:00       4.76
  MH4453931                0.000    0.7    0.0    0.0       0.000    0.7       0  01:29       0.72
  MH4456468                0.000    0.6    0.0    0.0       0.000    0.6       0  00:43       0.26
  MH4502097                0.001   19.4    0.0    0.0       0.001   21.5       0  16:00     155.46
  MH4447369                0.000    1.1    0.0    0.0       0.000    1.1       0  00:33       1.30
  MH4448345                0.003   79.3    0.0    0.0       0.003   86.2       0  16:00      39.22
  MH4448419                0.003   79.7    0.0    0.0       0.003   86.4       0  16:00      39.48
  MH4449083                0.000    0.5    0.0    0.0       0.000    0.5       0  00:28       0.50
  MH4499116                0.000    0.9    0.0    0.0       0.000    0.9       0  01:37       2.60
  MH4454674                0.000    0.9    0.0    0.0       0.000    0.9       0  00:44       0.70
  MH4427688                0.000    0.8    0.0    0.0       0.000    0.8       0  08:36       3.35
  MH4448753                0.000    0.8    0.0    0.0       0.000    0.8       0  01:15       0.33
  MH1627682                0.000    0.9    0.0    0.0       0.000    0.9       0  01:48       1.50
  MH4452538                0.000    0.8    0.0    0.0       0.000    0.8       0  00:38       1.03
  MH5118586                0.000    1.0    0.0    0.0       0.000    1.0       0  00:53       3.15
  MH4452724                0.000    1.0    0.0    0.0       0.000    1.0       0  01:14       0.56
  MH4448853                0.002   63.6    0.0    0.0       0.002   68.7       0  16:00       9.08
  MH4500422                0.000    1.1    0.0    0.0       0.000    1.1       0  02:29       5.52
  MH4449806                0.002   60.5    0.0    0.0       0.002   67.1       0  16:00       3.59
  MH4450137                0.002   74.2    0.0    0.0       0.002   81.8       0  16:00       4.19
  MH4428117                0.000    0.1    0.0    0.0       0.000    0.1       0  00:36       0.09
  MH4428139                0.000    0.3    0.0    0.0       0.000    0.3       0  00:50       0.48
  MH4455909                0.001   18.4    0.0    0.0       0.001   20.7       0  16:00     134.44
  MH4451823                0.001   23.8    0.0    0.0       0.001   26.1       0  16:00      34.02
  MH4450787                0.000    0.4    0.0    0.0       0.000    0.4       0  00:33       0.37
  MH4428026                0.000    0.6    0.0    0.0       0.000    0.6       0  01:20       1.52
  MH4501866                0.000   11.9    0.0    0.0       0.000   13.6       0  16:00      21.60
  MH1627986                0.000    1.2    0.0    0.0       0.000    1.2       0  00:55       1.75
  MH4499632                0.000    1.2    0.0    0.0       0.000    1.3       0  02:28       4.79
  MH4429035                0.000    0.5    0.0    0.0       0.000    0.5       0  02:18       0.64
  MH4449704                0.002   76.4    0.0    0.0       0.002   85.2       0  16:00       2.87
  MH4449118                0.002   76.8    0.0    0.0       0.003   84.5       0  16:00       3.98
  MH1629281                0.000    1.0    0.0    0.0       0.000    1.0       0  01:24       2.72
  MH4454718                0.000    0.7    0.0    0.0       0.000    0.7       0  01:29       0.61
  MH4451287                0.000    3.0    0.0    0.0       0.000    3.0       0  03:18      19.29
  MH4450219                0.000    0.8    0.0    0.0       0.000    0.8       0  01:19       1.63
  MH4449321                0.002   55.0    0.0    0.0       0.002   60.7       0  16:00       2.15
  MH4448509                0.001   51.8    0.0    0.0       0.001   57.9       0  16:00       1.30
  MH4428524                0.000    3.2    0.0    0.0       0.000    3.2       0  01:21      30.63
  MH1627084                0.000    1.0    0.0    0.0       0.000    1.0       0  00:49       1.21
  MH4455762                0.000    1.0    0.0    0.0       0.000    1.1       0  02:31       0.72
  MH4452721                0.000    1.7    0.0    0.0       0.000    1.7       0  02:06       6.41
  MH4447128                0.002   75.0    0.0    0.0       0.002   83.8       0  16:00       1.65
  MH4447726                0.002   63.4    0.0    0.0       0.002   69.9       0  16:00       2.82
  MH4428268                0.000    1.5    0.0    0.0       0.000    1.5       0  16:00       5.71
  MH4428636                0.001   39.7    0.0    0.0       0.001   45.8       0  16:00       7.30
  MH4452977                0.001   72.5    0.0    0.0       0.001   79.3       0  01:49       1.89
  MH1632309                0.000    6.7    0.0    0.0       0.000    7.0       0  06:33     186.93
  MH4500035                0.000    2.5    0.0    0.0       0.000    2.5       0  01:05      10.03
  MH4451759                0.000    0.3    0.0    0.0       0.000    0.3       0  00:36       0.29
  MH4454490                0.000    0.9    0.0    0.0       0.000    0.9       0  01:38       3.26
  MH4447880                0.001   57.1    0.0    0.0       0.002   65.6       0  16:00       5.31
  MH4499417                0.000    1.7    0.0    0.0       0.000    1.7       0  09:02       7.68
  MH4453579                0.001   63.3    0.0    0.0       0.001   69.7       0  16:00     108.15
  MH4451531                0.000    0.7    0.0    0.0       0.000    0.7       0  00:36       0.27
  MH4449785                0.003   65.7    0.0    0.0       0.003   70.5       0  16:00      43.31
  MH4447416                0.002   55.7    0.0    0.0       0.002   62.5       0  16:00       2.05
  MH4453124                0.000    1.2    0.0    0.0       0.000    1.3       0  04:39       4.17
  MH5228371                0.000    0.4    0.0    0.0       0.000    0.4       0  00:25       0.15
  MH6153571                0.001   20.7    0.0    0.0       0.001   23.3       0  16:00     139.31
  MH4427425                0.000    0.6    0.0    0.0       0.000    0.6       0  01:00       0.53
  MH7465841                0.000    3.6    0.0    0.0       0.000    3.6       0  15:23      33.16
  MH4451971                0.000    0.7    0.0    0.0       0.000    0.7       0  00:47       0.84
  MH4450757                0.000    3.4    0.0    0.0       0.000    3.4       0  02:51      16.38
  MH4447684                0.000    0.6    0.0    0.0       0.000    0.6       0  00:50       1.18
  MH4449173                0.003   71.4    0.0    0.0       0.003   77.2       0  16:00      42.99
  MH4451058                0.000    1.2    0.0    0.0       0.000    1.2       0  00:53       3.98
  MH4452032                0.001   59.7    0.0    0.0       0.001   65.8       0  16:00       1.75
  MH4451840                0.002   80.0    0.0    0.0       0.002   86.7       0  16:00       1.97
  MH1790845                0.000    1.2    0.0    0.0       0.000    1.2       0  02:16       1.27
  MH4456553                0.001   20.0    0.0    0.0       0.001   22.4       0  16:00     135.04
  MH4449510                0.000    2.4    0.0    0.0       0.000    2.4       0  01:27      11.59
  MH4428713                0.000   14.0    0.0    0.0       0.000   16.0       0  02:24       1.25
  MH4428995                0.001   63.8    0.0    0.0       0.001   71.0       0  02:25       1.57
  MH4447351                0.000    0.7    0.0    0.0       0.000    0.7       0  01:16       1.15
  MH4450170                0.000    2.4    0.0    0.0       0.000    2.4       0  01:33      13.79
  MH4500254                0.000    0.8    0.0    0.0       0.000    0.8       0  00:47       0.45
  MH4448662                0.000    0.8    0.0    0.0       0.000    0.8       0  01:22       1.01
  MH4429357                0.001   91.2    0.0    0.0       0.002  100.0       0  02:21       7.58
  MH5286735                0.000    0.4    0.0    0.0       0.000    0.4       0  00:25       0.15
  MH4449860                0.000    1.8    0.0    0.0       0.000    1.8       0  01:19       0.27
  MH4452919                0.000    0.5    0.0    0.0       0.000    0.5       0  01:16       0.29
  MH4450449                0.003   62.4    0.0    0.0       0.003   67.4       0  16:00      72.29
  MH4450581                0.003   60.4    0.0    0.0       0.003   65.1       0  16:00      72.66
  MH6042164                0.000    0.9    0.0    0.0       0.000    0.9       0  01:04       1.61
  MH1625395                0.000    1.1    0.0    0.0       0.000    1.1       0  01:06       1.24
  MH4447397                0.001   45.2    0.0    0.0       0.001   52.0       0  16:00       1.22
  MH5241467                0.001   46.2    0.0    0.0       0.001   52.8       0  16:00       1.90
  MH4455121                0.001   24.0    0.0    0.0       0.001   26.9       0  16:00     124.41
  MH4428765                0.000    9.4    0.0    0.0       0.000   10.9       0  02:24       0.47
  MH1624138                0.001   18.6    0.0    0.0       0.001   20.8       0  16:00     141.49
  MH4452902                0.000    1.1    0.0    0.0       0.000    1.1       0  00:00       3.33
  MH4452980                0.000    0.9    0.0    0.0       0.000    0.9       0  03:51       4.44
  MH4451333                0.000    0.5    0.0    0.0       0.000    0.5       0  00:19       0.17
  MH1623974                0.000    1.0    0.0    0.0       0.000    1.0       0  01:21       1.06
  MH4428320                0.000    0.9    0.0    0.0       0.000    0.9       0  00:07       0.77
  MH1632398                0.000    7.5    0.0    0.0       0.000    7.8       0  06:33     187.12
  MH4447643                0.002   75.8    0.0    0.0       0.003   82.6       0  16:00      37.78
  MH4452081                0.000    1.0    0.0    0.0       0.000    1.0       0  01:15       4.52
  MH4429013                0.002   62.9    0.0    0.0       0.002   71.1       0  16:00       8.93
  MH4429468                0.001   80.0    0.0    0.0       0.002   89.2       0  16:00       1.07
  MH4446883                0.002   79.5    0.0    0.0       0.002   88.1       0  16:00       2.69
  MH4451092                0.000    1.1    0.0    0.0       0.000    1.1       0  00:59       4.23
  MH4448796                0.000    0.5    0.0    0.0       0.000    0.5       0  00:38       0.36
  MH4500902                0.000    1.8    0.0    0.0       0.000    1.9       0  02:28      10.34
  MH4449330                0.000    0.8    0.0    0.0       0.000    0.8       0  01:15       0.41
  MH4450211                0.000    0.6    0.0    0.0       0.000    0.6       0  00:46       1.06
  MH4453770                0.000    1.9    0.0    0.0       0.000    1.9       0  02:52       0.66
  MH4429527                0.001   27.4    0.0    0.0       0.001   32.0       0  16:00       0.91
  MH4450975                0.002   67.4    0.0    0.0       0.002   74.8       0  16:00       1.70
  MH4450207                0.001   23.1    0.0    0.0       0.001   27.2       0  16:00       0.65
  MH4453740                0.000    0.7    0.0    0.0       0.000    0.7       0  00:52       1.41
  MH4429179                0.002   85.7    0.0    0.0       0.002   94.9       0  16:00       2.04
  MH4452527                0.002   69.1    0.0    0.0       0.002   74.7       0  16:00      76.10
  MH4452680                0.002   69.0    0.0    0.0       0.002   75.0       0  16:00      79.06
  MH1624769                0.001   18.7    0.0    0.0       0.001   21.0       0  16:00     142.83
  MH4454629                0.001   18.3    0.0    0.0       0.001   21.2       0  16:00       7.88
  MH1624494                0.000    1.1    0.0    0.0       0.000    1.1       0  01:27       1.50
  MH4451143                0.001   65.2    0.0    0.0       0.002   73.0       0  16:00       1.56
  MH4450922                0.003   79.0    0.0    0.0       0.003   84.5       0  16:00      89.04
  MH4451207                0.003   76.0    0.0    0.0       0.003   80.9       0  16:00      89.40
  MH8963773                0.002   82.9    0.0    0.0       0.002   90.1       0  16:00       8.21
  MH4454643                0.000    0.8    0.0    0.0       0.000    0.8       0  01:30       1.29
  MH4426971                0.000    0.2    0.0    0.0       0.000    0.2       0  00:26       0.14
  MH4453970                0.001   68.0    0.0    0.0       0.001   76.1       0  16:00       2.99
  MH4498454                0.000    1.2    0.0    0.0       0.000    1.2       0  02:22       1.99
  MH4429503                0.002   71.8    0.0    0.0       0.003   78.3       0  16:00      36.03
  MH4429645                0.001   27.9    0.0    0.0       0.001   33.3       0  16:00       3.94
  MH4452011                0.002   93.3    0.0    0.0       0.002  100.0       0  02:07       5.29
  MH4451871                0.002   92.3    0.0    0.0       0.003   98.8       0  16:00      10.21
  MH4449103                0.003   72.7    0.0    0.0       0.003   78.7       0  16:00      42.52
  MH4499048                0.000    0.4    0.0    0.0       0.000    0.4       0  00:27       0.50
  MH4499729                0.000    1.3    0.0    0.0       0.000    1.3       0  03:01       2.94
  MH4456532                0.000    1.5    0.0    0.0       0.000    1.5       0  00:56       9.09
  MH4454376                0.001   32.0    0.0    0.0       0.001   35.2       0  16:00     116.12
  MH4499323                0.000    0.4    0.0    0.0       0.000    0.4       0  00:37       0.44
  MH1623928                0.001   19.0    0.0    0.0       0.001   21.3       0  16:00     139.69
  MH4428920                0.001   21.3    0.0    0.0       0.001   24.5       0  16:00       0.53
  MH4449849                0.002   62.7    0.0    0.0       0.002   67.4       0  16:00      13.40
  MH4455780                0.000    1.2    0.0    0.0       0.000    1.2       0  09:14       5.51
  MH4429019                0.000    2.9    0.0    0.0       0.000    2.9       0  06:10      32.89
  MH4447394                0.003   76.8    0.0    0.0       0.003   83.5       0  16:00      35.00
  MH4453315                0.000    0.8    0.0    0.0       0.000    0.8       0  00:50       0.27
  MH4453553                0.000    0.6    0.0    0.0       0.000    0.6       0  00:51       1.16
  MH4428426                0.000    0.4    0.0    0.0       0.000    0.4       0  00:43       0.65
  MH4428245                0.000    0.8    0.0    0.0       0.000    0.8       0  02:36       1.67
  MH4450378                0.003   65.0    0.0    0.0       0.003   70.1       0  16:00      34.29
  MH4450554                0.003   62.6    0.0    0.0       0.003   67.6       0  16:00      33.93
  MH1631057                0.000    6.5    0.0    0.0       0.000    6.8       0  06:32     182.31
  MH1631514                0.000    6.4    0.0    0.0       0.000    6.7       0  06:32     186.64
  MH4427095                0.003   85.7    0.0    0.0       0.003   88.1       0  06:07      24.44
  MH4455516                0.000    0.6    0.0    0.0       0.000    0.6       0  00:54       0.57
  MH1623725                0.000    3.1    0.0    0.0       0.000    3.2       0  02:01       2.93
  MH4456551                0.000    1.6    0.0    0.0       0.000    1.6       0  02:28       4.48
  MH4453489                0.001   60.2    0.0    0.0       0.001   66.6       0  16:00       8.06
  MH4449436                0.000    0.4    0.0    0.0       0.000    0.4       0  01:10       1.33
  MH4455808                0.000    0.8    0.0    0.0       0.000    0.8       0  01:06       1.80
  MH4450920                0.000    1.6    0.0    0.0       0.000    1.6       0  01:06       3.39
  MH4451516                0.000    1.4    0.0    0.0       0.000    1.4       0  01:06       4.93
  MH4452994                0.001   38.5    0.0    0.0       0.001   43.2       0  16:00       7.30
  MH4452189                0.002   81.9    0.0    0.0       0.002   87.7       0  16:00      75.53
  MH4449882                0.002   78.0    0.0    0.0       0.002   87.0       0  16:00       0.48
  MH1629073                0.000    0.7    0.0    0.0       0.000    0.7       0  00:33       0.67
  MH4429320                0.000   40.9    0.0    0.0       0.001   48.2       0  16:00       0.25
  MH4451945                0.001   35.9    0.0    0.0       0.001   39.2       0  16:00      19.90
  MH4452809                0.002   90.0    0.0    0.0       0.002   97.8       0  02:08       0.78
  MH4452632                0.002   91.6    0.0    0.0       0.002   99.2       0  02:08       1.54
  MH4453981                0.000    0.4    0.0    0.0       0.000    0.4       0  00:24       0.22
  MH4320104                0.000    0.7    0.0    0.0       0.000    0.7       0  01:14       1.58
  MH4426673                0.000    0.4    0.0    0.0       0.000    0.4       0  00:34       0.26
  MH4450077                0.000    0.4    0.0    0.0       0.000    0.4       0  00:48       0.79
  MH4428836                0.001   23.9    0.0    0.0       0.001   27.0       0  03:51       3.00
  MH4429107                0.001   51.7    0.0    0.0       0.001   57.3       0  04:19       5.23
  MH4429656                0.002   78.6    0.0    0.0       0.002   86.8       0  16:00       3.81
  MH4450617                0.000    1.0    0.0    0.0       0.000    1.0       0  00:45       0.79
  MH4448392                0.000    0.8    0.0    0.0       0.000    0.8       0  00:46       0.46
  MH4448813                0.000    6.6    0.0    0.0       0.000    8.2       0  16:00       0.89
  MH4449913                0.003   66.9    0.0    0.0       0.003   72.5       0  16:00      40.76
  MH4427309                0.000    0.4    0.0    0.0       0.000    0.4       0  00:28       0.83
  MH1625316                0.000    1.5    0.0    0.0       0.000    1.5       0  01:58       2.28
  MH4429584                0.001   73.1    0.0    0.0       0.002   81.6       0  16:00       0.11
  MH4429544                0.002   77.2    0.0    0.0       0.002   85.7       0  16:00       1.12
  MH4452946                0.000    2.4    0.0    0.0       0.000    2.4       0  16:00       6.64
  MH4428797                0.000    0.7    0.0    0.0       0.000    0.7       0  01:23       1.15
  MH4451468                0.001   29.0    0.0    0.0       0.001   32.2       0  16:00       1.75
  MH4450391                0.002   80.0    0.0    0.0       0.003   87.5       0  16:00      14.23
  MH4450531                0.003   78.3    0.0    0.0       0.003   85.1       0  16:00      15.60
  MH1629194                0.000   11.3    0.0    0.0       0.000   12.3       0  16:00     180.60
  MH4449977                0.001   47.6    0.0    0.0       0.001   55.3       0  16:00       1.57
  MH4454125                0.001   68.3    0.0    0.0       0.001   76.5       0  16:00       2.23
  MH4453047                0.000    0.6    0.0    0.0       0.000    0.6       0  00:33       0.41
  MH4455813                0.000    1.1    0.0    0.0       0.000    1.1       0  01:03       1.58
  MH4451576                0.000    0.4    0.0    0.0       0.000    0.4       0  00:30       0.33
  MH4450193                0.003   66.8    0.0    0.0       0.003   71.9       0  16:00      34.55
  MH4449635                0.000    0.8    0.0    0.0       0.000    0.8       0  00:51       1.19
  MH4454657                0.000    1.0    0.0    0.0       0.000    1.0       0  06:22       2.36
  MH4428800                0.000    0.3    0.0    0.0       0.000    0.3       0  02:31       0.72
  MH4452071                0.000    1.5    0.0    0.0       0.000    1.5       0  00:57       5.96
  MH4454876                0.000    0.6    0.0    0.0       0.000    0.6       0  01:32       0.66
  MH4455429                0.000    0.7    0.0    0.0       0.000    0.7       0  01:29       1.32
  MH4448762                0.001   64.6    0.0    0.0       0.002   72.9       0  16:00       2.13
  MH4454901                0.000    0.5    0.0    0.0       0.000    0.5       0  00:12       0.91
  MH1624202                0.000    0.7    0.0    0.0       0.000    0.7       0  00:49       0.56
  MH4454195                0.001   63.6    0.0    0.0       0.001   71.4       0  16:00       2.03
  MH1626450                0.000    0.5    0.0    0.0       0.000    0.5       0  00:32       0.38
  MH1626578                0.000    1.0    0.0    0.0       0.000    1.0       0  01:03       1.02
  MH4429411                0.002   78.0    0.0    0.0       0.002   88.4       0  16:00       0.40
  MH4501851                0.000   11.7    0.0    0.0       0.000   13.4       0  16:00      20.65
  MH4456372                0.000    1.2    0.0    0.0       0.000    1.2       0  02:19       1.48
  MH5216010                0.000    0.3    0.0    0.0       0.000    0.3       0  00:18       0.13
  MH4498407                0.000    1.0    0.0    0.0       0.000    1.0       0  02:24       1.53
  MH4453748                0.001   50.1    0.0    0.0       0.001   56.6       0  16:00       0.08
  MH4427312                0.000    0.6    0.0    0.0       0.000    0.6       0  01:03       1.51
  MH4451113                0.000    1.1    0.0    0.0       0.000    1.1       0  01:08       3.60
  MH4450100                0.000    0.6    0.0    0.0       0.000    0.6       0  00:44       0.35
  MH4450180                0.001   54.5    0.0    0.0       0.001   58.8       0  01:27       1.07
  MH4429323                0.000    0.7    0.0    0.0       0.000    0.7       0  01:09       0.65
  MH4449920                0.000    0.6    0.0    0.0       0.000    0.6       0  01:20       1.01
  MH1790382                0.000    0.7    0.0    0.0       0.000    0.8       0  01:02       0.48
  MH4455602                0.000    0.9    0.0    0.0       0.000    0.9       0  03:01       2.93
  MH4429471                0.001   55.0    0.0    0.0       0.001   62.7       0  16:00       0.80
  MH4451886                0.002   94.0    0.0    0.0       0.002  100.0       0  01:48      75.55
  MH4450802                0.000    0.5    0.0    0.0       0.000    0.5       0  01:01       0.45
  MH4447506                0.000    0.6    0.0    0.0       0.000    0.6       0  00:47       0.36
  MH4429499                0.003   81.7    0.0    0.0       0.003   88.5       0  16:00      17.29
  MH4447691                0.002   75.6    0.0    0.0       0.003   82.3       0  16:00      37.94
  MH4449485                0.000    2.5    0.0    0.0       0.000    2.5       0  03:38       9.62
  MH5233531                0.000    1.4    0.0    0.0       0.000    1.4       0  01:20       4.69
  MH4428146                0.000    0.7    0.0    0.0       0.000    0.7       0  00:31       0.92
  MH4428096                0.002   97.8    0.0    0.0       0.002  100.0       0  00:51      23.29
  MH4450167                0.002   55.7    0.0    0.0       0.002   59.8       0  16:00      13.92
  MH1630330                0.000    1.9    0.0    0.0       0.000    2.0       0  02:37       3.86
  MH1630926                0.000    2.1    0.0    0.0       0.000    2.3       0  00:34       4.68
  MH4500043                0.000    1.0    0.0    0.0       0.000    1.0       0  02:51       5.16
  MH4454993                0.000    1.3    0.0    0.0       0.000    1.3       0  01:03       4.40
  MH1629888                0.000    1.3    0.0    0.0       0.000    1.3       0  01:19       3.22
  MH4427714                0.000    0.5    0.0    0.0       0.000    0.5       0  00:30       0.76
  MH4450332                0.001   93.5    0.0    0.0       0.001  100.0       0  01:27       1.98
  MH4452952                0.000    1.0    0.0    0.0       0.000    1.0       0  00:15       1.22
  MH4426188                0.002   51.7    0.0    0.0       0.002   54.1       0  06:06       1.24
  MH4426979                0.000    0.5    0.0    0.0       0.000    0.5       0  00:37       0.71
  MH4455191                0.000    1.3    0.0    0.0       0.000    1.4       0  01:08       7.54
  MH4454312                0.000    0.7    0.0    0.0       0.000    0.7       0  03:43       0.58
  MH4427849                0.000    0.6    0.0    0.0       0.000    0.6       0  00:46       0.94
  MH1625959                0.000    1.8    0.0    0.0       0.000    1.8       0  02:00       2.46
  MH4498291                0.000    0.7    0.0    0.0       0.000    0.7       0  00:54       0.32
  MH5164627                0.000    0.7    0.0    0.0       0.000    0.7       0  00:41       0.12
  MH4453850                0.001   37.1    0.0    0.0       0.001   42.8       0  16:00       0.85
  MH4454009                0.001   44.7    0.0    0.0       0.001   51.0       0  16:00       1.37
  MH4453031                0.000    0.8    0.0    0.0       0.000    0.8       0  00:31       0.34
  MH1626189                0.001   19.6    0.0    0.0       0.001   21.9       0  16:00     143.75
  MH4499059                0.000    1.1    0.0    0.0       0.000    1.1       0  02:24       2.38
  MH4451673                0.002   79.4    0.0    0.0       0.002   85.7       0  16:00       3.26
  MH4447346                0.001   55.7    0.0    0.0       0.001   63.7       0  16:00       0.33
  MH4427659                0.000    0.3    0.0    0.0       0.000    0.3       0  00:20       0.19
  MH4453098                0.002   80.9    0.0    0.0       0.002   88.0       0  16:00      99.49
  MH4502186                0.001   19.1    0.0    0.0       0.001   21.1       0  16:00     177.67
  MH4500625                0.000    1.1    0.0    0.0       0.000    1.1       0  01:13       0.52
  MH4429420                0.000    0.7    0.0    0.0       0.000    0.7       0  01:23       1.65
  MH4450396                0.000    0.5    0.0    0.0       0.000    0.5       0  01:00       0.45
  MH4499406                0.000    1.1    0.0    0.0       0.000    1.1       0  01:04       2.72
  MH4456777                0.000    1.2    0.0    0.0       0.000    1.2       0  07:58       6.34
  MH4428638                0.000    2.2    0.0    0.0       0.000    2.2       0  00:12       1.39
  MH8707824                0.000    1.1    0.0    0.0       0.000    1.1       0  00:48       0.63
  MH4454398                0.000    0.5    0.0    0.0       0.000    0.5       0  00:24       0.08
  MH4453185                0.001   71.8    0.0    0.0       0.001   79.3       0  16:00       0.61
  MH4450847                0.000    0.7    0.0    0.0       0.000    0.7       0  01:01       0.91
  MH4428583                0.000    6.1    0.0    0.0       0.000    6.9       0  05:07       1.66
  MH4455943                0.000    0.8    0.0    0.0       0.000    0.8       0  00:53       0.55
  MH4426728                0.004   83.9    0.0    0.0       0.004   86.0       0  06:07      23.87
  MH4427741                0.000    0.4    0.0    0.0       0.000    0.4       0  01:01       0.69
  MH4452541                0.001   44.5    0.0    0.0       0.001   48.6       0  16:00      20.32
  MH4449796                0.002   62.9    0.0    0.0       0.002   69.6       0  16:00       9.33
  MH4450269                0.000    0.2    0.0    0.0       0.000    0.2       0  00:35       0.12
  MH4447355                0.000    1.0    0.0    0.0       0.000    1.0       0  01:12       0.34
  MH4448029                0.000    1.1    0.0    0.0       0.000    1.1       0  01:14       0.51
  MH4452462                0.002   79.4    0.0    0.0       0.002   85.6       0  01:50       1.79
  MH4448626                0.000    1.2    0.0    0.0       0.000    1.2       0  00:47       2.03
  MH4428137                0.000    0.6    0.0    0.0       0.000    0.6       0  00:32       1.06
  MH1630702                0.000    0.5    0.0    0.0       0.000    0.5       0  00:56       0.16
  MH4454116                0.001   48.6    0.0    0.0       0.001   53.5       0  16:00     108.76
  MH4452110                0.001   49.3    0.0    0.0       0.001   54.7       0  16:00       0.81
  MH4428968                0.000    1.1    0.0    0.0       0.000    1.1       0  01:20       1.27
  MH4500689                0.000    3.9    0.0    0.0       0.000    3.9       0  03:55       8.99
  MH1623436                0.000    2.5    0.0    0.0       0.000    2.5       0  00:26       0.36
  MH4454395                0.000    0.9    0.0    0.0       0.000    0.9       0  01:27       0.30
  MH4449866                0.001   45.1    0.0    0.0       0.001   50.5       0  16:00       0.39
  MH4449011                0.002   86.1    0.0    0.0       0.003   93.6       0  16:00      38.54
  MH4452760                0.000    0.2    0.0    0.0       0.000    0.2       0  00:19       0.06
  MH4447668                0.001   70.4    0.0    0.0       0.001   79.6       0  16:00       0.70
  MH4448929                0.002   68.9    0.0    0.0       0.002   77.1       0  16:00       5.86
  MH4448474                0.001   54.0    0.0    0.0       0.002   61.0       0  16:00       7.16
  MH4429086                0.000    1.0    0.0    0.0       0.000    1.0       0  01:32       2.38
  MH4320244                0.000    0.8    0.0    0.0       0.000    0.8       0  01:17       2.00
  MH4429268                0.001   70.8    0.0    0.0       0.001   80.5       0  16:00       0.37
  MH4451870                0.001   65.1    0.0    0.0       0.001   71.0       0  16:00       0.42
  MH4453213                0.000    1.9    0.0    0.0       0.000    1.9       0  00:05       4.88
  MH4428067                0.000    0.4    0.0    0.0       0.000    0.4       0  00:39       0.55
  MH4453837                0.000    1.7    0.0    0.0       0.000    1.7       0  01:43       5.48
  MH4451967                0.001   46.8    0.0    0.0       0.001   51.9       0  16:00      34.65
  MH4449503                0.001   29.6    0.0    0.0       0.001   35.3       0  16:00       1.35
  MH4428188                0.000    0.8    0.0    0.0       0.000    0.8       0  00:42       1.35
  MH4449778                0.001   83.7    0.0    0.0       0.001   94.9       0  16:00       0.36
  MH4447452                0.002   74.1    0.0    0.0       0.002   80.6       0  16:00       8.60
  MH4427588                0.002   97.1    0.0    0.0       0.002  100.0       0  01:14      24.36
  MH4450776                0.001   53.2    0.0    0.0       0.001   59.3       0  16:00       0.47
  MH4453095                0.001   32.3    0.0    0.0       0.001   36.7       0  16:00       0.25
  
  
  ***********************
  Outfall Loading Summary
  ***********************
  
  -----------------------------------------------------------
                         Flow       Avg       Max       Total
                         Freq      Flow      Flow      Volume
  Outfall Node           Pcnt       LPS       LPS    10^6 ltr
  -----------------------------------------------------------
  X385                  99.86      0.05      0.05       0.003
  X570                  99.95      0.19      0.19       0.011
  OUT                   99.94    176.94    187.12      10.186
  X902                  99.60      0.03      0.03       0.002
  -----------------------------------------------------------
  System                99.84    177.22    187.40      10.201
  
  
  ********************
  Link Flow Summary
  ********************
  
  -----------------------------------------------------------------------------
                                 Maximum  Time of Max   Maximum    Max/    Max/
                                  |Flow|   Occurrence   |Veloc|    Full    Full
  Link                 Type          LPS  days hr:min     m/sec    Flow   Depth
  -----------------------------------------------------------------------------
  P4433449             PUMP        34.31     0  16:00                          
  P1495438             PUMP         2.46     0  02:04                          
  N0>N1                CONDUIT    177.96     0  06:33      1.12    1.18    1.00
  MH4454411>N3         CONDUIT      6.47     0  00:57      0.61    0.20    1.00
  N4>MH4450314         CONDUIT      0.10     0  00:29      0.25    0.01    0.06
  N8>N9                CONDUIT      0.23     0  00:20      0.34    0.01    0.08
  N10>MH4428367        CONDUIT      0.59     0  01:41      0.67    0.02    0.10
  MH4428606>N13        CONDUIT      2.61     0  00:57      0.80    0.12    1.00
  MH4454744>N15        CONDUIT      0.16     0  00:31      0.23    0.01    0.08
  N18>MH4452397        CONDUIT      0.37     0  00:25      0.47    0.02    0.09
  N20>MH4453133        CONDUIT      6.81     0  01:11      0.62    0.21    0.76
  N22>MH4447602        CONDUIT      0.22     0  00:31      0.33    0.01    1.00
  MH4429312>N25        CONDUIT     10.45     0  16:00      0.86    0.75    1.00
  N26>MH4453788        CONDUIT      0.18     0  02:01      0.33    0.02    1.00
  N28>MH4456108        CONDUIT      1.75     0  01:21      0.83    0.05    0.18
  N30>N31              CONDUIT      0.26     0  00:16      0.51    0.01    0.07
  N32>N33              CONDUIT      0.11     0  00:07      0.40    0.00    0.06
  N34>N35              CONDUIT      0.92     0  00:54      0.34    0.03    0.12
  N38>MH4454209        CONDUIT      5.39     0  00:08      0.69    0.15    0.26
  MH1624017>MH1623826  CONDUIT      0.88     0  00:36      0.47    0.06    0.17
  MH4429136>N43        CONDUIT     16.13     0  16:00      0.91    1.29    1.00
  MH4501201>N45        CONDUIT     10.70     0  02:24      0.54    0.22    0.32
  MH1623826>N46        CONDUIT      1.07     0  00:59      0.49    0.07    0.77
  N47>MH4501544        CONDUIT    143.88     0  06:35      0.91    1.14    1.00
  N49>N50              CONDUIT      0.66     0  00:36      0.57    0.03    0.12
  N51>MH4454640        CONDUIT      5.64     0  00:12      0.62    0.15    0.28
  N53>MH4453512        CONDUIT      7.46     0  01:12      0.62    0.24    1.00
  MH4452154>MH4452217  CONDUIT      5.42     0  01:07      0.42    0.19    1.00
  N59>MH4446824        CONDUIT      2.76     0  01:23      0.60    0.12    1.00
  N61>N62              CONDUIT      1.02     0  00:57      0.44    0.07    0.19
  N63>N64              CONDUIT     20.54     0  16:00      1.28    1.05    1.00
  MH4453931>N66        CONDUIT      0.72     0  01:29      0.43    0.04    0.15
  N67>MH4456468        CONDUIT      0.11     0  00:01      0.28    0.01    0.08
  N69>MH4502097        CONDUIT    144.68     0  06:35      0.91    1.14    1.00
  N71>N72              CONDUIT      9.28     0  01:02      1.39    0.11    0.22
  N73>MH4447369        CONDUIT      1.23     0  00:00      0.83    0.04    0.14
  MH4448345>MH4448419  CONDUIT     39.22     0  16:00      0.99    0.72    1.00
  N77>MH4449083        CONDUIT      0.29     0  00:03      0.51    0.01    0.08
  N13>MH4429136        CONDUIT      2.96     0  00:32      0.29    0.14    1.00
  N79>MH4499116        CONDUIT      0.59     0  00:50      0.48    0.02    0.15
  N81>N82              CONDUIT      0.12     0  00:09      0.29    0.01    0.07
  N83>MH4454674        CONDUIT      0.58     0  00:43      0.37    0.04    0.15
  N85>MH4427688        CONDUIT      1.13     0  00:37      0.89    0.03    0.12
  N87>MH4448753        CONDUIT      0.06     0  00:01      0.24    0.00    0.08
  N89>MH1627682        CONDUIT      1.24     0  01:48      0.41    0.12    0.23
  MH4452538>MH5118586  CONDUIT      1.03     0  00:36      0.65    0.03    0.16
  N33>MH4452724        CONDUIT      0.28     0  00:18      0.51    0.01    0.10
  MH4448853>N97        CONDUIT      9.08     0  00:26      0.56    0.38    1.00
  N98>MH4500422        CONDUIT      5.50     0  02:15      1.26    0.05    0.17
  N100>N101            CONDUIT      5.95     0  02:45      1.43    0.17    0.29
  MH4449806>MH4450137  CONDUIT      3.59     0  16:00      0.45    0.41    1.00
  MH4428117>MH4428139  CONDUIT      0.09     0  00:36      0.28    0.00    0.06
  N106>MH4455909       CONDUIT    124.81     0  01:52      1.13    1.22    1.00
  N108>MH5118586       CONDUIT      0.59     0  00:23      0.51    0.02    0.15
  N109>MH4451823       CONDUIT      0.53     0  00:04      0.51    0.03    1.00
  MH4450787>N112       CONDUIT      0.37     0  00:33      0.41    0.02    0.11
  N113>MH4428026       CONDUIT      0.94     0  01:16      0.73    0.03    0.13
  MH4501866>N116       CONDUIT     21.60     0  02:10      0.66    0.45    1.00
  N119>MH1627986       CONDUIT      1.60     0  00:49      0.44    0.04    0.15
  MH4499632>N122       CONDUIT      4.79     0  02:21      0.56    0.14    0.27
  MH4429035>N124       CONDUIT      0.64     0  02:17      0.55    0.03    1.00
  MH4454674>N125       CONDUIT      0.70     0  00:44      0.37    0.05    0.16
  MH4449704>MH4449118  CONDUIT      2.87     0  16:00      0.50    0.23    1.00
  N128>MH1629281       CONDUIT      0.50     0  00:40      0.33    0.05    0.20
  N82>MH4454718        CONDUIT      0.20     0  00:32      0.31    0.01    0.09
  N131>MH4451287       CONDUIT      1.41     0  00:48      0.36    0.08    0.43
  N133>N134            CONDUIT      0.14     0  00:19      0.23    0.01    0.08
  N137>MH4450219       CONDUIT      1.34     0  01:12      0.59    0.06    0.19
  N139>MH4449321       CONDUIT      1.90     0  01:14      0.43    0.15    1.00
  MH4448509>N142       CONDUIT      2.03     0  01:14      0.39    0.16    1.00
  N143>MH4428524       CONDUIT     23.56     0  00:51      1.33    2.15    1.00
  N145>MH1627084       CONDUIT      0.59     0  00:41      0.38    0.04    0.15
  MH1627084>N147       CONDUIT      1.21     0  00:49      0.45    0.03    0.12
  N148>N79             CONDUIT      0.55     0  00:28      0.59    0.02    0.10
  N149>N150            CONDUIT      9.03     0  02:18      1.34    0.11    0.23
  N151>MH4455762       CONDUIT      0.70     0  01:00      0.32    0.05    0.19
  N153>N154            CONDUIT      0.25     0  00:02      0.38    0.01    0.10
  N155>MH4452721       CONDUIT      0.68     0  00:45      0.61    0.03    0.11
  N157>N158            CONDUIT      0.87     0  00:55      0.56    0.04    0.79
  N159>MH4453931       CONDUIT      0.44     0  00:32      0.41    0.03    0.12
  MH4447128>MH4447726  CONDUIT      2.45     0  01:00      0.37    0.20    1.00
  MH1627986>N162       CONDUIT      1.75     0  00:55      0.38    0.06    0.17
  MH4501544>N69        CONDUIT    144.43     0  06:35      0.91    1.14    1.00
  N46>N163             CONDUIT      1.25     0  00:37      0.54    0.08    1.00
  N166>MH4428268       CONDUIT      3.77     0  15:18      0.81    0.14    0.31
  N168>MH4428636       CONDUIT      1.08     0  00:33      0.90    0.03    1.00
  N170>N171            CONDUIT      1.04     0  01:19      0.29    0.10    1.00
  N172>MH4452977       CONDUIT      1.89     0  01:02      0.30    0.18    1.00
  N176>MH1632309       CONDUIT    186.88     0  06:33      2.20    0.93    0.72
  N178>MH4500035       CONDUIT      9.76     0  01:05      1.06    0.11    0.29
  N180>N181            CONDUIT      4.99     0  01:29      0.76    0.33    1.00
  MH4451759>N183       CONDUIT      0.29     0  00:36      0.79    0.01    0.06
  N184>N59             CONDUIT      2.60     0  01:32      0.84    0.11    0.23
  MH4454490>N186       CONDUIT      3.26     0  00:50      1.15    0.10    0.22
  N112>N187            CONDUIT      0.43     0  00:52      0.45    0.03    0.10
  N188>MH4447880       CONDUIT      4.45     0  01:24      0.73    0.31    1.00
  MH4499417>N191       CONDUIT      7.68     0  02:55      0.84    0.17    0.28
  N192>MH4453579       CONDUIT      3.42     0  01:11      0.40    0.13    1.00
  N194>MH4451531       CONDUIT      0.13     0  00:01      0.42    0.01    0.08
  MH4449785>N197       CONDUIT     34.67     0  00:32      0.87    1.32    1.00
  N198>MH4447416       CONDUIT      2.05     0  01:27      0.44    0.12    1.00
  N202>MH4453124       CONDUIT      3.19     0  00:45      1.07    0.10    0.23
  MH5228371>N205       CONDUIT      0.15     0  00:24      0.29    0.01    0.07
  N206>MH6153571       CONDUIT    136.37     0  06:37      0.90    1.03    1.00
  N208>N209            CONDUIT     20.11     0  16:00      1.28    1.02    1.00
  N210>N211            CONDUIT    181.86     0  06:31      1.15    1.19    1.00
  N212>MH4427425       CONDUIT      0.12     0  00:01      0.44    0.00    0.07
  N216>N131            CONDUIT      1.14     0  00:46      0.54    0.06    0.18
  MH7465841>N220       CONDUIT     33.16     0  02:23      2.09    0.40    0.42
  N221>N222            CONDUIT      0.18     0  00:15      0.40    0.01    0.07
  MH4451971>N224       CONDUIT      0.84     0  00:37      0.64    0.03    0.13
  N225>MH4450757       CONDUIT     14.13     0  01:07      1.34    0.59    0.58
  N228>N229            CONDUIT      0.21     0  00:18      0.29    0.01    0.09
  N230>N231            CONDUIT      1.01     0  01:27      0.63    0.04    0.15
  N232>MH4451971       CONDUIT      0.58     0  00:47      0.55    0.02    0.11
  MH4447684>N234       CONDUIT      1.18     0  00:38      0.81    0.03    0.14
  MH4449173>MH4449785  CONDUIT     42.99     0  16:00      1.08    1.64    1.00
  N238>N239            CONDUIT      0.04     0  00:00      0.18    0.00    0.07
  N240>MH4451058       CONDUIT      3.33     0  00:32      1.01    0.12    0.25
  MH4452032>MH4451840  CONDUIT      1.97     0  01:18      0.35    0.11    1.00
  N244>MH1790845       CONDUIT      0.66     0  01:52      0.34    0.05    0.21
  N246>N247            CONDUIT      2.02     0  02:49      0.43    0.06    0.31
  N248>N61             CONDUIT      0.77     0  00:55      0.40    0.05    0.16
  MH4456553>N250       CONDUIT    135.04     0  06:37      0.90    1.07    1.00
  N251>MH4449510       CONDUIT      0.55     0  02:40      0.19    0.04    0.25
  MH4428713>MH4428995  CONDUIT      1.25     0  02:26      0.48    0.08    1.00
  N255>MH4447351       CONDUIT      0.82     0  01:14      0.60    0.03    0.13
  MH4450170>N225       CONDUIT     13.79     0  01:29      1.40    0.57    0.55
  MH4447880>N258       CONDUIT      5.31     0  01:11      0.79    0.38    1.00
  MH4500254>N260       CONDUIT      0.45     0  00:47      0.35    0.03    0.13
  N261>MH4448662       CONDUIT      0.72     0  01:03      0.42    0.05    0.16
  N263>MH5228371       CONDUIT      0.08     0  00:01      0.42    0.00    0.05
  MH4429357>N265       CONDUIT      7.58     0  00:54      0.56    0.27    1.00
  MH5286735>N267       CONDUIT      0.15     0  00:25      0.23    0.01    0.09
  N268>N269            CONDUIT      7.96     0  00:52      1.41    0.09    0.20
  N270>N271            CONDUIT      1.38     0  01:54      0.41    0.04    1.00
  N272>MH4449860       CONDUIT      0.12     0  00:01      0.33    0.01    0.09
  MH5118586>N202       CONDUIT      3.15     0  00:45      1.14    0.10    0.21
  N274>N275            CONDUIT      0.23     0  00:27      0.35    0.01    0.08
  N45>N276             CONDUIT     11.10     0  02:32      0.55    0.23    0.43
  N277>N278            CONDUIT      0.14     0  00:10      0.50    0.00    0.05
  N125>N279            CONDUIT      0.92     0  01:29      0.42    0.07    0.18
  N280>N281            CONDUIT      0.75     0  01:10      0.57    0.03    0.13
  MH4452919>MH4453133  CONDUIT      0.29     0  02:29      0.36    0.02    0.68
  MH4450449>MH4450581  CONDUIT     72.29     0  16:00      1.11    1.06    1.00
  N285>MH6042164       CONDUIT      0.11     0  00:01      0.31    0.01    0.11
  N287>MH1625395       CONDUIT      0.22     0  00:02      0.46    0.01    0.13
  MH4447397>MH5241467  CONDUIT      1.83     0  01:39      0.37    0.18    1.00
  N293>N294            CONDUIT      0.19     0  00:14      0.37    0.01    0.08
  N295>MH4449321       CONDUIT      0.82     0  01:08      0.32    0.04    1.00
  N296>N297            CONDUIT      1.90     0  01:14      0.88    0.06    0.18
  N298>N299            CONDUIT      0.20     0  00:31      0.30    0.01    0.09
  N300>MH4455121       CONDUIT      8.14     0  01:09      0.65    0.26    1.00
  MH4450219>N302       CONDUIT      1.63     0  01:17      0.58    0.10    0.22
  N303>MH4428765       CONDUIT      0.35     0  02:05      0.50    0.01    0.61
  N307>MH1624138       CONDUIT      1.56     0  00:54      0.57    0.10    1.00
  MH4452902>MH4452980  CONDUIT      3.33     0  00:00      1.45    0.10    0.21
  N311>MH4451333       CONDUIT      0.14     0  00:18      0.38    0.01    0.06
  MH1623974>N314       CONDUIT      1.06     0  01:21      0.45    0.07    1.00
  MH4428139>MH4428320  CONDUIT      0.48     0  01:07      0.72    0.01    0.08
  MH1632309>MH1632398  CONDUIT    186.93     0  06:33      1.94    0.57    0.58
  N317>N318            CONDUIT      0.18     0  00:18      0.25    0.01    0.10
  N319>MH4447643       CONDUIT     36.26     0  16:00      0.61    0.89    1.00
  N321>N322            CONDUIT      5.17     0  01:05      0.74    0.09    0.81
  MH4452081>N324       CONDUIT      4.52     0  01:07      1.33    0.13    0.25
  MH4447416>MH4447726  CONDUIT      2.33     0  01:27      0.49    0.14    1.00
  N325>MH4429357       CONDUIT      5.43     0  05:07      0.59    0.49    1.00
  MH4429013>N327       CONDUIT      8.93     0  00:47      0.82    0.64    1.00
  MH4448419>N328       CONDUIT     39.48     0  16:00      0.99    1.83    1.00
  MH4429468>MH4446883  CONDUIT      2.69     0  01:10      0.37    0.25    1.00
  N331>N332            CONDUIT      0.15     0  00:16      0.25    0.01    0.09
  MH4451058>MH4451092  CONDUIT      3.98     0  00:51      1.07    0.15    0.26
  MH4452217>N334       CONDUIT      5.43     0  01:07      0.38    0.26    1.00
  MH4448796>N336       CONDUIT      0.36     0  00:37      0.31    0.02    0.12
  N337>MH4500902       CONDUIT      0.94     0  00:48      0.66    0.04    0.13
  N339>MH4454411       CONDUIT      5.83     0  00:53      0.59    0.18    1.00
  N340>N341            CONDUIT      1.62     0  00:51      0.84    0.06    0.17
  MH4448753>MH4449330  CONDUIT      0.33     0  01:15      0.38    0.02    0.10
  N343>MH4450211       CONDUIT      0.98     0  00:45      0.77    0.03    0.13
  N345>N346            CONDUIT      1.26     0  01:21      0.22    0.11    1.00
  N347>MH4453770       CONDUIT      0.42     0  00:45      0.37    0.03    0.25
  MH4429527>MH4447397  CONDUIT      0.94     0  01:54      0.37    0.08    1.00
  N353>N354            CONDUIT      0.30     0  00:48      0.49    0.01    0.08
  MH4450975>N356       CONDUIT      2.16     0  00:53      0.39    0.13    1.00
  N357>MH4451840       CONDUIT      1.11     0  00:51      0.30    0.07    1.00
  MH4450207>MH4449806  CONDUIT      0.65     0  00:51      0.51    0.03    1.00
  MH4453740>N340       CONDUIT      1.41     0  00:51      0.80    0.05    0.16
  MH4429179>N361       CONDUIT      3.00     0  01:01      0.46    0.28    1.00
  N362>N363            CONDUIT      0.17     0  00:01      0.38    0.01    0.07
  MH4449083>N364       CONDUIT      0.50     0  00:28      0.55    0.01    0.10
  MH4448662>N365       CONDUIT      1.01     0  01:22      0.45    0.07    0.18
  N366>N367            CONDUIT     75.72     0  01:48      1.07    2.51    1.00
  MH4452527>MH4452680  CONDUIT     76.10     0  01:48      1.08    2.45    1.00
  N163>MH1624769       CONDUIT      1.89     0  01:50      0.54    0.12    1.00
  MH4454629>N300       CONDUIT      7.88     0  00:56      0.66    0.25    1.00
  N372>MH1624494       CONDUIT      0.66     0  00:51      0.62    0.03    0.11
  N375>N230            CONDUIT      0.86     0  01:24      0.61    0.04    0.13
  MH4451143>MH4450975  CONDUIT      1.70     0  01:32      0.38    0.13    1.00
  MH4450922>MH4451207  CONDUIT     89.04     0  16:00      1.26    1.30    1.00
  N379>MH8963773       CONDUIT      0.77     0  01:08      0.37    0.05    1.00
  N66>MH4454643        CONDUIT      1.05     0  00:47      0.51    0.06    0.18
  MH4454209>N51        CONDUIT      5.60     0  00:11      0.67    0.15    0.26
  MH4456108>N382       CONDUIT      2.16     0  01:36      0.77    0.10    0.22
  N383>MH4454744       CONDUIT      0.08     0  00:01      0.30    0.00    0.06
  MH4426971>X385       CONDUIT      0.05     0  00:26      0.22    0.00    0.04
  MH4453970>N192       CONDUIT      3.50     0  01:11      0.34    0.13    1.00
  N387>MH4453512       CONDUIT      0.74     0  01:43      0.45    0.05    1.00
  N389>MH6153571       CONDUIT      2.65     0  01:03      0.86    0.12    1.00
  MH4498454>N391       CONDUIT      1.99     0  02:13      0.63    0.12    0.24
  N394>MH4429503       CONDUIT     33.65     0  15:59      1.35    0.63    1.00
  MH4429645>N397       CONDUIT      3.94     0  01:36      0.76    0.28    1.00
  MH4452011>MH4451871  CONDUIT     10.21     0  00:30      0.34    0.43    1.00
  N328>MH4449103       CONDUIT     39.72     0  16:00      1.00    1.85    1.00
  N401>MH4502097       CONDUIT     10.81     0  00:39      0.72    0.16    1.00
  N278>MH4499048       CONDUIT      0.27     0  00:26      0.58    0.01    0.08
  N403>MH4428524       CONDUIT      5.83     0  00:00      2.29    0.17    0.48
  MH4499729>N405       CONDUIT      2.94     0  00:59      0.87    0.13    0.25
  N406>MH4456532       CONDUIT      0.76     0  01:03      0.57    0.04    0.13
  N408>MH4454376       CONDUIT      9.08     0  00:30      0.71    0.29    1.00
  MH1629281>N411       CONDUIT      2.72     0  01:19      0.58    0.06    0.18
  N412>MH4499323       CONDUIT      0.25     0  00:01      0.75    0.01    0.07
  N414>MH1623928       CONDUIT    139.55     0  06:37      0.90    1.09    1.00
  N416>MH4428920       CONDUIT      0.30     0  00:21      0.48    0.01    1.00
  MH4453124>N418       CONDUIT      4.17     0  00:47      1.22    0.12    0.25
  MH4451871>N419       CONDUIT     13.49     0  00:30      0.44    0.50    1.00
  N422>MH4450922       CONDUIT     15.77     0  16:00      0.97    1.02    1.00
  MH4449849>MH4449785  CONDUIT     13.30     0  16:00      0.75    1.18    1.00
  MH4455780>N426       CONDUIT      5.51     0  02:41      1.38    0.16    0.28
  MH4450757>N427       CONDUIT     16.38     0  02:51      1.46    0.68    0.61
  N3>MH4454629         CONDUIT      6.48     0  01:30      0.57    0.21    1.00
  MH4429019>MH7465841  CONDUIT     32.89     0  01:10      1.94    0.40    0.44
  N222>N148            CONDUIT      0.41     0  00:23      0.52    0.02    0.09
  N431>N432            CONDUIT      7.27     0  00:57      0.58    0.25    1.00
  N25>MH4447394        CONDUIT     10.85     0  16:00      0.66    0.78    1.00
  N434>N98             CONDUIT      5.31     0  02:14      1.33    0.05    0.16
  MH1624138>MH1624769  CONDUIT    141.49     0  06:36      0.91    1.15    1.00
  MH4453315>MH4453553  CONDUIT      0.27     0  00:50      0.26    0.03    0.13
  MH4428426>MH4428245  CONDUIT      0.27     0  00:43      0.45    0.01    0.08
  N439>N440            CONDUIT      9.59     0  16:00      0.80    0.74    1.00
  MH4450378>MH4450554  CONDUIT     34.29     0  00:31      0.86    1.32    1.00
  MH1631057>MH1631514  CONDUIT    182.31     0  06:32      2.01    1.05    0.76
  MH6153571>N414       CONDUIT    139.31     0  06:37      0.91    1.09    1.00
  N445>N446            CONDUIT      0.02     0  00:02      0.15    0.00    0.07
  N447>MH4427095       CONDUIT     24.13     0  06:06      1.37    1.74    1.00
  MH4427688>N166       CONDUIT      3.35     0  01:01      1.02    0.12    0.24
  N450>MH4455516       CONDUIT      0.26     0  00:23      0.33    0.02    0.11
  MH1623725>N453       CONDUIT      2.93     0  01:01      0.64    0.19    0.30
  N455>N456            CONDUIT      0.28     0  00:16      0.50    0.01    0.08
  N72>N178             CONDUIT      9.49     0  00:59      1.40    0.11    0.23
  N457>N287            CONDUIT      0.08     0  00:00      0.30    0.00    0.06
  N458>MH4456551       CONDUIT      3.39     0  02:10      0.62    0.22    0.35
  MH4428995>N460       CONDUIT      2.52     0  01:19      0.42    0.23    1.00
  N461>N416            CONDUIT      0.11     0  00:12      0.31    0.00    0.06
  N341>MH4454490       CONDUIT      1.88     0  00:54      0.79    0.06    0.19
  N432>MH4453489       CONDUIT      7.38     0  16:00      0.54    0.29    1.00
  MH4449436>N464       CONDUIT      1.33     0  00:50      0.67    0.06    0.17
  N465>MH4448509       CONDUIT      1.30     0  01:29      0.31    0.10    1.00
  MH4428920>N466       CONDUIT      1.12     0  01:49      0.47    0.06    1.00
  N467>N468            CONDUIT      0.06     0  00:02      0.49    0.00    0.05
  MH4455808>N470       CONDUIT      1.80     0  01:03      0.63    0.10    0.22
  N471>N472            CONDUIT      2.29     0  01:06      0.53    0.18    0.30
  N473>MH1623974       CONDUIT      0.32     0  00:35      0.35    0.02    0.14
  N474>MH4450920       CONDUIT      2.90     0  00:00      0.80    0.09    0.21
  MH4451516>N477       CONDUIT      4.93     0  00:53      1.15    0.18    0.29
  MH4452994>N431       CONDUIT      7.30     0  01:00      0.69    0.68    1.00
  MH4452189>N366       CONDUIT     75.53     0  01:48      1.07    2.48    1.00
  MH4449882>MH4449704  CONDUIT      1.79     0  00:49      0.16    0.54    1.00
  MH1629073>N157       CONDUIT      0.67     0  00:33      0.52    0.03    0.13
  MH1623928>MH1624138  CONDUIT    139.69     0  06:37      0.90    1.09    1.00
  N482>MH4452721       CONDUIT      4.99     0  01:08      0.91    0.14    0.36
  N361>MH4429503       CONDUIT      3.89     0  00:50      0.50    0.35    1.00
  N483>MH4429320       CONDUIT      0.25     0  02:00      0.28    0.02    1.00
  MH4451945>N208       CONDUIT     19.90     0  00:38      1.26    1.02    1.00
  N486>N487            CONDUIT      0.64     0  00:34      0.59    0.03    0.11
  N488>N489            CONDUIT      2.50     0  00:00      0.93    0.16    0.27
  MH4453489>MH4453579  CONDUIT      8.06     0  00:22      0.62    0.32    1.00
  MH4427095>N490       CONDUIT     24.44     0  06:07      1.38    1.76    1.00
  N491>N492            CONDUIT      0.15     0  00:07      0.46    0.00    0.07
  MH4452809>MH4452632  CONDUIT      1.54     0  00:46      0.22    0.14    1.00
  N498>MH5286735       CONDUIT      0.08     0  00:01      0.33    0.01    0.06
  N499>MH4456553       CONDUIT    134.78     0  06:38      0.91    1.06    1.00
  MH4453981>N501       CONDUIT      0.22     0  00:24      0.35    0.01    0.08
  N354>N108            CONDUIT      0.47     0  00:49      0.60    0.01    0.09
  MH4456532>N71        CONDUIT      9.09     0  00:53      1.38    0.11    0.22
  N505>MH4450207       CONDUIT      0.24     0  02:07      0.23    0.03    1.00
  MH4320104>N507       CONDUIT      1.58     0  01:14      0.42    0.05    0.15
  MH4447351>N510       CONDUIT      1.15     0  01:16      0.71    0.04    0.15
  N336>N511            CONDUIT      0.58     0  00:39      0.38    0.04    0.14
  MH4426673>N515       CONDUIT      0.23     0  00:34      0.32    0.01    0.09
  MH4450077>N517       CONDUIT      0.79     0  00:48      0.58    0.03    0.13
  MH4428836>MH4429107  CONDUIT      3.00     0  03:32      0.53    0.23    1.00
  MH4453553>MH4453740  CONDUIT      1.16     0  00:49      0.71    0.04    0.15
  N522>MH4450170       CONDUIT      1.47     0  01:19      0.32    0.09    0.37
  MH4429656>MH4447643  CONDUIT      3.88     0  01:11      0.47    0.38    1.00
  MH4450617>N343       CONDUIT      0.79     0  00:45      0.57    0.04    0.13
  MH4448392>MH4448813  CONDUIT      0.46     0  00:46      0.33    0.03    0.71
  MH4449913>N530       CONDUIT     40.76     0  16:00      0.66    0.99    1.00
  MH4427309>N85        CONDUIT      0.83     0  00:28      0.78    0.02    0.12
  N532>N533            CONDUIT      0.28     0  00:27      0.34    0.02    0.10
  N534>MH1625316       CONDUIT      1.58     0  01:58      0.37    0.15    0.29
  MH4450137>N536       CONDUIT      4.19     0  16:00      0.48    0.48    1.00
  MH4429584>MH4429544  CONDUIT      1.12     0  01:06      0.27    0.07    1.00
  N426>N100            CONDUIT      5.71     0  05:59      1.39    0.18    0.28
  MH4452721>MH4452946  CONDUIT      6.41     0  01:09      0.62    0.20    0.31
  N542>MH4428797       CONDUIT      0.11     0  01:22      0.44    0.00    0.04
  N544>MH4451468       CONDUIT      0.95     0  00:37      0.59    0.03    1.00
  MH4450391>MH4450531  CONDUIT     14.23     0  16:00      0.90    1.03    1.00
  N1>MH1629194         CONDUIT    178.18     0  06:33      1.12    1.18    1.00
  N62>MH6042164        CONDUIT      1.26     0  01:04      0.57    0.08    0.18
  N549>N307            CONDUIT      1.42     0  01:23      0.54    0.09    0.72
  MH4453579>N550       CONDUIT    108.15     0  01:52      0.98    1.24    1.00
  MH4449977>N552       CONDUIT      1.57     0  01:30      0.57    0.09    1.00
  N553>N554            CONDUIT     30.90     0  01:32      2.34    0.84    0.70
  MH1625395>N549       CONDUIT      1.24     0  01:06      0.51    0.08    0.19
  N557>MH4454125       CONDUIT      0.56     0  01:22      0.26    0.05    1.00
  N559>N560            CONDUIT      0.29     0  00:26      0.34    0.02    0.11
  N561>MH1629281       CONDUIT      2.17     0  01:19      0.44    0.08    0.18
  N562>N563            CONDUIT      1.75     0  00:35      0.73    0.08    0.20
  N564>MH4453047       CONDUIT      0.07     0  00:10      0.27    0.00    0.06
  N517>MH4449436       CONDUIT      1.01     0  01:10      0.61    0.04    0.15
  N566>MH4428268       CONDUIT      1.68     0  01:20      1.03    0.05    0.15
  N567>MH4455813       CONDUIT      0.83     0  00:59      0.31    0.06    0.22
  N569>MH4499632       CONDUIT      2.12     0  01:19      0.34    0.06    0.21
  MH4451576>N573       CONDUIT      0.33     0  00:30      0.40    0.02    0.10
  N574>MH4499417       CONDUIT      6.56     0  02:58      1.15    0.19    0.36
  MH4452980>N576       CONDUIT      4.44     0  00:14      1.52    0.04    0.23
  N577>MH4452527       CONDUIT      1.09     0  00:58      0.33    0.08    1.00
  N578>MH4447394       CONDUIT     17.53     0  16:00      0.99    1.64    1.00
  N581>MH4499729       CONDUIT      0.13     0  00:32      0.29    0.01    0.07
  N582>MH4450193       CONDUIT      1.51     0  00:54      0.57    0.06    1.00
  N511>MH4449635       CONDUIT      0.89     0  00:46      0.46    0.05    0.17
  N585>MH4454657       CONDUIT      1.05     0  02:53      0.43    0.06    0.20
  N587>MH4450757       CONDUIT      2.06     0  01:15      0.41    0.12    0.42
  MH4428800>MH4429035  CONDUIT      0.34     0  02:10      0.45    0.01    0.10
  MH6042164>N589       CONDUIT      1.61     0  01:01      0.82    0.06    0.17
  N302>N587            CONDUIT      1.84     0  01:28      0.60    0.11    0.23
  N592>N268            CONDUIT      7.74     0  00:52      1.40    0.08    0.20
  MH4447369>N593       CONDUIT      1.30     0  00:33      0.52    0.09    0.21
  N477>MH4452071       CONDUIT      5.17     0  00:53      1.13    0.19    0.33
  N191>N595            CONDUIT      7.83     0  02:51      0.84    0.17    0.28
  N596>MH4451516       CONDUIT      4.43     0  00:53      1.10    0.16    0.28
  N560>N145            CONDUIT      0.46     0  00:37      0.35    0.03    0.13
  N597>N246            CONDUIT      1.78     0  02:49      0.41    0.06    0.17
  MH4449118>MH4448345  CONDUIT      3.98     0  16:00      0.52    0.32    1.00
  MH4447394>N599       CONDUIT     35.00     0  16:00      0.88    1.49    1.00
  N405>N600            CONDUIT      3.15     0  06:54      0.90    0.14    0.25
  MH4454876>N375       CONDUIT      0.66     0  01:22      0.54    0.03    0.12
  N231>MH4455429       CONDUIT      1.14     0  01:32      0.76    0.05    0.14
  MH4450554>MH4450449  CONDUIT     33.93     0  00:31      0.91    1.30    1.00
  MH4448762>N605       CONDUIT      2.13     0  16:00      0.44    0.21    1.00
  MH1632398>OUT        CONDUIT    187.12     0  06:33      1.85    0.69    0.61
  N607>MH4454901       CONDUIT      0.44     0  00:11      0.76    0.01    0.08
  N609>N610            CONDUIT      4.65     0  01:06      0.75    0.30    1.00
  N15>N611             CONDUIT      0.30     0  00:32      0.33    0.02    0.29
  N612>MH1624202       CONDUIT      0.37     0  00:47      0.41    0.02    0.10
  N614>MH1629073       CONDUIT      0.40     0  00:35      0.40    0.02    0.11
  N615>N585            CONDUIT      0.86     0  02:52      0.50    0.05    0.15
  N31>MH4454901        CONDUIT      0.35     0  00:21      0.46    0.01    0.10
  MH4429503>N319       CONDUIT     36.03     0  16:00      0.64    0.89    1.00
  MH4428524>N553       CONDUIT     30.63     0  01:12      2.32    0.83    0.70
  N616>MH4454195       CONDUIT      1.22     0  01:14      0.15    0.05    1.00
  MH4453512>N618       CONDUIT      8.42     0  01:13      0.67    0.27    1.00
  N530>MH4450449       CONDUIT     40.98     0  16:00      0.67    0.99    1.00
  N619>MH4499632       CONDUIT      2.56     0  02:24      0.69    0.15    0.26
  N260>N620            CONDUIT      0.58     0  00:50      0.40    0.04    0.15
  N211>MH1631057       CONDUIT    182.11     0  06:31      1.32    1.20    0.81
  N621>MH1626450       CONDUIT      0.22     0  00:02      0.48    0.01    0.08
  N623>MH1626578       CONDUIT      0.12     0  00:02      0.29    0.01    0.14
  N625>N626            CONDUIT     11.79     0  01:30      1.15    0.60    0.56
  MH4429411>MH4429136  CONDUIT      0.97     0  00:57      0.10    0.04    1.00
  N276>MH4501851       CONDUIT     11.31     0  02:27      0.43    0.23    0.75
  N630>N631            CONDUIT      0.25     0  00:40      0.20    0.02    0.12
  N632>MH4452538       CONDUIT      0.65     0  00:27      0.62    0.02    0.11
  N633>N232            CONDUIT      0.37     0  00:19      0.45    0.01    0.09
  N634>N488            CONDUIT      2.96     0  00:00      1.60    0.10    0.24
  N554>MH4429019       CONDUIT     31.04     0  01:29      2.37    0.83    0.70
  MH1790845>MH4456372  CONDUIT      1.27     0  02:16      0.43    0.14    0.24
  MH5216010>N353       CONDUIT      0.13     0  00:18      0.33    0.00    0.06
  N640>N8              CONDUIT      0.14     0  00:36      0.37    0.01    0.06
  MH4498407>MH4498454  CONDUIT      1.53     0  02:21      0.58    0.07    0.21
  N324>N482            CONDUIT      4.73     0  01:07      1.35    0.14    0.25
  N642>MH4453748       CONDUIT      0.08     0  01:23      0.47    0.00    1.00
  N644>MH4429136       CONDUIT     14.69     0  00:00      6.17    0.16    1.00
  N645>N339            CONDUIT      5.66     0  00:52      0.60    0.18    1.00
  N124>MH4429312       CONDUIT      0.92     0  16:00      0.67    0.04    1.00
  N646>MH4452632       CONDUIT      1.01     0  00:54      0.30    0.09    1.00
  N647>MH4427312       CONDUIT      0.93     0  00:39      0.76    0.03    0.12
  N649>MH4450922       CONDUIT     72.98     0  16:00      1.08    1.07    1.00
  MH4449103>MH4449173  CONDUIT     42.52     0  16:00      1.07    0.93    1.00
  MH4446883>MH4429656  CONDUIT      2.99     0  01:11      0.37    0.27    1.00
  N318>N83             CONDUIT      0.44     0  00:42      0.34    0.03    0.13
  N650>N28             CONDUIT      1.52     0  01:20      1.00    0.04    0.14
  N552>MH4449704       CONDUIT      1.81     0  16:00      0.46    0.11    1.00
  MH4455909>N499       CONDUIT    134.44     0  06:38      0.91    1.06    1.00
  MH4451113>N652       CONDUIT      3.60     0  01:07      0.93    0.05    0.16
  MH4450100>MH4450180  CONDUIT      0.35     0  00:47      0.69    0.01    1.00
  N655>N656            CONDUIT      0.40     0  00:56      0.43    0.02    1.00
  N599>MH4448345       CONDUIT     35.21     0  16:00      0.89    1.51    1.00
  MH4429323>N658       CONDUIT      0.65     0  01:08      0.38    0.04    0.16
  N659>N660            CONDUIT      0.20     0  00:14      0.47    0.01    0.07
  MH4449920>N137       CONDUIT      1.01     0  01:11      0.60    0.04    0.15
  N662>MH1790382       CONDUIT      0.33     0  00:04      0.35    0.03    0.13
  N664>N665            CONDUIT      0.11     0  00:16      0.20    0.01    0.08
  N666>MH4455602       CONDUIT      2.81     0  03:05      0.92    0.14    0.23
  N668>MH4452902       CONDUIT      3.88     0  00:00      2.89    0.11    0.22
  MH4429471>MH4447128  CONDUIT      1.65     0  01:24      0.43    0.12    1.00
  N271>MH4455121       CONDUIT      1.68     0  00:20      0.19    0.05    1.00
  N670>MH4451886       CONDUIT      2.19     0  00:36      0.40    0.14    1.00
  N672>MH4499417       CONDUIT      0.92     0  00:38      0.73    0.03    0.12
  N673>N674            CONDUIT      0.70     0  00:42      0.46    0.04    0.14
  N675>MH4447394       CONDUIT      6.31     0  16:00      0.56    0.45    1.00
  N676>MH4447128       CONDUIT      0.95     0  01:06      0.25    0.06    1.00
  MH4501851>MH4501866  CONDUIT     20.65     0  02:10      0.64    0.43    0.98
  N677>MH4450802       CONDUIT      0.34     0  00:04      0.47    0.02    0.10
  N281>MH4449920       CONDUIT      0.93     0  01:19      0.64    0.04    0.14
  MH4447506>N261       CONDUIT      0.36     0  00:47      0.28    0.02    0.13
  MH4428245>MH4428606  CONDUIT      1.67     0  00:49      0.68    0.05    1.00
  N43>MH4429499        CONDUIT     16.47     0  16:00      0.93    1.32    1.00
  MH4447643>MH4447691  CONDUIT     37.78     0  16:00      0.61    0.97    1.00
  N683>N280            CONDUIT      0.48     0  01:10      0.47    0.02    0.11
  MH4446824>N180       CONDUIT      4.76     0  01:21      0.75    0.31    1.00
  MH4447602>MH4429645  CONDUIT      0.54     0  01:55      0.36    0.04    1.00
  MH4453770>N615       CONDUIT      0.66     0  03:49      0.18    0.33    0.26
  N489>MH4449485       CONDUIT      2.52     0  00:13      0.62    0.17    0.43
  N685>N686            CONDUIT      0.14     0  00:04      0.40    0.01    0.05
  MH4429499>N578       CONDUIT     17.29     0  16:00      0.98    1.60    1.00
  N687>N688            CONDUIT      0.12     0  00:08      0.36    0.00    1.00
  N150>MH4500902       CONDUIT      9.19     0  02:17      1.15    0.11    0.26
  MH5233531>N690       CONDUIT      4.69     0  00:57      0.71    0.08    0.19
  N691>MH4448762       CONDUIT      1.84     0  01:39      0.41    0.18    1.00
  N652>N692            CONDUIT      3.86     0  01:07      1.05    0.14    0.26
  N693>N675            CONDUIT      6.06     0  16:00      0.76    0.43    1.00
  MH4456468>N694       CONDUIT      0.26     0  00:43      0.28    0.02    0.10
  N695>MH4428146       CONDUIT      0.59     0  00:23      0.70    0.02    0.11
  N698>N699            CONDUIT      2.18     0  00:48      0.37    0.14    0.37
  N700>MH4428096       CONDUIT     24.79     0  01:14      1.40    1.36    1.00
  N702>MH4450167       CONDUIT      0.24     0  01:28      0.31    0.02    1.00
  N704>N705            CONDUIT      5.12     0  00:50      0.93    0.26    0.35
  N706>MH5118586       CONDUIT      1.28     0  00:40      0.80    0.05    0.15
  MH1630330>MH1630926  CONDUIT      3.86     0  02:37      0.46    0.14    0.29
  MH4500043>N434       CONDUIT      5.16     0  02:14      1.32    0.05    0.15
  N229>N128            CONDUIT      0.44     0  00:25      0.43    0.02    0.13
  MH4454993>MH5233531  CONDUIT      4.40     0  00:56      0.69    0.07    0.19
  MH4455762>N270       CONDUIT      0.72     0  00:43      0.40    0.00    1.00
  N711>MH4448853       CONDUIT      8.94     0  00:31      0.55    0.37    1.00
  MH1626450>MH4501544  CONDUIT      0.38     0  00:32      0.46    0.02    1.00
  N713>MH4456551       CONDUIT      0.93     0  00:51      0.37    0.04    0.26
  N714>MH4454490       CONDUIT      1.16     0  00:14      0.69    0.04    0.18
  N715>MH4454195       CONDUIT      0.54     0  01:27      0.27    0.04    1.00
  N716>MH4450077       CONDUIT      0.37     0  00:29      0.48    0.02    0.11
  MH4453133>N717       CONDUIT      7.13     0  02:19      0.64    0.23    1.00
  N411>MH1629888       CONDUIT      2.99     0  01:19      0.54    0.07    0.20
  N719>MH1626578       CONDUIT      0.72     0  00:58      0.32    0.07    0.19
  N720>N18             CONDUIT      0.23     0  00:24      0.27    0.02    0.10
  MH4427714>N722       CONDUIT      0.76     0  00:29      0.71    0.02    0.11
  N723>MH4450314       CONDUIT      2.48     0  00:00      1.74    0.07    0.19
  MH4450332>MH4450167  CONDUIT     13.92     0  16:00      0.79    1.28    1.00
  N725>MH4498407       CONDUIT      1.51     0  02:30      0.66    0.08    0.19
  N717>N53             CONDUIT      7.30     0  01:11      0.64    0.23    1.00
  N453>N458            CONDUIT      3.19     0  02:11      0.66    0.21    0.32
  N492>MH4427714       CONDUIT      0.45     0  00:20      0.69    0.01    0.09
  N726>N727            CONDUIT      2.66     0  00:14      0.56    0.18    1.00
  N728>MH1623725       CONDUIT      0.20     0  00:32      0.30    0.01    0.19
  MH4450167>MH4449849  CONDUIT     13.40     0  16:00      0.76    1.14    1.00
  N729>MH4452952       CONDUIT      0.05     0  00:11      0.15    0.00    0.08
  N247>MH1629194       CONDUIT      2.29     0  00:43      0.48    0.07    0.97
  N250>N206            CONDUIT    136.35     0  06:37      0.90    1.06    1.00
  N734>N735            CONDUIT      0.34     0  00:41      0.42    0.02    0.10
  MH4449510>N625       CONDUIT     11.59     0  01:27      1.15    0.59    0.55
  N736>MH4449913       CONDUIT      1.66     0  01:14      0.49    0.13    1.00
  N737>N738            CONDUIT      7.36     0  16:00      0.75    0.56    1.00
  MH4450581>N649       CONDUIT     72.66     0  16:00      1.11    1.06    1.00
  N472>MH4455780       CONDUIT      2.52     0  01:42      0.56    0.20    0.30
  N741>MH4426188       CONDUIT      1.38     0  00:36      0.72    0.07    1.00
  N327>MH4429312       CONDUIT      9.15     0  16:00      0.80    0.66    1.00
  N515>MH4426979       CONDUIT      0.44     0  00:36      0.45    0.02    0.10
  N745>MH4455191       CONDUIT      7.29     0  07:54      0.90    0.20    0.26
  MH4454312>N748       CONDUIT      0.58     0  00:42      0.41    0.03    0.35
  N749>MH4455121       CONDUIT    116.65     0  01:52      1.06    1.63    1.00
  N750>N700            CONDUIT     24.52     0  01:14      1.39    1.33    1.00
  N751>MH4427849       CONDUIT      0.27     0  00:23      0.47    0.01    0.10
  N753>MH4452994       CONDUIT      6.77     0  00:59      0.85    0.31    1.00
  N754>N34             CONDUIT      0.74     0  00:53      0.32    0.02    0.11
  N755>MH4453970       CONDUIT      2.99     0  01:12      0.22    0.31    1.00
  N756>MH1625959       CONDUIT      2.37     0  02:01      0.51    0.23    0.31
  N427>N758            CONDUIT     16.64     0  03:18      1.46    0.69    0.61
  N275>MH4427309       CONDUIT      0.44     0  00:27      0.49    0.02    0.10
  N762>MH4447369       CONDUIT      0.20     0  00:40      0.14    0.01    0.14
  MH5241467>N691       CONDUIT      2.19     0  01:39      0.37    0.23    1.00
  MH4452977>N763       CONDUIT      2.01     0  01:01      0.34    0.19    1.00
  N764>MH4429323       CONDUIT      0.35     0  00:34      0.39    0.02    0.12
  MH4498291>MH4498454  CONDUIT      0.32     0  00:55      0.48    0.01    0.08
  MH4453748>N766       CONDUIT      0.41     0  01:24      0.10    0.04    1.00
  MH5164627>N630       CONDUIT      0.12     0  00:41      0.16    0.01    0.09
  MH4452724>N768       CONDUIT      0.56     0  01:13      0.35    0.04    0.15
  MH4453850>MH4454009  CONDUIT      1.37     0  01:36      0.29    0.14    1.00
  N234>N771            CONDUIT      1.52     0  00:42      0.86    0.05    0.16
  N772>MH4453031       CONDUIT      0.12     0  00:04      0.23    0.01    0.08
  MH1626189>N47        CONDUIT    143.75     0  06:36      0.91    1.13    1.00
  N777>N778            CONDUIT      0.14     0  00:02      0.39    0.01    0.06
  N779>MH4428606       CONDUIT      0.29     0  00:00      2.31    0.00    1.00
  MH4456551>N609       CONDUIT      4.48     0  01:06      0.74    0.29    0.59
  N205>N780            CONDUIT      0.31     0  00:25      0.40    0.01    0.09
  N781>MH4449118       CONDUIT      0.82     0  01:18      0.48    0.04    1.00
  N391>MH4499059       CONDUIT      2.11     0  02:24      0.62    0.12    0.25
  N783>N337            CONDUIT      0.67     0  00:41      0.57    0.03    0.12
  MH4451673>MH4451871  CONDUIT      4.86     0  00:35      0.38    0.43    1.00
  N460>MH4429357       CONDUIT      2.29     0  01:19      0.35    0.21    1.00
  MH4454901>N714       CONDUIT      0.91     0  00:12      0.66    0.03    0.13
  N363>N446            CONDUIT      0.16     0  00:03      0.22    0.01    0.09
  N787>MH4451945       CONDUIT     19.59     0  01:17      1.37    0.81    1.00
  N788>MH5241467       CONDUIT      0.43     0  01:31      0.26    0.04    1.00
  N789>N670            CONDUIT      0.67     0  00:50      0.39    0.04    1.00
  MH4447346>N198       CONDUIT      2.24     0  01:27      0.31    0.13    1.00
  MH4455602>MH4455780  CONDUIT      2.93     0  02:59      0.95    0.08    0.23
  N501>N791            CONDUIT      0.41     0  00:33      0.44    0.02    0.10
  MH4450314>N792       CONDUIT      2.59     0  00:01      1.12    0.10    0.21
  MH4427659>X570       CONDUIT      0.19     0  00:20      0.42    0.01    0.06
  MH4454376>N794       CONDUIT    116.12     0  01:52      1.05    1.64    1.00
  N795>MH4447506       CONDUIT      0.20     0  00:02      0.38    0.01    0.09
  MH4450193>MH4450378  CONDUIT     34.55     0  00:32      0.87    1.34    1.00
  N796>MH4499059       CONDUIT      0.15     0  00:35      0.39    0.01    0.06
  N563>MH4428836       CONDUIT      1.99     0  01:37      0.75    0.09    1.00
  MH4428026>N566       CONDUIT      1.52     0  01:18      0.97    0.04    0.14
  MH1626578>N89        CONDUIT      1.02     0  01:03      0.36    0.10    0.22
  N269>MH4456532       CONDUIT      8.16     0  00:53      1.33    0.09    0.21
  N279>MH4454657       CONDUIT      1.10     0  00:46      0.44    0.08    0.21
  MH4453098>N798       CONDUIT     99.49     0  01:50      0.90    1.80    1.00
  N799>MH4428836       CONDUIT      0.28     0  01:46      0.28    0.03    1.00
  MH4502097>MH4502186  CONDUIT    155.46     0  06:32      0.98    1.02    1.00
  MH4499323>N783       CONDUIT      0.44     0  00:36      0.45    0.02    0.10
  N778>MH4456108       CONDUIT      0.16     0  00:19      0.36    0.01    0.07
  N801>N612            CONDUIT      0.25     0  00:03      0.40    0.01    0.09
  N804>MH1626189       CONDUIT    143.49     0  06:36      0.92    1.11    1.00
  MH4500625>N806       CONDUIT      0.52     0  01:13      0.31    0.05    0.16
  MH4499048>N807       CONDUIT      0.50     0  00:27      0.53    0.02    0.10
  N808>N809            CONDUIT      0.17     0  00:15      0.30    0.01    0.08
  N611>MH4454411       CONDUIT      0.45     0  02:02      0.40    0.03    1.00
  MH4429420>N296       CONDUIT      1.65     0  01:23      0.85    0.06    0.17
  MH4449330>N683       CONDUIT      0.41     0  01:15      0.49    0.02    0.09
  N811>MH4451143       CONDUIT      1.56     0  01:32      0.63    0.04    1.00
  MH4455516>N567       CONDUIT      0.57     0  00:54      0.36    0.04    0.15
  N294>N814            CONDUIT      0.37     0  00:57      0.40    0.02    0.10
  MH4455429>N650       CONDUIT      1.32     0  01:29      0.97    0.03    0.13
  N815>MH4452081       CONDUIT      4.32     0  01:10      1.26    0.14    0.25
  MH4454009>MH4454195  CONDUIT      1.69     0  01:26      0.34    0.18    1.00
  N816>MH4428797       CONDUIT      0.66     0  00:34      0.65    0.02    0.11
  N817>MH4450396       CONDUIT      0.21     0  00:21      0.36    0.01    0.09
  MH4447691>N819       CONDUIT     37.94     0  16:00      0.62    1.05    1.00
  MH4499059>N619       CONDUIT      2.38     0  02:15      0.66    0.14    0.26
  MH4499406>MH4499729  CONDUIT      2.72     0  00:59      0.84    0.12    0.24
  N101>MH4456777       CONDUIT      6.15     0  02:57      1.44    0.18    0.29
  N792>N822            CONDUIT      2.82     0  00:02      1.07    0.10    0.22
  N823>MH4428638       CONDUIT      1.00     0  00:12      0.37    0.08    0.21
  MH4428426>N816       CONDUIT      0.38     0  00:43      0.51    0.01    0.09
  MH8707824>N827       CONDUIT      0.63     0  00:48      0.48    0.03    0.13
  MH4452397>N632       CONDUIT      0.40     0  00:25      0.48    0.01    0.09
  N828>N408            CONDUIT      8.82     0  01:08      0.68    0.28    1.00
  N829>MH4449882       CONDUIT      0.40     0  01:08      0.37    0.02    1.00
  N830>MH4454398       CONDUIT      0.06     0  00:24      0.31    0.00    0.04
  N832>MH4452952       CONDUIT      1.22     0  00:00      1.34    0.04    0.16
  MH4450211>N833       CONDUIT      1.06     0  00:46      0.75    0.03    0.13
  N834>MH4453185       CONDUIT      0.61     0  01:09      0.37    0.04    1.00
  N836>MH4452721       CONDUIT      0.54     0  00:55      0.41    0.04    0.13
  N837>N616            CONDUIT      0.50     0  01:14      0.13    0.02    1.00
  N838>N772            CONDUIT      0.12     0  00:01      0.34    0.01    0.06
  N839>N840            CONDUIT      0.54     0  00:28      0.36    0.03    0.14
  N224>N706            CONDUIT      0.95     0  02:07      0.64    0.04    0.14
  N674>MH4450847       CONDUIT      0.84     0  00:49      0.51    0.05    0.15
  MH4429544>MH4429656  CONDUIT      1.94     0  01:06      0.29    0.17    1.00
  N842>MH4428583       CONDUIT      1.26     0  00:33      0.62    0.05    0.65
  N845>MH4455943       CONDUIT      0.34     0  00:03      0.39    0.02    0.12
  MH4453047>N49        CONDUIT      0.41     0  00:33      0.44    0.02    0.10
  N768>N847            CONDUIT      0.76     0  01:13      0.41    0.05    0.16
  MH4426728>N447       CONDUIT     23.87     0  06:07      1.35    1.69    1.00
  N849>MH4450180       CONDUIT      0.71     0  00:55      0.32    0.04    1.00
  MH4427425>MH4427741  CONDUIT      0.53     0  01:00      0.61    0.02    0.10
  N763>N851            CONDUIT      1.85     0  01:01      0.37    0.17    1.00
  MH1790382>N244       CONDUIT      0.48     0  01:02      0.32    0.04    0.15
  N158>N210            CONDUIT    181.56     0  06:31      1.14    1.19    1.00
  MH4451531>MH4451759  CONDUIT      0.27     0  00:36      0.46    0.02    0.08
  N419>MH4451207       CONDUIT     13.35     0  00:30      0.46    0.49    1.00
  MH4429320>N853       CONDUIT      0.71     0  02:00      0.25    0.04    1.00
  N332>MH1627084       CONDUIT      0.45     0  02:38      0.40    0.03    0.14
  N854>N228            CONDUIT      0.10     0  00:09      0.28    0.01    0.06
  N855>MH4500254       CONDUIT      0.28     0  00:02      0.46    0.01    0.10
  N533>MH1623974       CONDUIT      0.40     0  00:38      0.30    0.03    0.15
  MH4449485>MH4449510  CONDUIT      9.62     0  12:45      0.91    0.63    0.58
  N209>MH4452541       CONDUIT     20.21     0  16:00      1.27    1.02    1.00
  N64>MH4453098        CONDUIT     20.85     0  00:29      1.27    1.06    1.00
  N536>MH4450391       CONDUIT      4.40     0  16:00      0.34    0.50    1.00
  MH4454640>N745       CONDUIT      7.09     0  01:00      0.68    0.19    0.31
  N857>MH4427688       CONDUIT      1.77     0  00:56      0.73    0.05    0.19
  N858>MH4426728       CONDUIT     24.64     0  00:00      1.39    1.77    1.00
  MH1624494>N534       CONDUIT      1.50     0  01:27      0.43    0.13    0.26
  N738>MH4449796       CONDUIT      7.62     0  16:00      0.70    0.58    1.00
  N862>N863            CONDUIT      0.08     0  00:10      0.20    0.01    0.07
  N865>N753            CONDUIT      6.46     0  00:59      1.07    0.29    0.38
  MH4450269>N133       CONDUIT      0.12     0  00:35      0.37    0.00    0.05
  MH4447355>MH4448029  CONDUIT      0.34     0  01:12      0.39    0.02    0.10
  N869>N865            CONDUIT      6.20     0  02:44      1.03    0.30    0.37
  MH4452680>MH4453098  CONDUIT     79.06     0  01:50      0.72    1.44    1.00
  MH4428268>N870       CONDUIT      5.71     0  01:13      0.95    0.29    1.00
  N871>N401            CONDUIT     10.50     0  01:05      0.72    0.15    0.62
  N873>N874            CONDUIT      0.17     0  00:22      0.27    0.01    0.09
  MH4428146>N842       CONDUIT      0.92     0  00:31      0.66    0.03    0.13
  MH4428800>MH4428606  CONDUIT      0.38     0  00:35      0.53    0.01    1.00
  N694>N875            CONDUIT      0.40     0  00:45      0.31    0.03    0.13
  MH4452462>N877       CONDUIT      2.11     0  00:38      0.41    0.20    1.00
  N878>MH4448626       CONDUIT      1.79     0  00:42      0.59    0.12    0.24
  MH1629194>N158       CONDUIT    180.60     0  06:32      1.14    1.18    1.00
  N97>MH4449785        CONDUIT      7.42     0  00:22      0.37    0.31    1.00
  N722>MH4428137       CONDUIT      1.02     0  00:32      0.85    0.03    0.12
  MH1630702>MH1630330  CONDUIT      0.16     0  00:56      0.28    0.01    0.13
  MH4451823>N183       CONDUIT     34.02     0  16:00      2.12    3.60    1.00
  N886>MH4447684       CONDUIT      1.10     0  00:50      0.85    0.03    0.13
  N887>MH4501201       CONDUIT     10.56     0  02:22      0.83    0.18    0.36
  N116>N888            CONDUIT     21.85     0  02:01      0.66    0.45    1.00
  N890>MH4454640       CONDUIT      1.34     0  01:30      0.56    0.08    0.20
  MH4454116>MH4454376  CONDUIT    108.76     0  01:52      0.98    1.24    1.00
  MH4428765>MH4428713  CONDUIT      0.76     0  02:07      0.37    0.05    1.00
  MH4428797>MH4429013  CONDUIT      1.15     0  00:36      0.83    0.04    1.00
  N892>MH4449083       CONDUIT      0.05     0  00:01      0.27    0.00    0.06
  MH1627682>N597       CONDUIT      1.50     0  01:48      0.38    0.05    0.15
  N893>N804            CONDUIT    143.13     0  06:36      0.92    1.11    1.00
  MH4451092>N596       CONDUIT      4.23     0  00:51      1.11    0.16    0.27
  N894>MH4451468       CONDUIT      0.90     0  01:09      0.13    0.19    1.00
  N197>MH4450193       CONDUIT     34.79     0  00:32      0.87    1.34    1.00
  N895>MH4452110       CONDUIT      0.81     0  01:23      0.26    0.08    1.00
  N658>MH4428968       CONDUIT      0.95     0  01:20      0.43    0.06    0.18
  N122>MH4500043       CONDUIT      5.01     0  02:51      0.79    0.15    0.22
  N322>MH4455909       CONDUIT      5.37     0  00:28      0.75    0.09    1.00
  N863>MH4428836       CONDUIT      0.31     0  00:22      0.42    0.01    1.00
  N595>MH4500689       CONDUIT      7.98     0  02:56      0.65    0.18    0.35
  N899>N666            CONDUIT      2.56     0  02:54      0.72    0.13    0.26
  MH4452952>MH4452980  CONDUIT      1.22     0  00:21      0.49    0.09    0.20
  MH4452110>MH4452032  CONDUIT      1.75     0  01:18      0.29    0.18    1.00
  MH4500902>N887       CONDUIT     10.34     0  02:19      1.10    0.18    0.29
  N382>N389            CONDUIT      2.45     0  01:45      0.82    0.11    0.23
  MH1623436>N372       CONDUIT      0.36     0  00:26      0.52    0.01    0.10
  N142>N139            CONDUIT      1.99     0  01:14      0.39    0.16    1.00
  MH4427741>N113       CONDUIT      0.69     0  01:01      0.71    0.02    0.10
  MH4454395>MH4454718  CONDUIT      0.30     0  01:27      0.32    0.02    0.11
  MH4428096>N143       CONDUIT     23.29     0  00:51      1.32    2.20    1.00
  MH4426673>X902       CONDUIT      0.03     0  00:34      0.21    0.00    0.03
  N903>MH4500625       CONDUIT      0.23     0  00:31      0.29    0.02    0.12
  MH1630926>MH1631514  CONDUIT      4.68     0  00:38      0.47    0.21    0.55
  N690>N321            CONDUIT      4.92     0  00:57      0.72    0.08    0.20
  N699>MH4449485       CONDUIT      7.09     0  00:46      0.94    0.47    0.53
  MH4451840>MH4451673  CONDUIT      3.26     0  00:42      0.35    0.30    1.00
  MH4449866>N582       CONDUIT      1.31     0  01:20      0.49    0.05    1.00
  N771>MH4446824       CONDUIT      1.75     0  00:32      0.66    0.06    1.00
  N468>MH4427312       CONDUIT      0.33     0  00:25      0.55    0.01    0.11
  MH4449011>N906       CONDUIT     38.54     0  16:00      0.66    0.93    1.00
  MH4426971>N274       CONDUIT      0.08     0  00:26      0.22    0.00    0.05
  MH4452760>N908       CONDUIT      0.06     0  00:18      0.18    0.00    0.05
  N909>MH4447668       CONDUIT      0.70     0  01:31      0.24    0.06    1.00
  N365>MH4449510       CONDUIT      1.26     0  01:22      0.31    0.08    0.28
  N154>MH1625316       CONDUIT      0.47     0  00:42      0.39    0.03    0.18
  N853>MH4429471       CONDUIT      0.50     0  02:00      0.41    0.03    1.00
  N618>N828            CONDUIT      8.64     0  01:15      0.67    0.27    1.00
  N258>MH4448929       CONDUIT      5.62     0  00:40      0.74    0.41    1.00
  N660>MH4428713       CONDUIT      0.41     0  00:24      0.50    0.01    1.00
  N912>N913            CONDUIT      0.69     0  00:29      0.65    0.02    0.11
  N914>MH4429107       CONDUIT      2.02     0  00:57      0.43    0.15    1.00
  N915>MH4429499       CONDUIT      0.55     0  00:23      0.59    0.02    1.00
  N827>N713            CONDUIT      0.87     0  00:45      0.58    0.04    0.14
  MH4449321>N736       CONDUIT      1.89     0  01:14      0.45    0.15    1.00
  N916>MH4448392       CONDUIT      0.15     0  00:15      0.27    0.01    0.10
  MH4449635>N522       CONDUIT      1.19     0  00:50      0.51    0.07    0.19
  MH4448474>N737       CONDUIT      7.16     0  16:00      0.75    0.55    1.00
  MH4429086>N184       CONDUIT      2.38     0  01:32      0.80    0.11    0.22
  N919>N871            CONDUIT     10.25     0  00:59      0.69    0.15    0.26
  N847>MH4453124       CONDUIT      0.79     0  01:15      0.43    0.06    0.16
  MH4320244>N569       CONDUIT      2.00     0  01:17      0.45    0.06    0.17
  N921>MH4454116       CONDUIT      1.75     0  00:46      0.30    0.16    1.00
  N550>N922            CONDUIT    108.39     0  01:52      0.98    1.22    1.00
  N314>N923            CONDUIT      1.26     0  00:29      0.50    0.09    1.00
  N171>MH4453489       CONDUIT      1.02     0  01:19      0.33    0.09    1.00
  MH4447668>N465       CONDUIT      1.51     0  01:29      0.21    0.12    1.00
  MH4452071>N869       CONDUIT      5.96     0  00:57      1.02    0.27    0.36
  N924>MH4429645       CONDUIT      3.53     0  00:00      1.25    0.18    1.00
  MH4455191>N592       CONDUIT      7.54     0  01:05      1.38    0.08    0.19
  N925>MH4429420       CONDUIT      1.55     0  01:13      0.86    0.05    0.16
  N926>N387            CONDUIT      0.54     0  00:42      0.40    0.04    0.46
  N929>N38             CONDUIT      5.13     0  00:07      0.65    0.15    0.26
  MH1624202>MH1624494  CONDUIT      0.56     0  00:49      0.23    0.05    0.20
  N870>MH4428636       CONDUIT      5.96     0  01:01      0.78    0.30    1.00
  MH4450396>N673       CONDUIT      0.45     0  01:00      0.37    0.02    0.12
  MH4453185>MH4453098  CONDUIT      1.48     0  00:42      0.32    0.10    1.00
  N464>MH4448474       CONDUIT      1.71     0  00:51      0.55    0.07    1.00
  MH4447726>N930       CONDUIT      2.94     0  01:03      0.52    0.24    1.00
  N931>MH4449704       CONDUIT      0.70     0  01:30      0.43    0.04    1.00
  MH4451287>N787       CONDUIT     19.29     0  03:18      1.51    0.80    1.00
  MH4453031>N926       CONDUIT      0.34     0  00:29      0.31    0.02    0.12
  N888>MH4502186       CONDUIT     22.17     0  00:47      0.76    0.46    1.00
  MH4452946>N20        CONDUIT      6.64     0  08:45      0.63    0.21    0.32
  N487>N704            CONDUIT      4.96     0  00:50      0.93    0.25    0.34
  MH4450920>MH4451113  CONDUIT      3.39     0  01:06      0.66    0.10    0.19
  MH4429268>MH4429468  CONDUIT      1.07     0  01:32      0.40    0.07    1.00
  N908>MH4452946       CONDUIT      0.23     0  00:02      0.49    0.01    0.27
  N573>MH4452071       CONDUIT      0.58     0  00:39      0.46    0.03    0.23
  N299>N607            CONDUIT      0.36     0  00:09      0.54    0.02    0.09
  N466>MH4429179       CONDUIT      1.33     0  01:23      0.54    0.07    1.00
  N938>MH4429019       CONDUIT      1.62     0  00:37      0.49    0.13    0.24
  MH4427312>N857       CONDUIT      1.51     0  00:56      0.92    0.04    0.15
  N688>N915            CONDUIT      0.42     0  00:02      0.66    0.01    1.00
  N939>MH1624202       CONDUIT      0.12     0  00:01      0.66    0.00    0.09
  N758>MH4451287       CONDUIT     16.85     0  03:18      1.39    0.70    0.65
  N940>MH4449796       CONDUIT      1.50     0  00:51      0.59    0.05    1.00
  N267>MH4455813       CONDUIT      0.51     0  01:01      0.46    0.03    0.11
  N605>MH4449806       CONDUIT      2.67     0  00:45      0.51    0.26    1.00
  MH4426188>N726       CONDUIT      2.42     0  00:21      0.51    0.16    1.00
  MH4500689>N941       CONDUIT      8.99     0  02:56      0.59    0.35    0.41
  N942>N106            CONDUIT    124.69     0  01:52      1.13    1.22    1.00
  MH4451870>MH4452189  CONDUIT      0.95     0  00:46      0.34    0.07    1.00
  N589>N944            CONDUIT      1.83     0  01:30      0.88    0.07    0.17
  MH4453213>N929       CONDUIT      4.88     0  00:06      0.61    0.16    0.27
  N851>MH4452462       CONDUIT      1.79     0  00:42      0.36    0.17    1.00
  N930>MH4449103       CONDUIT      2.76     0  16:00      0.51    0.22    1.00
  MH4428067>N10        CONDUIT      0.31     0  00:39      0.50    0.01    0.08
  N705>MH4453837       CONDUIT      5.29     0  00:50      0.84    0.27    0.39
  N187>N544            CONDUIT      0.66     0  00:36      0.69    0.02    0.10
  MH4455121>N942       CONDUIT    124.41     0  01:52      1.13    1.23    1.00
  MH4451967>MH4452154  CONDUIT      3.62     0  01:02      0.43    0.32    1.00
  MH4448813>MH4449503  CONDUIT      0.89     0  01:13      0.39    0.07    1.00
  N686>MH4428139       CONDUIT      0.16     0  00:05      0.63    0.00    0.04
  N941>N950            CONDUIT      9.17     0  03:10      0.59    0.35    0.44
  N951>MH8707824       CONDUIT      0.55     0  00:45      0.37    0.05    0.14
  MH4453837>N645       CONDUIT      5.48     0  01:43      0.59    0.17    0.43
  N952>MH4453970       CONDUIT      0.62     0  01:23      0.33    0.05    1.00
  MH4454125>N755       CONDUIT      2.98     0  01:12      0.16    0.28    1.00
  MH4428188>N562       CONDUIT      1.35     0  00:42      0.62    0.06    0.18
  MH4454657>N899       CONDUIT      2.36     0  02:46      0.73    0.12    0.24
  N510>N925            CONDUIT      1.38     0  01:20      0.79    0.05    0.15
  N220>N394            CONDUIT     33.43     0  01:13      1.74    0.33    1.00
  MH4428636>N954       CONDUIT      7.30     0  01:02      0.79    0.53    1.00
  MH4449778>MH4450137  CONDUIT      1.50     0  01:14      0.40    0.08    1.00
  N956>MH4450332       CONDUIT      0.59     0  00:45      0.26    0.04    1.00
  MH1629888>MH1630330  CONDUIT      3.22     0  01:25      0.53    0.10    0.21
  MH4500422>N600       CONDUIT      5.52     0  02:27      0.98    0.07    0.20
  N957>MH4428026       CONDUIT      0.35     0  00:37      0.57    0.01    0.08
  N814>N406            CONDUIT      0.59     0  00:30      0.53    0.03    0.12
  N877>MH4451886       CONDUIT      3.63     0  00:32      0.46    0.34    1.00
  N906>MH4449913       CONDUIT     38.83     0  16:00      0.64    0.94    1.00
  N35>MH4320104        CONDUIT      1.12     0  00:57      0.34    0.04    0.14
  N959>N345            CONDUIT      0.72     0  01:29      0.25    0.06    1.00
  N960>N961            CONDUIT      0.28     0  00:32      0.25    0.03    0.13
  N962>MH4451058       CONDUIT      0.62     0  00:55      0.46    0.04    0.13
  MH4453788>MH4453850  CONDUIT      0.85     0  01:38      0.20    0.09    1.00
  N963>MH4453579       CONDUIT     99.98     0  01:50      0.91    1.81    1.00
  N964>MH4429179       CONDUIT      0.98     0  01:06      0.27    0.07    1.00
  MH4450847>N216       CONDUIT      0.91     0  00:49      0.49    0.05    0.16
  N507>MH4320244       CONDUIT      1.82     0  01:16      0.44    0.05    0.16
  MH8963773>MH4447452  CONDUIT      8.21     0  00:37      0.53    0.36    1.00
  N966>MH4451516       CONDUIT      0.30     0  00:48      0.40    0.02    0.09
  MH4450531>N422       CONDUIT     15.60     0  16:00      0.99    1.01    1.00
  N656>MH4447880       CONDUIT      0.61     0  00:57      0.44    0.03    1.00
  N954>MH4429013       CONDUIT      7.53     0  01:04      0.75    0.54    1.00
  N147>N119            CONDUIT      1.37     0  00:49      0.46    0.03    0.13
  N334>MH4452680       CONDUIT      5.19     0  01:08      0.43    0.25    1.00
  N967>MH4452011       CONDUIT      5.29     0  00:32      0.39    0.49    1.00
  N806>MH4501866       CONDUIT      0.80     0  02:28      0.38    0.07    0.56
  N735>N968            CONDUIT      0.59     0  00:44      0.54    0.03    0.12
  N346>MH4429179       CONDUIT      1.39     0  01:17      0.35    0.09    1.00
  MH4454195>MH4454125  CONDUIT      2.22     0  01:26      0.18    0.10    1.00
  MH4447452>N711       CONDUIT      8.60     0  00:37      0.54    0.36    1.00
  N791>N486            CONDUIT      0.63     0  00:33      0.58    0.03    0.11
  MH4427588>N750       CONDUIT     24.36     0  01:14      1.38    1.41    1.00
  MH4448029>N255       CONDUIT      0.51     0  01:14      0.38    0.04    0.14
  N913>N886            CONDUIT      0.93     0  00:29      0.75    0.03    0.12
  N181>MH4448474       CONDUIT      5.20     0  01:21      0.64    0.34    1.00
  N961>N719            CONDUIT      0.54     0  00:58      0.30    0.05    0.16
  N970>N971            CONDUIT      0.16     0  00:22      0.20    0.02    0.11
  N972>N720            CONDUIT      0.11     0  00:18      0.24    0.01    0.08
  MH4428583>N914       CONDUIT      1.66     0  00:56      0.51    0.12    1.00
  N809>MH1625395       CONDUIT      0.31     0  00:29      0.35    0.02    0.14
  MH4451333>N633       CONDUIT      0.17     0  00:19      0.31    0.01    0.08
  N794>N749            CONDUIT    116.41     0  01:52      1.05    1.63    1.00
  N840>MH1624017       CONDUIT      0.78     0  00:28      0.48    0.05    0.15
  MH4500035>N919       CONDUIT     10.03     0  01:05      0.69    0.15    0.26
  N974>MH4452809       CONDUIT      0.78     0  00:49      0.36    0.05    1.00
  N975>N976            CONDUIT      0.18     0  01:44      0.28    0.01    1.00
  MH4454718>MH4454876  CONDUIT      0.61     0  01:20      0.56    0.03    0.11
  N470>N471            CONDUIT      1.98     0  01:06      0.55    0.11    0.26
  N50>MH4453553        CONDUIT      0.70     0  00:35      0.63    0.03    0.11
  N780>N155            CONDUIT      0.51     0  00:27      0.55    0.02    0.11
  MH4451468>MH4452154  CONDUIT      5.24     0  01:09      0.33    0.23    1.00
  MH4452632>N967       CONDUIT      3.09     0  00:38      0.33    0.29    1.00
  N727>MH4426728       CONDUIT      3.64     0  00:08      0.38    0.24    1.00
  N950>MH4501851       CONDUIT      9.41     0  02:27      0.65    0.36    0.71
  N600>N149            CONDUIT      8.84     0  02:27      1.33    0.11    0.22
  MH1624769>N893       CONDUIT    142.83     0  06:36      0.92    1.10    1.00
  N822>N240            CONDUIT      3.08     0  00:03      1.03    0.12    0.23
  N766>N921            CONDUIT      0.50     0  00:59      0.25    0.05    1.00
  MH1625316>N756       CONDUIT      2.28     0  00:57      0.46    0.22    0.33
  MH4426979>N647       CONDUIT      0.71     0  00:37      0.64    0.02    0.11
  N456>N839            CONDUIT      0.54     0  00:25      0.62    0.02    0.11
  N446>MH4454312       CONDUIT      0.42     0  00:03      0.44    0.02    0.12
  MH4428968>N977       CONDUIT      1.27     0  01:20      0.50    0.08    0.21
  N978>N695            CONDUIT      0.35     0  00:13      0.67    0.01    0.08
  N807>N672            CONDUIT      0.72     0  00:28      0.66    0.03    0.12
  N610>MH4455909       CONDUIT      4.81     0  01:06      0.76    0.32    1.00
  N979>N980            CONDUIT      0.34     0  00:04      0.40    0.02    1.00
  N418>N487            CONDUIT      4.30     0  12:24      1.18    0.15    0.26
  N364>N912            CONDUIT      0.61     0  00:43      0.58    0.03    0.11
  N593>N878            CONDUIT      1.54     0  00:34      0.58    0.10    0.22
  MH4450776>MH4450378  CONDUIT      1.76     0  01:10      0.46    0.09    1.00
  MH4429107>N325       CONDUIT      5.23     0  05:07      0.61    0.46    1.00
  MH4456777>N574       CONDUIT      6.34     0  02:46      1.45    0.19    0.30
  N923>N250            CONDUIT      2.29     0  00:37      0.50    0.16    1.00
  N265>MH8963773       CONDUIT      7.92     0  00:45      0.53    0.32    1.00
  MH4427849>MH4428245  CONDUIT      0.94     0  00:46      0.61    0.04    0.15
  MH4455813>MH4455808  CONDUIT      1.58     0  01:03      0.48    0.15    0.24
  N944>MH4499116       CONDUIT      1.86     0  01:31      0.79    0.07    0.19
  MH4454398>N298       CONDUIT      0.08     0  00:20      0.19    0.01    0.06
  N874>N836            CONDUIT      0.35     0  00:38      0.35    0.02    0.12
  N397>N188            CONDUIT      4.31     0  01:37      0.74    0.31    1.00
  MH4428638>N938       CONDUIT      1.39     0  00:13      0.44    0.12    0.24
  N875>N151            CONDUIT      0.65     0  00:45      0.42    0.04    0.14
  MH4453095>N170       CONDUIT      1.13     0  01:19      0.21    0.11    1.00
  N984>MH4447346       CONDUIT      0.29     0  02:07      0.46    0.02    1.00
  MH4450802>MH4450920  CONDUIT      0.45     0  01:01      0.40    0.03    0.11
  N833>N940            CONDUIT      1.29     0  00:50      0.81    0.04    1.00
  MH4449796>N439       CONDUIT      9.33     0  16:00      0.79    0.72    1.00
  N985>N159            CONDUIT      0.12     0  00:15      0.23    0.01    0.08
  N819>MH4449011       CONDUIT     38.27     0  16:00      0.65    0.96    1.00
  MH4428320>N823       CONDUIT      0.77     0  00:08      0.33    0.08    0.19
  N986>N685            CONDUIT      0.07     0  00:04      0.35    0.00    0.05
  N987>N699            CONDUIT      6.14     0  00:00      1.17    0.26    0.36
  N922>MH4454116       CONDUIT    108.41     0  01:52      0.98    1.24    1.00
  N977>MH4428524       CONDUIT      1.56     0  01:17      0.50    0.10    0.31
  MH4455943>N248       CONDUIT      0.55     0  00:53      0.36    0.04    0.14
  MH4499116>MH4499406  CONDUIT      2.60     0  00:58      0.89    0.09    0.22
  MH4448626>N698       CONDUIT      2.03     0  00:46      0.60    0.13    0.25
  MH4454643>N890       CONDUIT      1.29     0  00:57      0.57    0.07    0.19
  N990>N251            CONDUIT      0.30     0  00:31      0.33    0.02    0.12
  N367>MH4452527       CONDUIT     75.77     0  01:48      1.07    2.50    1.00
  N980>MH4454629       CONDUIT      1.02     0  01:57      0.36    0.07    1.00
  MH4451886>N991       CONDUIT     75.55     0  01:48      1.07    2.43    1.00
  N971>N951            CONDUIT      0.42     0  00:42      0.29    0.04    0.15
  N626>MH4450170       CONDUIT     12.03     0  10:23      1.19    0.61    0.56
  N631>MH1625395       CONDUIT      0.53     0  00:44      0.30    0.05    0.17
  N297>MH4429086       CONDUIT      2.16     0  01:16      0.85    0.08    0.20
  N992>MH4446883       CONDUIT      1.34     0  01:06      0.26    0.14    1.00
  MH4450180>MH4450332  CONDUIT      1.80     0  00:48      0.36    0.15    1.00
  MH4448929>N693       CONDUIT      5.86     0  00:27      0.74    0.44    1.00
  MH1631514>N176       CONDUIT    186.64     0  06:32      2.17    0.78    0.73
  N748>N994            CONDUIT      0.73     0  00:39      0.48    0.04    1.00
  N186>MH4454993       CONDUIT      3.46     0  00:56      0.93    0.11    0.26
  N995>N754            CONDUIT      0.58     0  00:04      0.34    0.02    0.10
  N996>N811            CONDUIT      0.25     0  00:02      0.67    0.01    1.00
  N991>MH4452189       CONDUIT     75.63     0  01:48      1.07    2.47    1.00
  N692>N815            CONDUIT      4.12     0  02:06      1.12    0.15    0.26
  MH1625959>N997       CONDUIT      2.46     0  02:04      1.42    0.16    0.16
  N998>N734            CONDUIT      0.07     0  00:09      0.20    0.00    0.07
  N798>N963            CONDUIT     99.76     0  01:50      0.90    1.77    1.00
  MH4428137>MH4428188  CONDUIT      1.06     0  00:32      0.67    0.03    0.15
  MH4428067>MH4427849  CONDUIT      0.23     0  00:39      0.46    0.01    0.07
  N490>MH4427588       CONDUIT     24.75     0  06:03      1.40    1.80    1.00
  N999>N614            CONDUIT      0.22     0  00:16      0.36    0.01    0.09
  N239>MH5233531       CONDUIT      0.23     0  01:13      0.30    0.02    0.09
  N968>MH4454993       CONDUIT      0.79     0  00:45      0.58    0.04    0.13
  N1000>MH4448796      CONDUIT      0.26     0  00:03      0.41    0.02    0.09
  N1001>MH4451886      CONDUIT     84.06     0  16:00      1.19    2.77    1.00
  N620>MH4500689       CONDUIT      0.85     0  00:59      0.46    0.06    0.16
  N9>MH4429527         CONDUIT      0.45     0  00:46      0.41    0.02    1.00
  N162>N561            CONDUIT      1.99     0  00:58      0.39    0.07    0.19
  N994>MH4454629       CONDUIT      0.78     0  01:33      0.50    0.04    1.00
  N1002>N347           CONDUIT      0.07     0  00:14      0.15    0.00    0.08
  N356>MH4450531       CONDUIT      2.45     0  00:35      0.36    0.23    1.00
  MH4451207>N1001      CONDUIT     83.67     0  16:00      1.18    2.75    1.00
  MH4449860>MH4450100  CONDUIT      0.27     0  01:19      0.34    0.02    0.09
  MH4502186>N0         CONDUIT    177.67     0  06:33      1.12    1.17    1.00
  N576>MH4453213       CONDUIT      4.65     0  00:04      0.62    0.22    0.30
  N665>N962            CONDUIT      0.38     0  00:39      0.41    0.02    0.12
  N976>MH4449866       CONDUIT      0.39     0  01:35      0.40    0.02    1.00
  MH4449503>MH4449977  CONDUIT      1.35     0  01:33      0.46    0.11    1.00
  N1003>N655           CONDUIT      0.15     0  02:57      0.13    0.04    0.13
  N1005>N172           CONDUIT      0.75     0  01:13      0.28    0.07    1.00
  N1006>MH7465841      CONDUIT      0.22     0  00:31      0.33    0.01    0.13
  MH4456372>N725       CONDUIT      1.48     0  02:18      0.64    0.08    0.19
  N1007>MH4449118      CONDUIT      0.86     0  01:16      0.49    0.04    1.00
  MH4428367>N168       CONDUIT      0.86     0  01:41      0.81    0.02    0.11
  N1009>MH4452154      CONDUIT      0.80     0  01:17      0.34    0.05    1.00
  MH4452541>N63        CONDUIT     20.32     0  16:00      1.26    1.03    1.00
  N440>MH4450391       CONDUIT      9.68     0  16:00      0.71    0.75    1.00
  N134>MH4450617       CONDUIT      0.41     0  00:26      0.40    0.02    0.12
  MH4427659>MH4427741  CONDUIT      0.00     0  00:00      0.00    0.00    0.05
  MH4451967>MH4451823  CONDUIT     33.47     0  16:00      1.89    1.25    1.00
  MH4429019>MH4429086  CONDUIT      0.00     0  00:00      0.00    0.00    0.10
  MH4428638>N461       CONDUIT      0.00     0  00:00      0.00    0.00    0.02
  
  
  ***************************
  Flow Classification Summary
  ***************************
  
  -------------------------------------------------------------------------------------
                      Adjusted    ---------- Fraction of Time in Flow Class ---------- 
                       /Actual         Up    Down  Sub   Sup   Up    Down  Norm  Inlet 
  Conduit               Length    Dry  Dry   Dry   Crit  Crit  Crit  Crit  Ltd   Ctrl  
  -------------------------------------------------------------------------------------
  N0>N1                   1.00   0.00  0.00  0.00  1.00  0.00  0.00  0.00  0.00  0.00
  MH4454411>N3            1.00   0.00  0.00  0.00  1.00  0.00  0.00  0.00  0.11  0.00
  N4>MH4450314            1.00   0.00  0.00  0.00  0.00  0.00  0.00  1.00  0.00  0.00
  N8>N9                   1.00   0.00  0.00  0.00  0.00  1.00  0.00  0.00  1.00  0.00
  N10>MH4428367           1.00   0.00  0.00  0.00  0.00  1.00  0.00  0.00  1.00  0.00
  MH4428606>N13           1.00   0.00  0.00  0.00  0.96  0.04  0.00  0.00  0.11  0.00
  MH4454744>N15           1.00   0.00  0.00  0.00  1.00  0.00  0.00  0.00  1.00  0.00
  N18>MH4452397           1.00   0.00  0.00  0.00  0.00  1.00  0.00  0.00  0.00  0.00
  N20>MH4453133           1.00   0.00  0.00  0.00  1.00  0.00  0.00  0.00  0.54  0.00
  N22>MH4447602           1.00   0.00  0.00  0.00  1.00  0.00  0.00  0.00  1.00  0.00
  MH4429312>N25           1.00   0.00  0.00  0.00  0.99  0.01  0.00  0.00  0.01  0.00
  N26>MH4453788           1.00   0.00  0.00  0.00  1.00  0.00  0.00  0.00  0.11  0.00
  N28>MH4456108           1.00   0.00  0.00  0.00  0.00  1.00  0.00  0.00  1.00  0.00
  N30>N31                 1.00   0.00  0.00  0.00  0.00  1.00  0.00  0.00  1.00  0.00
  N32>N33                 1.00   0.00  0.00  0.00  0.00  1.00  0.00  0.00  1.00  0.00
  N34>N35                 1.00   0.00  0.00  0.00  1.00  0.00  0.00  0.00  0.99  0.00
  N38>MH4454209           1.00   0.00  0.00  0.00  0.00  1.00  0.00  0.00  0.99  0.00
  MH1624017>MH1623826     1.00   0.00  0.00  0.00  0.00  1.00  0.00  0.00  1.00  0.00
  MH4429136>N43           1.00   0.00  0.00  0.00  1.00  0.00  0.00  0.00  0.00  0.00
  MH4501201>N45           1.00   0.00  0.00  0.00  1.00  0.00  0.00  0.00  0.99  0.00
  MH1623826>N46           1.00   0.00  0.00  0.00  0.85  0.15  0.00  0.00  1.00  0.00
  N47>MH4501544           1.00   0.00  0.00  0.00  1.00  0.00  0.00  0.00  0.01  0.00
  N49>N50                 1.00   0.00  0.00  0.00  0.00  1.00  0.00  0.00  0.00  0.00
  N51>MH4454640           1.00   0.00  0.00  0.00  1.00  0.00  0.00  0.00  1.00  0.00
  N53>MH4453512           1.00   0.00  0.00  0.00  1.00  0.00  0.00  0.00  0.12  0.00
  MH4452154>MH4452217     1.00   0.00  0.00  0.00  1.00  0.00  0.00  0.00  0.04  0.00
  N59>MH4446824           1.00   0.00  0.00  0.00  0.87  0.13  0.00  0.00  1.00  0.00
  N61>N62                 1.00   0.00  0.00  0.00  0.00  1.00  0.00  0.00  1.00  0.00
  N63>N64                 1.00   0.00  0.00  0.00  0.98  0.02  0.00  0.00  0.01  0.00
  MH4453931>N66           1.00   0.00  0.00  0.00  0.00  1.00  0.00  0.00  1.00  0.00
  N67>MH4456468           1.00   0.00  0.00  0.00  1.00  0.00  0.00  0.00  1.00  0.00
  N69>MH4502097           1.00   0.00  0.00  0.00  1.00  0.00  0.00  0.00  0.03  0.00
  N71>N72                 1.00   0.00  0.00  0.00  0.00  1.00  0.00  0.00  0.99  0.00
  N73>MH4447369           1.00   0.00  0.00  0.00  0.00  0.00  0.00  1.00  0.00  0.00
  MH4448345>MH4448419     1.00   0.00  0.00  0.00  1.00  0.00  0.00  0.00  0.01  0.00
  N77>MH4449083           1.00   0.00  0.00  0.00  0.00  1.00  0.00  0.00  1.00  0.00
  N13>MH4429136           1.00   0.00  0.00  0.00  1.00  0.00  0.00  0.00  0.03  0.00
  N79>MH4499116           1.00   0.00  0.00  0.00  0.99  0.01  0.00  0.00  1.00  0.00
  N81>N82                 1.00   0.00  0.00  0.00  1.00  0.00  0.00  0.00  1.00  0.00
  N83>MH4454674           1.00   0.00  0.00  0.00  0.99  0.01  0.00  0.00  0.99  0.00
  N85>MH4427688           1.00   0.00  0.00  0.00  0.00  0.00  0.00  1.00  0.00  0.00
  N87>MH4448753           1.00   0.00  0.00  0.00  1.00  0.00  0.00  0.00  1.00  0.00
  N89>MH1627682           1.00   0.00  0.00  0.00  1.00  0.00  0.00  0.00  0.00  0.00
  MH4452538>MH5118586     1.00   0.00  0.00  0.00  0.00  1.00  0.00  0.00  1.00  0.00
  N33>MH4452724           1.00   0.00  0.00  0.00  0.99  0.01  0.00  0.00  1.00  0.00
  MH4448853>N97           1.00   0.00  0.00  0.00  1.00  0.00  0.00  0.00  0.00  0.00
  N98>MH4500422           1.00   0.00  0.00  0.00  0.00  1.00  0.00  0.00  1.00  0.00
  N100>N101               1.00   0.00  0.00  0.00  0.00  1.00  0.00  0.00  0.99  0.00
  MH4449806>MH4450137     1.00   0.00  0.00  0.00  1.00  0.00  0.00  0.00  0.04  0.00
  MH4428117>MH4428139     1.00   0.00  0.00  0.00  1.00  0.00  0.00  0.00  1.00  0.00
  N106>MH4455909          1.00   0.00  0.00  0.00  1.00  0.00  0.00  0.00  0.05  0.00
  N108>MH5118586          1.00   0.00  0.00  0.00  0.99  0.01  0.00  0.00  1.00  0.00
  N109>MH4451823          1.00   0.00  0.00  0.00  1.00  0.00  0.00  0.00  1.00  0.00
  MH4450787>N112          1.00   0.00  0.00  0.00  0.00  1.00  0.00  0.00  0.99  0.00
  N113>MH4428026          1.00   0.00  0.00  0.00  0.00  1.00  0.00  0.00  1.00  0.00
  MH4501866>N116          1.00   0.00  0.00  0.00  1.00  0.00  0.00  0.00  0.11  0.00
  N119>MH1627986          1.00   0.00  0.00  0.00  0.99  0.01  0.00  0.00  0.99  0.00
  MH4499632>N122          1.00   0.00  0.00  0.00  1.00  0.00  0.00  0.00  0.99  0.00
  MH4429035>N124          1.00   0.00  0.00  0.00  0.90  0.10  0.00  0.00  1.00  0.00
  MH4454674>N125          1.00   0.00  0.00  0.00  1.00  0.00  0.00  0.00  1.00  0.00
  MH4449704>MH4449118     1.00   0.00  0.00  0.00  1.00  0.00  0.00  0.00  0.04  0.00
  N128>MH1629281          1.00   0.00  0.00  0.00  1.00  0.00  0.00  0.00  0.99  0.00
  N82>MH4454718           1.00   0.00  0.00  0.00  1.00  0.00  0.00  0.00  1.00  0.00
  N131>MH4451287          1.00   0.00  0.00  0.00  1.00  0.00  0.00  0.00  1.00  0.00
  N133>N134               1.00   0.00  0.00  0.00  1.00  0.00  0.00  0.00  1.00  0.00
  N137>MH4450219          1.00   0.00  0.00  0.00  0.00  1.00  0.00  0.00  1.00  0.00
  N139>MH4449321          1.00   0.00  0.00  0.00  0.95  0.00  0.00  0.05  0.00  0.00
  MH4448509>N142          1.00   0.00  0.00  0.00  1.00  0.00  0.00  0.00  0.07  0.00
  N143>MH4428524          1.00   0.00  0.00  0.00  0.00  0.00  0.00  1.00  0.00  0.00
  N145>MH1627084          1.00   0.00  0.00  0.00  1.00  0.00  0.00  0.00  1.00  0.00
  MH1627084>N147          1.00   0.00  0.00  0.00  0.00  1.00  0.00  0.00  1.00  0.00
  N148>N79                1.00   0.00  0.00  0.00  0.00  1.00  0.00  0.00  1.00  0.00
  N149>N150               1.00   0.00  0.00  0.00  0.00  1.00  0.00  0.00  0.98  0.00
  N151>MH4455762          1.00   0.00  0.00  0.00  1.00  0.00  0.00  0.00  1.00  0.00
  N153>N154               1.00   0.00  0.00  0.00  1.00  0.00  0.00  0.00  1.00  0.00
  N155>MH4452721          1.00   0.00  0.00  0.00  0.00  0.00  0.00  1.00  0.00  0.00
  N157>N158               1.00   0.00  0.00  0.00  0.94  0.00  0.00  0.06  0.94  0.00
  N159>MH4453931          1.00   0.00  0.00  0.00  0.99  0.01  0.00  0.00  1.00  0.00
  MH4447128>MH4447726     1.00   0.00  0.00  0.00  1.00  0.00  0.00  0.00  0.05  0.00
  MH1627986>N162          1.00   0.00  0.00  0.00  1.00  0.00  0.00  0.00  0.99  0.00
  MH4501544>N69           1.00   0.00  0.00  0.00  1.00  0.00  0.00  0.00  0.01  0.00
  N46>N163                1.00   0.00  0.00  0.00  0.95  0.05  0.00  0.00  0.14  0.00
  N166>MH4428268          1.00   0.00  0.00  0.00  0.00  1.00  0.00  0.00  1.00  0.00
  N168>MH4428636          1.00   0.00  0.00  0.00  0.92  0.08  0.00  0.01  0.99  0.00
  N170>N171               1.00   0.00  0.00  0.00  1.00  0.00  0.00  0.00  0.06  0.00
  N172>MH4452977          1.00   0.00  0.00  0.00  1.00  0.00  0.00  0.00  0.05  0.00
  N176>MH1632309          1.00   0.00  0.00  0.00  0.00  1.00  0.00  0.00  0.00  0.00
  N178>MH4500035          1.00   0.00  0.00  0.00  0.00  1.00  0.00  0.00  1.00  0.00
  N180>N181               1.00   0.00  0.00  0.00  0.91  0.09  0.00  0.00  0.09  0.00
  MH4451759>N183          1.00   0.00  0.00  0.00  0.00  0.00  0.00  1.00  0.00  0.00
  N184>N59                1.00   0.00  0.00  0.00  0.00  1.00  0.00  0.00  0.99  0.00
  MH4454490>N186          1.00   0.00  0.00  0.00  0.00  1.00  0.00  0.00  0.99  0.00
  N112>N187               1.00   0.00  0.00  0.00  0.00  1.00  0.00  0.00  0.00  0.00
  N188>MH4447880          1.00   0.00  0.00  0.00  0.99  0.01  0.00  0.00  0.08  0.00
  MH4499417>N191          1.00   0.00  0.00  0.00  0.00  1.00  0.00  0.00  0.98  0.00
  N192>MH4453579          1.00   0.00  0.00  0.00  0.97  0.00  0.00  0.03  0.02  0.00
  N194>MH4451531          1.00   0.00  0.00  0.00  1.00  0.00  0.00  0.00  1.00  0.00
  MH4449785>N197          1.00   0.00  0.00  0.00  1.00  0.00  0.00  0.00  0.00  0.00
  N198>MH4447416          1.00   0.00  0.00  0.00  0.94  0.06  0.00  0.00  0.07  0.00
  N202>MH4453124          1.00   0.00  0.00  0.00  0.00  1.00  0.00  0.00  1.00  0.00
  MH5228371>N205          1.00   0.00  0.00  0.00  0.00  1.00  0.00  0.00  1.00  0.00
  N206>MH6153571          1.00   0.00  0.00  0.00  1.00  0.00  0.00  0.00  0.00  0.00
  N208>N209               1.00   0.00  0.00  0.00  0.96  0.04  0.00  0.00  0.02  0.00
  N210>N211               1.00   0.00  0.00  0.00  1.00  0.00  0.00  0.00  0.00  0.00
  N212>MH4427425          1.00   0.00  0.00  0.00  1.00  0.00  0.00  0.00  1.00  0.00
  N216>N131               1.00   0.00  0.00  0.00  0.00  1.00  0.00  0.00  1.00  0.00
  MH7465841>N220          1.00   0.00  0.00  0.00  0.00  1.00  0.00  0.00  0.00  0.00
  N221>N222               1.00   0.00  0.00  0.00  0.00  1.00  0.00  0.00  1.00  0.00
  MH4451971>N224          1.00   0.00  0.00  0.00  0.00  1.00  0.00  0.00  1.00  0.00
  N225>MH4450757          1.00   0.00  0.00  0.00  0.00  1.00  0.00  0.00  0.99  0.00
  N228>N229               1.00   0.00  0.00  0.00  1.00  0.00  0.00  0.00  1.00  0.00
  N230>N231               1.00   0.00  0.00  0.00  0.00  1.00  0.00  0.00  1.00  0.00
  N232>MH4451971          1.00   0.00  0.00  0.00  0.00  1.00  0.00  0.00  1.00  0.00
  MH4447684>N234          1.00   0.00  0.00  0.00  0.00  1.00  0.00  0.00  1.00  0.00
  MH4449173>MH4449785     1.00   0.00  0.00  0.00  1.00  0.00  0.00  0.00  0.00  0.00
  N238>N239               1.00   0.00  0.00  0.00  1.00  0.00  0.00  0.00  1.00  0.00
  N240>MH4451058          1.00   0.00  0.00  0.00  0.00  1.00  0.00  0.00  1.00  0.00
  MH4452032>MH4451840     1.00   0.00  0.00  0.00  1.00  0.00  0.00  0.00  0.06  0.00
  N244>MH1790845          1.00   0.00  0.00  0.00  1.00  0.00  0.00  0.00  1.00  0.00
  N246>N247               1.00   0.00  0.00  0.00  1.00  0.00  0.00  0.00  0.99  0.00
  N248>N61                1.00   0.00  0.00  0.00  0.99  0.01  0.00  0.00  1.00  0.00
  MH4456553>N250          1.00   0.00  0.00  0.00  1.00  0.00  0.00  0.00  0.01  0.00
  N251>MH4449510          1.00   0.00  0.00  0.00  1.00  0.00  0.00  0.00  1.00  0.00
  MH4428713>MH4428995     1.00   0.00  0.00  0.00  0.99  0.01  0.00  0.00  0.11  0.00
  N255>MH4447351          1.00   0.00  0.00  0.00  0.00  1.00  0.00  0.00  1.00  0.00
  MH4450170>N225          1.00   0.00  0.00  0.00  0.00  1.00  0.00  0.00  0.99  0.00
  MH4447880>N258          1.00   0.00  0.00  0.00  0.94  0.06  0.00  0.00  0.07  0.00
  MH4500254>N260          1.00   0.00  0.00  0.00  1.00  0.00  0.00  0.00  1.00  0.00
  N261>MH4448662          1.00   0.00  0.00  0.00  0.99  0.01  0.00  0.00  0.99  0.00
  N263>MH5228371          1.00   0.00  0.00  0.00  0.00  1.00  0.00  0.00  1.00  0.00
  MH4429357>N265          1.00   0.00  0.00  0.00  1.00  0.00  0.00  0.00  0.05  0.00
  MH5286735>N267          1.00   0.00  0.00  0.00  1.00  0.00  0.00  0.00  1.00  0.00
  N268>N269               1.00   0.00  0.00  0.00  0.00  1.00  0.00  0.00  0.99  0.00
  N270>N271               1.00   0.00  0.00  0.00  0.99  0.01  0.00  0.00  0.10  0.00
  N272>MH4449860          1.00   0.00  0.00  0.00  1.00  0.00  0.00  0.00  1.00  0.00
  MH5118586>N202          1.00   0.00  0.00  0.00  0.00  1.00  0.00  0.00  0.99  0.00
  N274>N275               1.00   0.00  0.00  0.00  0.00  1.00  0.00  0.00  1.00  0.00
  N45>N276                1.00   0.00  0.00  0.00  1.00  0.00  0.00  0.00  0.97  0.00
  N277>N278               1.00   0.00  0.00  0.00  0.00  1.00  0.00  0.00  1.00  0.00
  N125>N279               1.00   0.00  0.00  0.00  0.99  0.01  0.00  0.00  0.99  0.00
  N280>N281               1.00   0.00  0.00  0.00  0.00  1.00  0.00  0.00  1.00  0.00
  MH4452919>MH4453133     1.00   0.00  0.00  0.00  0.84  0.00  0.00  0.16  0.84  0.00
  MH4450449>MH4450581     1.00   0.00  0.00  0.00  0.99  0.01  0.00  0.00  0.00  0.00
  N285>MH6042164          1.00   0.00  0.00  0.00  1.00  0.00  0.00  0.00  1.00  0.00
  N287>MH1625395          1.00   0.00  0.00  0.00  1.00  0.00  0.00  0.00  1.00  0.00
  MH4447397>MH5241467     1.00   0.00  0.00  0.00  1.00  0.00  0.00  0.00  0.09  0.00
  N293>N294               1.00   0.00  0.00  0.00  0.00  1.00  0.00  0.00  1.00  0.00
  N295>MH4449321          1.00   0.00  0.00  0.00  0.95  0.00  0.00  0.05  0.02  0.00
  N296>N297               1.00   0.00  0.00  0.00  0.00  1.00  0.00  0.00  1.00  0.00
  N298>N299               1.00   0.00  0.00  0.00  0.00  1.00  0.00  0.00  1.00  0.00
  N300>MH4455121          1.00   0.00  0.00  0.00  1.00  0.00  0.00  0.00  0.04  0.00
  MH4450219>N302          1.00   0.00  0.00  0.00  0.00  1.00  0.00  0.00  0.99  0.00
  N303>MH4428765          1.00   0.00  0.00  0.00  0.87  0.00  0.00  0.13  0.87  0.00
  N307>MH1624138          1.00   0.00  0.00  0.00  0.94  0.00  0.00  0.06  0.10  0.00
  MH4452902>MH4452980     1.00   0.00  0.00  0.00  0.00  1.00  0.00  0.00  0.00  0.00
  N311>MH4451333          1.00   0.00  0.00  0.00  0.00  0.00  0.00  1.00  0.00  0.00
  MH1623974>N314          1.00   0.00  0.00  0.00  0.87  0.13  0.00  0.00  0.99  0.00
  MH4428139>MH4428320     1.00   0.00  0.00  0.00  0.00  0.00  0.00  1.00  0.00  0.00
  MH1632309>MH1632398     1.00   0.00  0.00  0.00  0.01  0.99  0.00  0.00  0.02  0.00
  N317>N318               1.00   0.00  0.00  0.00  1.00  0.00  0.00  0.00  1.00  0.00
  N319>MH4447643          1.00   0.00  0.00  0.00  1.00  0.00  0.00  0.00  0.00  0.00
  N321>N322               1.00   0.00  0.00  0.00  0.86  0.14  0.00  0.00  0.99  0.00
  MH4452081>N324          1.00   0.00  0.00  0.00  0.00  1.00  0.00  0.00  1.00  0.00
  MH4447416>MH4447726     1.00   0.00  0.00  0.00  0.96  0.00  0.00  0.04  0.02  0.00
  N325>MH4429357          1.00   0.00  0.00  0.00  1.00  0.00  0.00  0.00  0.05  0.00
  MH4429013>N327          1.00   0.00  0.00  0.00  0.99  0.01  0.00  0.00  0.03  0.00
  MH4448419>N328          1.00   0.00  0.00  0.00  1.00  0.00  0.00  0.00  0.01  0.00
  MH4429468>MH4446883     1.00   0.00  0.00  0.00  0.94  0.00  0.00  0.06  0.01  0.00
  N331>N332               1.00   0.00  0.00  0.00  1.00  0.00  0.00  0.00  1.00  0.00
  MH4451058>MH4451092     1.00   0.00  0.00  0.00  0.00  1.00  0.00  0.00  1.00  0.00
  MH4452217>N334          1.00   0.00  0.00  0.00  1.00  0.00  0.00  0.00  0.03  0.00
  MH4448796>N336          1.00   0.00  0.00  0.00  1.00  0.00  0.00  0.00  1.00  0.00
  N337>MH4500902          1.00   0.00  0.00  0.00  0.00  0.00  0.00  1.00  0.00  0.00
  N339>MH4454411          1.00   0.00  0.00  0.00  1.00  0.00  0.00  0.00  0.14  0.00
  N340>N341               1.00   0.00  0.00  0.00  0.00  1.00  0.00  0.00  1.00  0.00
  MH4448753>MH4449330     1.00   0.00  0.00  0.00  0.00  0.00  0.00  1.00  0.00  0.00
  N343>MH4450211          1.00   0.00  0.00  0.00  0.00  1.00  0.00  0.00  0.99  0.00
  N345>N346               1.00   0.00  0.00  0.00  1.00  0.00  0.00  0.00  0.08  0.00
  N347>MH4453770          1.00   0.00  0.00  0.00  1.00  0.00  0.00  0.00  1.00  0.00
  MH4429527>MH4447397     1.00   0.00  0.00  0.00  1.00  0.00  0.00  0.00  0.11  0.00
  N353>N354               1.00   0.00  0.00  0.00  0.00  1.00  0.00  0.00  1.00  0.00
  MH4450975>N356          1.00   0.00  0.00  0.00  1.00  0.00  0.00  0.00  0.05  0.00
  N357>MH4451840          1.00   0.00  0.00  0.00  0.96  0.00  0.00  0.04  0.01  0.00
  MH4450207>MH4449806     1.00   0.00  0.00  0.00  0.95  0.00  0.00  0.05  0.06  0.00
  MH4453740>N340          1.00   0.00  0.00  0.00  0.00  1.00  0.00  0.00  1.00  0.00
  MH4429179>N361          1.00   0.00  0.00  0.00  1.00  0.00  0.00  0.00  0.05  0.00
  N362>N363               1.00   0.00  0.00  0.00  0.00  1.00  0.00  0.00  1.00  0.00
  MH4449083>N364          1.00   0.00  0.00  0.00  0.00  1.00  0.00  0.00  1.00  0.00
  MH4448662>N365          1.00   0.00  0.00  0.00  0.00  1.00  0.00  0.00  0.99  0.00
  N366>N367               1.00   0.00  0.00  0.00  1.00  0.00  0.00  0.00  0.00  0.00
  MH4452527>MH4452680     1.00   0.00  0.00  0.00  1.00  0.00  0.00  0.00  0.01  0.00
  N163>MH1624769          1.00   0.00  0.00  0.00  0.97  0.00  0.00  0.03  0.01  0.00
  MH4454629>N300          1.00   0.00  0.00  0.00  1.00  0.00  0.00  0.00  0.08  0.00
  N372>MH1624494          1.00   0.00  0.00  0.00  0.00  0.00  0.00  1.00  0.00  0.00
  N375>N230               1.00   0.00  0.00  0.00  0.00  1.00  0.00  0.00  1.00  0.00
  MH4451143>MH4450975     1.00   0.00  0.00  0.00  1.00  0.00  0.00  0.00  0.06  0.00
  MH4450922>MH4451207     1.00   0.00  0.00  0.00  0.99  0.00  0.00  0.01  0.02  0.00
  N379>MH8963773          1.00   0.00  0.00  0.00  0.98  0.00  0.00  0.02  0.05  0.00
  N66>MH4454643           1.00   0.00  0.00  0.00  0.00  1.00  0.00  0.00  0.99  0.00
  MH4454209>N51           1.00   0.00  0.00  0.00  0.00  1.00  0.00  0.00  0.99  0.00
  MH4456108>N382          1.00   0.00  0.00  0.00  0.00  1.00  0.00  0.00  1.00  0.00
  N383>MH4454744          1.00   0.00  0.00  0.00  1.00  0.00  0.00  0.00  1.00  0.00
  MH4426971>X385          1.00   0.00  0.00  0.00  0.00  1.00  0.00  0.00  1.00  0.00
  MH4453970>N192          1.00   0.00  0.00  0.00  1.00  0.00  0.00  0.00  0.05  0.00
  N387>MH4453512          1.00   0.00  0.00  0.00  0.89  0.00  0.00  0.11  0.07  0.00
  N389>MH6153571          1.00   0.00  0.00  0.00  0.91  0.02  0.00  0.07  0.93  0.00
  MH4498454>N391          1.00   0.00  0.00  0.00  0.00  1.00  0.00  0.00  0.99  0.00
  N394>MH4429503          1.00   0.00  0.00  0.00  0.95  0.03  0.00  0.02  0.03  0.00
  MH4429645>N397          1.00   0.00  0.00  0.00  0.89  0.11  0.00  0.00  0.12  0.00
  MH4452011>MH4451871     1.00   0.00  0.00  0.00  1.00  0.00  0.00  0.00  0.02  0.00
  N328>MH4449103          1.00   0.00  0.00  0.00  1.00  0.00  0.00  0.00  0.00  0.00
  N401>MH4502097          1.00   0.00  0.00  0.00  0.96  0.00  0.00  0.04  0.09  0.00
  N278>MH4499048          1.00   0.00  0.00  0.00  0.00  1.00  0.00  0.00  1.00  0.00
  N403>MH4428524          1.00   0.00  0.00  0.00  0.98  0.02  0.00  0.00  1.00  0.00
  MH4499729>N405          1.00   0.00  0.00  0.00  0.00  1.00  0.00  0.00  0.99  0.00
  N406>MH4456532          1.00   0.00  0.00  0.00  0.00  0.00  0.00  1.00  0.00  0.00
  N408>MH4454376          1.00   0.00  0.00  0.00  0.97  0.00  0.00  0.03  0.02  0.00
  MH1629281>N411          1.00   0.00  0.00  0.00  0.00  1.00  0.00  0.00  0.99  0.00
  N412>MH4499323          1.00   0.00  0.00  0.00  0.00  1.00  0.00  0.00  1.00  0.00
  N414>MH1623928          1.00   0.00  0.00  0.00  1.00  0.00  0.00  0.00  0.00  0.00
  N416>MH4428920          1.00   0.00  0.00  0.00  0.89  0.11  0.00  0.00  1.00  0.00
  MH4453124>N418          1.00   0.00  0.00  0.00  0.00  1.00  0.00  0.00  0.99  0.00
  MH4451871>N419          1.00   0.00  0.00  0.00  1.00  0.00  0.00  0.00  0.02  0.00
  N422>MH4450922          1.00   0.00  0.00  0.00  0.98  0.02  0.00  0.00  0.00  0.00
  MH4449849>MH4449785     1.00   0.00  0.00  0.00  0.98  0.00  0.00  0.02  0.01  0.00
  MH4455780>N426          1.00   0.00  0.00  0.00  0.00  1.00  0.00  0.00  1.00  0.00
  MH4450757>N427          1.00   0.00  0.00  0.00  0.00  1.00  0.00  0.00  0.99  0.00
  N3>MH4454629            1.00   0.00  0.00  0.00  1.00  0.00  0.00  0.00  0.01  0.00
  MH4429019>MH7465841     1.00   0.00  0.00  0.00  0.00  1.00  0.00  0.00  0.99  0.00
  N222>N148               1.00   0.00  0.00  0.00  0.00  1.00  0.00  0.00  1.00  0.00
  N431>N432               1.00   0.00  0.00  0.00  1.00  0.00  0.00  0.00  0.05  0.00
  N25>MH4447394           1.00   0.00  0.00  0.00  0.99  0.00  0.00  0.01  0.01  0.00
  N434>N98                1.00   0.00  0.00  0.00  0.00  1.00  0.00  0.00  0.99  0.00
  MH1624138>MH1624769     1.00   0.00  0.00  0.00  1.00  0.00  0.00  0.00  0.01  0.00
  MH4453315>MH4453553     1.00   0.00  0.00  0.00  1.00  0.00  0.00  0.00  1.00  0.00
  MH4428426>MH4428245     1.00   0.00  0.00  0.00  0.00  0.00  0.00  1.00  0.00  0.00
  N439>N440               1.00   0.00  0.00  0.00  0.99  0.01  0.00  0.00  0.01  0.00
  MH4450378>MH4450554     1.00   0.00  0.00  0.00  0.98  0.00  0.00  0.02  0.00  0.00
  MH1631057>MH1631514     1.00   0.00  0.00  0.00  0.00  1.00  0.00  0.00  0.09  0.00
  MH6153571>N414          1.00   0.00  0.00  0.00  1.00  0.00  0.00  0.00  0.00  0.00
  N445>N446               1.00   0.00  0.00  0.00  1.00  0.00  0.00  0.00  1.00  0.00
  N447>MH4427095          1.00   0.00  0.00  0.00  1.00  0.00  0.00  0.00  0.00  0.00
  MH4427688>N166          1.00   0.00  0.00  0.00  0.00  1.00  0.00  0.00  0.99  0.00
  N450>MH4455516          1.00   0.00  0.00  0.00  1.00  0.00  0.00  0.00  1.00  0.00
  MH1623725>N453          1.00   0.00  0.00  0.00  0.00  1.00  0.00  0.00  0.99  0.00
  N455>N456               1.00   0.00  0.00  0.00  0.00  1.00  0.00  0.00  1.00  0.00
  N72>N178                1.00   0.00  0.00  0.00  0.00  1.00  0.00  0.00  0.99  0.00
  N457>N287               1.00   0.00  0.00  0.00  1.00  0.00  0.00  0.00  1.00  0.00
  N458>MH4456551          1.00   0.00  0.00  0.00  0.01  0.99  0.00  0.00  1.00  0.00
  MH4428995>N460          1.00   0.00  0.00  0.00  1.00  0.00  0.00  0.00  0.07  0.00
  N461>N416               1.00   0.00  0.00  0.00  0.00  1.00  0.00  0.00  1.00  0.00
  N341>MH4454490          1.00   0.00  0.00  0.00  0.00  1.00  0.00  0.00  1.00  0.00
  N432>MH4453489          1.00   0.00  0.00  0.00  1.00  0.00  0.00  0.00  0.03  0.00
  MH4449436>N464          1.00   0.00  0.00  0.00  0.00  1.00  0.00  0.00  1.00  0.00
  N465>MH4448509          1.00   0.00  0.00  0.00  1.00  0.00  0.00  0.00  0.08  0.00
  MH4428920>N466          1.00   0.00  0.00  0.00  0.92  0.08  0.00  0.00  0.11  0.00
  N467>N468               1.00   0.00  0.00  0.00  1.00  0.00  0.00  0.00  1.00  0.00
  MH4455808>N470          1.00   0.00  0.00  0.00  0.00  1.00  0.00  0.00  0.99  0.00
  N471>N472               1.00   0.00  0.00  0.00  0.99  0.01  0.00  0.00  0.99  0.00
  N473>MH1623974          1.00   0.00  0.00  0.00  1.00  0.00  0.00  0.00  1.00  0.00
  N474>MH4450920          1.00   0.00  0.00  0.00  1.00  0.00  0.00  0.00  1.00  0.00
  MH4451516>N477          1.00   0.00  0.00  0.00  0.00  1.00  0.00  0.00  0.99  0.00
  MH4452994>N431          1.00   0.00  0.00  0.00  1.00  0.00  0.00  0.00  0.01  0.00
  MH4452189>N366          1.00   0.00  0.00  0.00  1.00  0.00  0.00  0.00  0.01  0.00
  MH4449882>MH4449704     1.00   0.00  0.00  0.00  0.96  0.00  0.00  0.04  0.00  0.00
  MH1629073>N157          1.00   0.00  0.00  0.00  0.00  1.00  0.00  0.00  0.99  0.00
  MH1623928>MH1624138     1.00   0.00  0.00  0.00  1.00  0.00  0.00  0.00  0.02  0.00
  N482>MH4452721          1.00   0.00  0.00  0.00  0.00  1.00  0.00  0.00  1.00  0.00
  N361>MH4429503          1.00   0.00  0.00  0.00  0.98  0.00  0.00  0.02  0.03  0.00
  N483>MH4429320          1.00   0.00  0.00  0.00  1.00  0.00  0.00  0.00  0.12  0.00
  MH4451945>N208          1.00   0.00  0.00  0.00  0.96  0.04  0.00  0.00  0.00  0.00
  N486>N487               1.00   0.00  0.00  0.00  0.00  0.00  0.00  1.00  0.00  0.00
  N488>N489               1.00   0.00  0.00  0.00  0.00  1.00  0.00  0.00  1.00  0.00
  MH4453489>MH4453579     1.00   0.00  0.00  0.00  0.98  0.00  0.00  0.02  0.01  0.00
  MH4427095>N490          1.00   0.00  0.00  0.00  1.00  0.00  0.00  0.00  0.00  0.00
  N491>N492               1.00   0.00  0.00  0.00  0.00  1.00  0.00  0.00  1.00  0.00
  MH4452809>MH4452632     1.00   0.00  0.00  0.00  1.00  0.00  0.00  0.00  0.04  0.00
  N498>MH5286735          1.00   0.00  0.00  0.00  1.00  0.00  0.00  0.00  1.00  0.00
  N499>MH4456553          1.00   0.00  0.00  0.00  1.00  0.00  0.00  0.00  0.00  0.00
  MH4453981>N501          1.00   0.00  0.00  0.00  0.00  1.00  0.00  0.00  1.00  0.00
  N354>N108               1.00   0.00  0.00  0.00  0.00  1.00  0.00  0.00  1.00  0.00
  MH4456532>N71           1.00   0.00  0.00  0.00  0.00  1.00  0.00  0.00  0.99  0.00
  N505>MH4450207          1.00   0.00  0.00  0.00  0.87  0.00  0.00  0.13  0.01  0.00
  MH4320104>N507          1.00   0.00  0.00  0.00  1.00  0.00  0.00  0.00  0.99  0.00
  MH4447351>N510          1.00   0.00  0.00  0.00  0.00  1.00  0.00  0.00  1.00  0.00
  N336>N511               1.00   0.00  0.00  0.00  0.99  0.01  0.00  0.00  1.00  0.00
  MH4426673>N515          1.00   0.00  0.00  0.00  0.00  1.00  0.00  0.00  1.00  0.00
  MH4450077>N517          1.00   0.00  0.00  0.00  0.00  1.00  0.00  0.00  1.00  0.00
  MH4428836>MH4429107     1.00   0.00  0.00  0.00  0.99  0.01  0.00  0.00  0.09  0.00
  MH4453553>MH4453740     1.00   0.00  0.00  0.00  0.00  1.00  0.00  0.00  1.00  0.00
  N522>MH4450170          1.00   0.00  0.00  0.00  1.00  0.00  0.00  0.00  1.00  0.00
  MH4429656>MH4447643     1.00   0.00  0.00  0.00  0.98  0.00  0.00  0.02  0.03  0.00
  MH4450617>N343          1.00   0.00  0.00  0.00  0.00  1.00  0.00  0.00  0.00  0.00
  MH4448392>MH4448813     1.00   0.00  0.00  0.00  1.00  0.00  0.00  0.00  1.00  0.00
  MH4449913>N530          1.00   0.00  0.00  0.00  1.00  0.00  0.00  0.00  0.00  0.00
  MH4427309>N85           1.00   0.00  0.00  0.00  0.00  1.00  0.00  0.00  1.00  0.00
  N532>N533               1.00   0.00  0.00  0.00  1.00  0.00  0.00  0.00  1.00  0.00
  N534>MH1625316          1.00   0.00  0.00  0.00  1.00  0.00  0.00  0.00  1.00  0.00
  MH4450137>N536          1.00   0.00  0.00  0.00  1.00  0.00  0.00  0.00  0.02  0.00
  MH4429584>MH4429544     1.00   0.00  0.00  0.00  0.94  0.00  0.00  0.06  0.01  0.00
  N426>N100               1.00   0.00  0.00  0.00  0.00  1.00  0.00  0.00  0.00  0.00
  MH4452721>MH4452946     1.00   0.00  0.00  0.00  0.99  0.01  0.00  0.00  0.99  0.00
  N542>MH4428797          1.00   0.00  0.00  0.00  0.00  0.00  0.00  1.00  0.00  0.00
  N544>MH4451468          1.00   0.00  0.00  0.00  0.99  0.01  0.00  0.00  1.00  0.00
  MH4450391>MH4450531     1.00   0.00  0.00  0.00  0.99  0.01  0.00  0.00  0.00  0.00
  N1>MH1629194            1.00   0.00  0.00  0.00  1.00  0.00  0.00  0.00  0.01  0.00
  N62>MH6042164           1.00   0.00  0.00  0.00  0.00  1.00  0.00  0.00  0.00  0.00
  N549>N307               1.00   0.00  0.00  0.00  0.84  0.16  0.00  0.00  0.99  0.00
  MH4453579>N550          1.00   0.00  0.00  0.00  1.00  0.00  0.00  0.00  0.01  0.00
  MH4449977>N552          1.00   0.00  0.00  0.00  0.93  0.07  0.00  0.00  0.09  0.00
  N553>N554               1.00   0.00  0.00  0.00  0.00  1.00  0.00  0.00  0.00  0.00
  MH1625395>N549          1.00   0.00  0.00  0.00  0.00  1.00  0.00  0.00  1.00  0.00
  N557>MH4454125          1.00   0.00  0.00  0.00  0.94  0.00  0.00  0.06  0.02  0.00
  N559>N560               1.00   0.00  0.00  0.00  1.00  0.00  0.00  0.00  1.00  0.00
  N561>MH1629281          1.00   0.00  0.00  0.00  1.00  0.00  0.00  0.00  0.00  0.00
  N562>N563               1.00   0.00  0.00  0.00  0.00  1.00  0.00  0.00  0.99  0.00
  N564>MH4453047          1.00   0.00  0.00  0.00  1.00  0.00  0.00  0.00  1.00  0.00
  N517>MH4449436          1.00   0.00  0.00  0.00  0.00  1.00  0.00  0.00  1.00  0.00
  N566>MH4428268          1.00   0.00  0.00  0.00  0.00  0.00  0.00  1.00  0.00  0.00
  N567>MH4455813          1.00   0.00  0.00  0.00  1.00  0.00  0.00  0.00  1.00  0.00
  N569>MH4499632          1.00   0.00  0.00  0.00  1.00  0.00  0.00  0.00  1.00  0.00
  MH4451576>N573          1.00   0.00  0.00  0.00  0.00  1.00  0.00  0.00  1.00  0.00
  N574>MH4499417          1.00   0.00  0.00  0.00  0.00  1.00  0.00  0.00  1.00  0.00
  MH4452980>N576          1.00   0.00  0.00  0.00  0.00  1.00  0.00  0.00  1.00  0.00
  N577>MH4452527          1.00   0.00  0.00  0.00  0.97  0.00  0.00  0.03  0.03  0.00
  N578>MH4447394          1.00   0.00  0.00  0.00  0.99  0.00  0.00  0.01  0.00  0.00
  N581>MH4499729          1.00   0.00  0.00  0.00  0.00  0.00  0.00  1.00  0.00  0.00
  N582>MH4450193          1.00   0.00  0.00  0.00  0.98  0.00  0.00  0.01  0.04  0.00
  N511>MH4449635          1.00   0.00  0.00  0.00  0.00  1.00  0.00  0.00  0.99  0.00
  N585>MH4454657          1.00   0.00  0.00  0.00  0.99  0.01  0.00  0.00  1.00  0.00
  N587>MH4450757          1.00   0.00  0.00  0.00  1.00  0.00  0.00  0.00  1.00  0.00
  MH4428800>MH4429035     1.00   0.00  0.00  0.00  0.00  1.00  0.00  0.00  1.00  0.00
  MH6042164>N589          1.00   0.00  0.00  0.00  0.00  1.00  0.00  0.00  1.00  0.00
  N302>N587               1.00   0.00  0.00  0.00  0.00  1.00  0.00  0.00  0.99  0.00
  N592>N268               1.00   0.00  0.00  0.00  0.00  1.00  0.00  0.00  0.99  0.00
  MH4447369>N593          1.00   0.00  0.00  0.00  0.00  1.00  0.00  0.00  1.00  0.00
  N477>MH4452071          1.00   0.00  0.00  0.00  0.00  1.00  0.00  0.00  0.99  0.00
  N191>N595               1.00   0.00  0.00  0.00  0.00  1.00  0.00  0.00  0.98  0.00
  N596>MH4451516          1.00   0.00  0.00  0.00  0.00  1.00  0.00  0.00  0.99  0.00
  N560>N145               1.00   0.00  0.00  0.00  1.00  0.00  0.00  0.00  1.00  0.00
  N597>N246               1.00   0.00  0.00  0.00  1.00  0.00  0.00  0.00  1.00  0.00
  MH4449118>MH4448345     1.00   0.00  0.00  0.00  0.99  0.01  0.00  0.00  0.02  0.00
  MH4447394>N599          1.00   0.00  0.00  0.00  1.00  0.00  0.00  0.00  0.00  0.00
  N405>N600               1.00   0.00  0.00  0.00  0.00  0.00  0.00  1.00  0.00  0.00
  MH4454876>N375          1.00   0.00  0.00  0.00  0.00  1.00  0.00  0.00  1.00  0.00
  N231>MH4455429          1.00   0.00  0.00  0.00  0.00  1.00  0.00  0.00  0.00  0.00
  MH4450554>MH4450449     1.00   0.00  0.00  0.00  0.97  0.00  0.00  0.03  0.00  0.00
  MH4448762>N605          1.00   0.00  0.00  0.00  1.00  0.00  0.00  0.00  0.05  0.00
  MH1632398>OUT           1.00   0.00  0.00  0.00  0.00  1.00  0.00  0.00  0.02  0.00
  N607>MH4454901          1.00   0.00  0.00  0.00  0.00  0.00  0.00  1.00  0.00  0.00
  N609>N610               1.00   0.00  0.00  0.00  0.87  0.13  0.00  0.00  0.18  0.00
  N15>N611                1.00   0.00  0.00  0.00  1.00  0.00  0.00  0.00  1.00  0.00
  N612>MH1624202          1.00   0.00  0.00  0.00  0.00  0.00  0.00  1.00  0.00  0.00
  N614>MH1629073          1.00   0.00  0.00  0.00  0.00  1.00  0.00  0.00  1.00  0.00
  N615>N585               1.00   0.00  0.00  0.00  0.00  1.00  0.00  0.00  1.00  0.00
  N31>MH4454901           1.00   0.00  0.00  0.00  0.00  1.00  0.00  0.00  1.00  0.00
  MH4429503>N319          1.00   0.00  0.00  0.00  1.00  0.00  0.00  0.00  0.01  0.00
  MH4428524>N553          1.00   0.00  0.00  0.00  0.00  1.00  0.00  0.00  0.99  0.00
  N616>MH4454195          1.00   0.00  0.00  0.00  1.00  0.00  0.00  0.00  0.06  0.00
  MH4453512>N618          1.00   0.00  0.00  0.00  1.00  0.00  0.00  0.00  0.09  0.00
  N530>MH4450449          1.00   0.00  0.00  0.00  0.98  0.00  0.00  0.02  0.00  0.00
  N619>MH4499632          1.00   0.00  0.00  0.00  0.00  0.00  0.00  1.00  0.00  0.00
  N260>N620               1.00   0.00  0.00  0.00  0.99  0.01  0.00  0.00  0.99  0.00
  N211>MH1631057          1.00   0.00  0.00  0.00  1.00  0.00  0.00  0.00  0.00  0.00
  N621>MH1626450          1.00   0.00  0.00  0.00  0.00  1.00  0.00  0.00  1.00  0.00
  N623>MH1626578          1.00   0.00  0.00  0.00  1.00  0.00  0.00  0.00  1.00  0.00
  N625>N626               1.00   0.00  0.00  0.00  0.00  1.00  0.00  0.00  0.99  0.00
  MH4429411>MH4429136     1.00   0.00  0.00  0.00  1.00  0.00  0.00  0.00  0.05  0.00
  N276>MH4501851          1.00   0.00  0.00  0.00  1.00  0.00  0.00  0.00  0.17  0.00
  N630>N631               1.00   0.00  0.00  0.00  1.00  0.00  0.00  0.00  1.00  0.00
  N632>MH4452538          1.00   0.00  0.00  0.00  0.00  1.00  0.00  0.00  1.00  0.00
  N633>N232               1.00   0.00  0.00  0.00  0.00  1.00  0.00  0.00  1.00  0.00
  N634>N488               1.00   0.00  0.00  0.00  0.00  1.00  0.00  0.00  1.00  0.00
  N554>MH4429019          1.00   0.00  0.00  0.00  0.00  0.00  0.00  1.00  0.00  0.00
  MH1790845>MH4456372     1.00   0.00  0.00  0.00  0.00  0.00  0.00  1.00  0.00  0.00
  MH5216010>N353          1.00   0.00  0.00  0.00  0.00  1.00  0.00  0.00  1.00  0.00
  N640>N8                 1.00   0.00  0.00  0.00  0.00  1.00  0.00  0.00  1.00  0.00
  MH4498407>MH4498454     1.00   0.00  0.00  0.00  0.01  0.99  0.00  0.00  1.00  0.00
  N324>N482               1.00   0.00  0.00  0.00  0.00  1.00  0.00  0.00  1.00  0.00
  N642>MH4453748          1.00   0.00  0.00  0.00  1.00  0.00  0.00  0.00  0.08  0.00
  N644>MH4429136          1.00   0.00  0.00  0.00  0.99  0.01  0.00  0.00  0.01  0.00
  N645>N339               1.00   0.00  0.00  0.00  1.00  0.00  0.00  0.00  0.18  0.00
  N124>MH4429312          1.00   0.00  0.00  0.00  0.99  0.00  0.00  0.01  0.09  0.00
  N646>MH4452632          1.00   0.00  0.00  0.00  0.96  0.00  0.00  0.04  0.01  0.00
  N647>MH4427312          1.00   0.00  0.00  0.00  0.00  0.00  0.00  1.00  0.00  0.00
  N649>MH4450922          1.00   0.00  0.00  0.00  0.98  0.00  0.00  0.02  0.00  0.00
  MH4449103>MH4449173     1.00   0.00  0.00  0.00  0.99  0.01  0.00  0.00  0.01  0.00
  MH4446883>MH4429656     1.00   0.00  0.00  0.00  1.00  0.00  0.00  0.00  0.05  0.00
  N318>N83                1.00   0.00  0.00  0.00  1.00  0.00  0.00  0.00  1.00  0.00
  N650>N28                1.00   0.00  0.00  0.00  0.00  1.00  0.00  0.00  1.00  0.00
  N552>MH4449704          1.00   0.00  0.00  0.00  1.00  0.00  0.00  0.00  0.07  0.00
  MH4455909>N499          1.00   0.00  0.00  0.00  1.00  0.00  0.00  0.00  0.00  0.00
  MH4451113>N652          1.00   0.00  0.00  0.00  0.00  1.00  0.00  0.00  1.00  0.00
  MH4450100>MH4450180     1.00   0.00  0.00  0.00  0.95  0.00  0.00  0.05  0.95  0.00
  N655>N656               1.00   0.00  0.00  0.00  0.86  0.14  0.00  0.00  1.00  0.00
  N599>MH4448345          1.00   0.00  0.00  0.00  1.00  0.00  0.00  0.00  0.00  0.00
  MH4429323>N658          1.00   0.00  0.00  0.00  0.99  0.01  0.00  0.00  1.00  0.00
  N659>N660               1.00   0.00  0.00  0.00  0.00  1.00  0.00  0.00  1.00  0.00
  MH4449920>N137          1.00   0.00  0.00  0.00  0.00  1.00  0.00  0.00  1.00  0.00
  N662>MH1790382          1.00   0.00  0.00  0.00  1.00  0.00  0.00  0.00  1.00  0.00
  N664>N665               1.00   0.00  0.00  0.00  1.00  0.00  0.00  0.00  1.00  0.00
  N666>MH4455602          1.00   0.00  0.00  0.00  0.00  1.00  0.00  0.00  0.00  0.00
  N668>MH4452902          1.00   0.00  0.00  0.00  0.00  1.00  0.00  0.00  1.00  0.00
  MH4429471>MH4447128     1.00   0.00  0.00  0.00  0.94  0.00  0.00  0.06  0.02  0.00
  N271>MH4455121          1.00   0.00  0.00  0.00  1.00  0.00  0.00  0.00  0.01  0.00
  N670>MH4451886          1.00   0.00  0.00  0.00  0.98  0.00  0.00  0.02  0.01  0.00
  N672>MH4499417          1.00   0.00  0.00  0.00  0.00  0.00  0.00  1.00  0.00  0.00
  N673>N674               1.00   0.00  0.00  0.00  0.00  1.00  0.00  0.00  1.00  0.00
  N675>MH4447394          1.00   0.00  0.00  0.00  0.99  0.00  0.00  0.01  0.02  0.00
  N676>MH4447128          1.00   0.00  0.00  0.00  1.00  0.00  0.00  0.00  0.07  0.00
  MH4501851>MH4501866     1.00   0.00  0.00  0.00  1.00  0.00  0.00  0.00  0.01  0.00
  N677>MH4450802          1.00   0.00  0.00  0.00  0.00  1.00  0.00  0.00  1.00  0.00
  N281>MH4449920          1.00   0.00  0.00  0.00  0.00  1.00  0.00  0.00  0.99  0.00
  MH4447506>N261          1.00   0.00  0.00  0.00  1.00  0.00  0.00  0.00  1.00  0.00
  MH4428245>MH4428606     1.00   0.00  0.00  0.00  0.88  0.12  0.00  0.00  1.00  0.00
  N43>MH4429499           1.00   0.00  0.00  0.00  1.00  0.00  0.00  0.00  0.00  0.00
  MH4447643>MH4447691     1.00   0.00  0.00  0.00  1.00  0.00  0.00  0.00  0.00  0.00
  N683>N280               1.00   0.00  0.00  0.00  0.00  1.00  0.00  0.00  1.00  0.00
  MH4446824>N180          1.00   0.00  0.00  0.00  0.90  0.10  0.00  0.00  0.12  0.00
  MH4447602>MH4429645     1.00   0.00  0.00  0.00  0.88  0.00  0.00  0.12  0.05  0.00
  MH4453770>N615          1.00   0.00  0.00  0.00  1.00  0.00  0.00  0.00  0.00  0.00
  N489>MH4449485          1.00   0.00  0.00  0.00  1.00  0.00  0.00  0.00  1.00  0.00
  N685>N686               1.00   0.00  0.00  0.00  0.00  1.00  0.00  0.00  0.00  0.00
  MH4429499>N578          1.00   0.00  0.00  0.00  1.00  0.00  0.00  0.00  0.00  0.00
  N687>N688               1.00   0.00  0.00  0.00  0.85  0.15  0.00  0.00  1.00  0.00
  N150>MH4500902          1.00   0.00  0.00  0.00  0.00  1.00  0.00  0.00  1.00  0.00
  MH5233531>N690          1.00   0.00  0.00  0.00  0.00  1.00  0.00  0.00  0.99  0.00
  N691>MH4448762          1.00   0.00  0.00  0.00  1.00  0.00  0.00  0.00  0.07  0.00
  N652>N692               1.00   0.00  0.00  0.00  0.00  1.00  0.00  0.00  1.00  0.00
  N693>N675               1.00   0.00  0.00  0.00  0.98  0.02  0.00  0.00  0.02  0.00
  MH4456468>N694          1.00   0.00  0.00  0.00  1.00  0.00  0.00  0.00  1.00  0.00
  N695>MH4428146          1.00   0.00  0.00  0.00  0.00  1.00  0.00  0.00  1.00  0.00
  N698>N699               1.00   0.00  0.00  0.00  1.00  0.00  0.00  0.00  1.00  0.00
  N700>MH4428096          1.00   0.00  0.00  0.00  0.99  0.01  0.00  0.00  0.00  0.00
  N702>MH4450167          1.00   0.00  0.00  0.00  0.93  0.00  0.00  0.07  0.02  0.00
  N704>N705               1.00   0.00  0.00  0.00  0.00  1.00  0.00  0.00  0.99  0.00
  N706>MH5118586          1.00   0.00  0.00  0.00  0.00  0.00  0.00  1.00  0.00  0.00
  MH1630330>MH1630926     1.00   0.00  0.00  0.00  1.00  0.00  0.00  0.00  0.98  0.00
  MH4500043>N434          1.00   0.00  0.00  0.00  0.00  1.00  0.00  0.00  0.99  0.00
  N229>N128               1.00   0.00  0.00  0.00  1.00  0.00  0.00  0.00  1.00  0.00
  MH4454993>MH5233531     1.00   0.00  0.00  0.00  0.00  1.00  0.00  0.00  0.99  0.00
  MH4455762>N270          1.00   0.00  0.00  0.00  0.89  0.10  0.00  0.00  1.00  0.00
  N711>MH4448853          1.00   0.00  0.00  0.00  1.00  0.00  0.00  0.00  0.01  0.00
  MH1626450>MH4501544     1.00   0.00  0.00  0.00  0.97  0.00  0.00  0.03  0.97  0.00
  N713>MH4456551          1.00   0.00  0.00  0.00  1.00  0.00  0.00  0.00  1.00  0.00
  N714>MH4454490          1.00   0.00  0.00  0.00  0.00  1.00  0.00  0.00  1.00  0.00
  N715>MH4454195          1.00   0.00  0.00  0.00  0.93  0.00  0.00  0.07  0.02  0.00
  N716>MH4450077          1.00   0.00  0.00  0.00  0.00  1.00  0.00  0.00  1.00  0.00
  MH4453133>N717          1.00   0.00  0.00  0.00  1.00  0.00  0.00  0.00  0.00  0.00
  N411>MH1629888          1.00   0.00  0.00  0.00  0.98  0.02  0.00  0.00  0.99  0.00
  N719>MH1626578          1.00   0.00  0.00  0.00  1.00  0.00  0.00  0.00  0.99  0.00
  N720>N18                1.00   0.00  0.00  0.00  1.00  0.00  0.00  0.00  1.00  0.00
  MH4427714>N722          1.00   0.00  0.00  0.00  0.00  1.00  0.00  0.00  1.00  0.00
  N723>MH4450314          1.00   0.00  0.00  0.00  0.00  1.00  0.00  0.00  1.00  0.00
  MH4450332>MH4450167     1.00   0.00  0.00  0.00  1.00  0.00  0.00  0.00  0.04  0.00
  N725>MH4498407          1.00   0.00  0.00  0.00  0.00  1.00  0.00  0.00  0.00  0.00
  N717>N53                1.00   0.00  0.00  0.00  1.00  0.00  0.00  0.00  0.13  0.00
  N453>N458               1.00   0.00  0.00  0.00  0.00  1.00  0.00  0.00  0.99  0.00
  N492>MH4427714          1.00   0.00  0.00  0.00  0.00  1.00  0.00  0.00  1.00  0.00
  N726>N727               1.00   0.00  0.00  0.00  0.99  0.01  0.00  0.00  0.01  0.00
  N728>MH1623725          1.00   0.00  0.00  0.00  1.00  0.00  0.00  0.00  1.00  0.00
  MH4450167>MH4449849     1.00   0.00  0.00  0.00  0.99  0.01  0.00  0.00  0.02  0.00
  N729>MH4452952          1.00   0.00  0.00  0.00  1.00  0.00  0.00  0.00  1.00  0.00
  N247>MH1629194          1.00   0.00  0.00  0.00  0.96  0.00  0.00  0.04  0.12  0.00
  N250>N206               1.00   0.00  0.00  0.00  1.00  0.00  0.00  0.00  0.01  0.00
  N734>N735               1.00   0.00  0.00  0.00  0.00  1.00  0.00  0.00  1.00  0.00
  MH4449510>N625          1.00   0.00  0.00  0.00  0.00  1.00  0.00  0.00  0.99  0.00
  N736>MH4449913          1.00   0.00  0.00  0.00  0.96  0.00  0.00  0.04  0.01  0.00
  N737>N738               1.00   0.00  0.00  0.00  0.99  0.01  0.00  0.00  0.05  0.00
  MH4450581>N649          1.00   0.00  0.00  0.00  0.99  0.01  0.00  0.00  0.00  0.00
  N472>MH4455780          1.00   0.00  0.00  0.00  0.00  0.00  0.00  1.00  0.00  0.00
  N741>MH4426188          1.00   0.00  0.00  0.00  0.98  0.02  0.00  0.00  0.03  0.00
  N327>MH4429312          1.00   0.00  0.00  0.00  0.99  0.01  0.00  0.00  0.03  0.00
  N515>MH4426979          1.00   0.00  0.00  0.00  0.00  1.00  0.00  0.00  1.00  0.00
  N745>MH4455191          1.00   0.00  0.00  0.00  0.00  1.00  0.00  0.00  0.00  0.00
  MH4454312>N748          1.00   0.00  0.00  0.00  0.81  0.19  0.00  0.00  1.00  0.00
  N749>MH4455121          1.00   0.00  0.00  0.00  1.00  0.00  0.00  0.00  0.02  0.00
  N750>N700               1.00   0.00  0.00  0.00  0.99  0.01  0.00  0.00  0.00  0.00
  N751>MH4427849          1.00   0.00  0.00  0.00  1.00  0.00  0.00  0.00  1.00  0.00
  N753>MH4452994          1.00   0.00  0.00  0.00  0.92  0.08  0.00  0.00  1.00  0.00
  N754>N34                1.00   0.00  0.00  0.00  1.00  0.00  0.00  0.00  0.99  0.00
  N755>MH4453970          1.00   0.00  0.00  0.00  1.00  0.00  0.00  0.00  0.00  0.00
  N756>MH1625959          1.00   0.00  0.00  0.00  0.00  0.00  0.00  1.00  0.00  0.00
  N427>N758               1.00   0.00  0.00  0.00  0.00  1.00  0.00  0.00  0.98  0.00
  N275>MH4427309          1.00   0.00  0.00  0.00  0.00  1.00  0.00  0.00  1.00  0.00
  N762>MH4447369          1.00   0.00  0.00  0.00  1.00  0.00  0.00  0.00  1.00  0.00
  MH5241467>N691          1.00   0.00  0.00  0.00  1.00  0.00  0.00  0.00  0.08  0.00
  MH4452977>N763          1.00   0.00  0.00  0.00  1.00  0.00  0.00  0.00  0.05  0.00
  N764>MH4429323          1.00   0.00  0.00  0.00  0.99  0.01  0.00  0.00  1.00  0.00
  MH4498291>MH4498454     1.00   0.00  0.00  0.00  0.00  0.00  0.00  1.00  0.00  0.00
  MH4453748>N766          1.00   0.00  0.00  0.00  1.00  0.00  0.00  0.00  0.06  0.00
  MH5164627>N630          1.00   0.00  0.00  0.00  1.00  0.00  0.00  0.00  1.00  0.00
  MH4452724>N768          1.00   0.00  0.00  0.00  1.00  0.00  0.00  0.00  1.00  0.00
  MH4453850>MH4454009     1.00   0.00  0.00  0.00  1.00  0.00  0.00  0.00  0.09  0.00
  N234>N771               1.00   0.00  0.00  0.00  0.00  1.00  0.00  0.00  1.00  0.00
  N772>MH4453031          1.00   0.00  0.00  0.00  1.00  0.00  0.00  0.00  1.00  0.00
  MH1626189>N47           1.00   0.00  0.00  0.00  1.00  0.00  0.00  0.00  0.00  0.00
  N777>N778               1.00   0.00  0.00  0.00  0.00  1.00  0.00  0.00  1.00  0.00
  N779>MH4428606          1.00   0.00  0.00  0.00  0.88  0.01  0.00  0.12  0.88  0.00
  MH4456551>N609          1.00   0.00  0.00  0.00  0.79  0.21  0.00  0.00  0.99  0.00
  N205>N780               1.00   0.00  0.00  0.00  0.00  1.00  0.00  0.00  1.00  0.00
  N781>MH4449118          1.00   0.00  0.00  0.00  0.97  0.01  0.00  0.01  0.07  0.00
  N391>MH4499059          1.00   0.00  0.00  0.00  0.00  1.00  0.00  0.00  1.00  0.00
  N783>N337               1.00   0.00  0.00  0.00  0.00  1.00  0.00  0.00  1.00  0.00
  MH4451673>MH4451871     1.00   0.00  0.00  0.00  1.00  0.00  0.00  0.00  0.03  0.00
  N460>MH4429357          1.00   0.00  0.00  0.00  1.00  0.00  0.00  0.00  0.06  0.00
  MH4454901>N714          1.00   0.00  0.00  0.00  0.00  1.00  0.00  0.00  1.00  0.00
  N363>N446               1.00   0.00  0.00  0.00  1.00  0.00  0.00  0.00  0.00  0.00
  N787>MH4451945          1.00   0.00  0.00  0.00  0.95  0.05  0.00  0.00  0.08  0.00
  N788>MH5241467          1.00   0.00  0.00  0.00  0.92  0.00  0.00  0.08  0.01  0.00
  N789>N670               1.00   0.00  0.00  0.00  1.00  0.00  0.00  0.00  0.05  0.00
  MH4447346>N198          1.00   0.00  0.00  0.00  1.00  0.00  0.00  0.00  0.09  0.00
  MH4455602>MH4455780     1.00   0.00  0.00  0.00  0.00  1.00  0.00  0.00  1.00  0.00
  N501>N791               1.00   0.00  0.00  0.00  0.00  1.00  0.00  0.00  1.00  0.00
  MH4450314>N792          1.00   0.00  0.00  0.00  0.00  1.00  0.00  0.00  1.00  0.00
  MH4427659>X570          1.00   0.00  0.00  0.00  0.00  1.00  0.00  0.00  0.00  0.00
  MH4454376>N794          1.00   0.00  0.00  0.00  1.00  0.00  0.00  0.00  0.00  0.00
  N795>MH4447506          1.00   0.00  0.00  0.00  1.00  0.00  0.00  0.00  1.00  0.00
  MH4450193>MH4450378     1.00   0.00  0.00  0.00  1.00  0.00  0.00  0.00  0.00  0.00
  N796>MH4499059          1.00   0.00  0.00  0.00  0.00  0.00  0.00  1.00  0.00  0.00
  N563>MH4428836          1.00   0.00  0.00  0.00  0.90  0.00  0.00  0.10  0.90  0.00
  MH4428026>N566          1.00   0.00  0.00  0.00  0.00  1.00  0.00  0.00  1.00  0.00
  MH1626578>N89           1.00   0.00  0.00  0.00  1.00  0.00  0.00  0.00  1.00  0.00
  N269>MH4456532          1.00   0.00  0.00  0.00  0.00  1.00  0.00  0.00  1.00  0.00
  N279>MH4454657          1.00   0.00  0.00  0.00  0.99  0.01  0.00  0.00  0.99  0.00
  MH4453098>N798          1.00   0.00  0.00  0.00  1.00  0.00  0.00  0.00  0.00  0.00
  N799>MH4428836          1.00   0.00  0.00  0.00  0.89  0.00  0.00  0.11  0.02  0.00
  MH4502097>MH4502186     1.00   0.00  0.00  0.00  1.00  0.00  0.00  0.00  0.02  0.00
  MH4499323>N783          1.00   0.00  0.00  0.00  0.00  1.00  0.00  0.00  1.00  0.00
  N778>MH4456108          1.00   0.00  0.00  0.00  0.00  0.00  0.00  1.00  0.00  0.00
  N801>N612               1.00   0.00  0.00  0.00  0.00  1.00  0.00  0.00  1.00  0.00
  N804>MH1626189          1.00   0.00  0.00  0.00  1.00  0.00  0.00  0.00  0.00  0.00
  MH4500625>N806          1.00   0.00  0.00  0.00  1.00  0.00  0.00  0.00  0.99  0.00
  MH4499048>N807          1.00   0.00  0.00  0.00  0.00  1.00  0.00  0.00  1.00  0.00
  N808>N809               1.00   0.00  0.00  0.00  1.00  0.00  0.00  0.00  1.00  0.00
  N611>MH4454411          1.00   0.00  0.00  0.00  0.87  0.00  0.00  0.13  0.07  0.00
  MH4429420>N296          1.00   0.00  0.00  0.00  0.00  1.00  0.00  0.00  1.00  0.00
  MH4449330>N683          1.00   0.00  0.00  0.00  0.00  1.00  0.00  0.00  1.00  0.00
  N811>MH4451143          1.00   0.00  0.00  0.00  0.93  0.00  0.00  0.07  0.02  0.00
  MH4455516>N567          1.00   0.00  0.00  0.00  1.00  0.00  0.00  0.00  1.00  0.00
  N294>N814               1.00   0.00  0.00  0.00  0.00  1.00  0.00  0.00  1.00  0.00
  MH4455429>N650          1.00   0.00  0.00  0.00  0.00  1.00  0.00  0.00  1.00  0.00
  N815>MH4452081          1.00   0.00  0.00  0.00  0.00  1.00  0.00  0.00  0.00  0.00
  MH4454009>MH4454195     1.00   0.00  0.00  0.00  0.92  0.00  0.00  0.08  0.01  0.00
  N816>MH4428797          1.00   0.00  0.00  0.00  0.00  1.00  0.00  0.00  1.00  0.00
  N817>MH4450396          1.00   0.00  0.00  0.00  1.00  0.00  0.00  0.00  1.00  0.00
  MH4447691>N819          1.00   0.00  0.00  0.00  1.00  0.00  0.00  0.00  0.01  0.00
  MH4499059>N619          1.00   0.00  0.00  0.00  0.00  1.00  0.00  0.00  0.99  0.00
  MH4499406>MH4499729     1.00   0.00  0.00  0.00  0.00  1.00  0.00  0.00  0.99  0.00
  N101>MH4456777          1.00   0.00  0.00  0.00  0.00  1.00  0.00  0.00  0.98  0.00
  N792>N822               1.00   0.00  0.00  0.00  0.00  1.00  0.00  0.00  1.00  0.00
  N823>MH4428638          1.00   0.00  0.00  0.00  1.00  0.00  0.00  0.00  1.00  0.00
  MH4428426>N816          1.00   0.00  0.00  0.00  0.00  1.00  0.00  0.00  1.00  0.00
  MH8707824>N827          1.00   0.00  0.00  0.00  0.00  1.00  0.00  0.00  1.00  0.00
  MH4452397>N632          1.00   0.00  0.00  0.00  0.00  1.00  0.00  0.00  1.00  0.00
  N828>N408               1.00   0.00  0.00  0.00  1.00  0.00  0.00  0.00  0.06  0.00
  N829>MH4449882          1.00   0.00  0.00  0.00  1.00  0.00  0.00  0.00  0.06  0.00
  N830>MH4454398          1.00   0.00  0.00  0.00  0.00  0.00  0.00  1.00  0.00  0.00
  N832>MH4452952          1.00   0.00  0.00  0.00  0.00  1.00  0.00  0.00  1.00  0.00
  MH4450211>N833          1.00   0.00  0.00  0.00  0.00  1.00  0.00  0.00  1.00  0.00
  N834>MH4453185          1.00   0.00  0.00  0.00  0.99  0.01  0.00  0.00  0.07  0.00
  N836>MH4452721          1.00   0.00  0.00  0.00  0.00  0.00  0.00  1.00  0.00  0.00
  N837>N616               1.00   0.00  0.00  0.00  1.00  0.00  0.00  0.00  0.06  0.00
  N838>N772               1.00   0.00  0.00  0.00  0.00  1.00  0.00  0.00  1.00  0.00
  N839>N840               1.00   0.00  0.00  0.00  1.00  0.00  0.00  0.00  0.00  0.00
  N224>N706               1.00   0.00  0.00  0.00  0.00  1.00  0.00  0.00  1.00  0.00
  N674>MH4450847          1.00   0.00  0.00  0.00  0.00  1.00  0.00  0.00  0.99  0.00
  MH4429544>MH4429656     1.00   0.00  0.00  0.00  0.95  0.00  0.00  0.05  0.01  0.00
  N842>MH4428583          1.00   0.00  0.00  0.00  0.86  0.14  0.00  0.00  1.00  0.00
  N845>MH4455943          1.00   0.00  0.00  0.00  1.00  0.00  0.00  0.00  1.00  0.00
  MH4453047>N49           1.00   0.00  0.00  0.00  0.00  1.00  0.00  0.00  1.00  0.00
  N768>N847               1.00   0.00  0.00  0.00  0.00  1.00  0.00  0.00  0.99  0.00
  MH4426728>N447          1.00   0.00  0.00  0.00  1.00  0.00  0.00  0.00  0.00  0.00
  N849>MH4450180          1.00   0.00  0.00  0.00  1.00  0.00  0.00  0.00  0.05  0.00
  MH4427425>MH4427741     1.00   0.00  0.00  0.00  0.00  0.00  0.00  1.00  0.00  0.00
  N763>N851               1.00   0.00  0.00  0.00  1.00  0.00  0.00  0.00  0.03  0.00
  MH1790382>N244          1.00   0.00  0.00  0.00  1.00  0.00  0.00  0.00  1.00  0.00
  N158>N210               1.00   0.00  0.00  0.00  1.00  0.00  0.00  0.00  0.00  0.00
  MH4451531>MH4451759     1.00   0.00  0.00  0.00  0.00  1.00  0.00  0.00  0.00  0.00
  N419>MH4451207          1.00   0.00  0.00  0.00  0.99  0.00  0.00  0.01  0.01  0.00
  MH4429320>N853          1.00   0.00  0.00  0.00  1.00  0.00  0.00  0.00  0.12  0.00
  N332>MH1627084          1.00   0.00  0.00  0.00  1.00  0.00  0.00  0.00  1.00  0.00
  N854>N228               1.00   0.00  0.00  0.00  1.00  0.00  0.00  0.00  1.00  0.00
  N855>MH4500254          1.00   0.00  0.00  0.00  0.99  0.01  0.00  0.00  1.00  0.00
  N533>MH1623974          1.00   0.00  0.00  0.00  1.00  0.00  0.00  0.00  1.00  0.00
  MH4449485>MH4449510     1.00   0.00  0.00  0.00  0.00  0.00  0.00  1.00  0.00  0.00
  N209>MH4452541          1.00   0.00  0.00  0.00  0.96  0.04  0.00  0.00  0.02  0.00
  N64>MH4453098           1.00   0.00  0.00  0.00  0.97  0.00  0.00  0.03  0.00  0.00
  N536>MH4450391          1.00   0.00  0.00  0.00  1.00  0.00  0.00  0.00  0.03  0.00
  MH4454640>N745          1.00   0.00  0.00  0.00  0.99  0.01  0.00  0.00  0.99  0.00
  N857>MH4427688          1.00   0.00  0.00  0.00  0.00  1.00  0.00  0.00  1.00  0.00
  N858>MH4426728          1.00   0.00  0.00  0.00  1.00  0.00  0.00  0.00  0.00  0.00
  MH1624494>N534          1.00   0.00  0.00  0.00  1.00  0.00  0.00  0.00  0.99  0.00
  N738>MH4449796          1.00   0.00  0.00  0.00  1.00  0.00  0.00  0.00  0.05  0.00
  N862>N863               1.00   0.00  0.00  0.00  1.00  0.00  0.00  0.00  1.00  0.00
  N865>N753               1.00   0.00  0.00  0.00  0.00  1.00  0.00  0.00  0.99  0.00
  MH4450269>N133          1.00   0.00  0.00  0.00  0.00  1.00  0.00  0.00  1.00  0.00
  MH4447355>MH4448029     1.00   0.00  0.00  0.00  0.00  0.00  0.00  1.00  0.00  0.00
  N869>N865               1.00   0.00  0.00  0.00  0.00  1.00  0.00  0.00  0.00  0.00
  MH4452680>MH4453098     1.00   0.00  0.00  0.00  1.00  0.00  0.00  0.00  0.01  0.00
  MH4428268>N870          1.00   0.00  0.00  0.00  0.87  0.13  0.00  0.00  0.40  0.00
  N871>N401               1.00   0.00  0.00  0.00  0.99  0.01  0.00  0.00  0.98  0.00
  N873>N874               1.00   0.00  0.00  0.00  1.00  0.00  0.00  0.00  1.00  0.00
  MH4428146>N842          1.00   0.00  0.00  0.00  0.00  1.00  0.00  0.00  1.00  0.00
  MH4428800>MH4428606     1.00   0.00  0.00  0.00  0.88  0.00  0.00  0.12  0.88  0.00
  N694>N875               1.00   0.00  0.00  0.00  1.00  0.00  0.00  0.00  1.00  0.00
  MH4452462>N877          1.00   0.00  0.00  0.00  1.00  0.00  0.00  0.00  0.02  0.00
  N878>MH4448626          1.00   0.00  0.00  0.00  0.00  1.00  0.00  0.00  0.99  0.00
  MH1629194>N158          1.00   0.00  0.00  0.00  1.00  0.00  0.00  0.00  0.02  0.00
  N97>MH4449785           1.00   0.00  0.00  0.00  0.98  0.00  0.00  0.02  0.01  0.00
  N722>MH4428137          1.00   0.00  0.00  0.00  0.00  1.00  0.00  0.00  0.99  0.00
  MH1630702>MH1630330     1.00   0.00  0.00  0.00  0.99  0.00  0.00  0.01  0.99  0.00
  MH4451823>N183          1.00   0.00  0.00  0.00  0.93  0.07  0.00  0.00  0.00  0.00
  N886>MH4447684          1.00   0.00  0.00  0.00  0.00  1.00  0.00  0.00  0.00  0.00
  N887>MH4501201          1.00   0.00  0.00  0.00  0.00  1.00  0.00  0.00  0.99  0.00
  N116>N888               1.00   0.00  0.00  0.00  1.00  0.00  0.00  0.00  0.10  0.00
  N890>MH4454640          1.00   0.00  0.00  0.00  0.00  0.99  0.00  0.01  0.99  0.00
  MH4454116>MH4454376     1.00   0.00  0.00  0.00  1.00  0.00  0.00  0.00  0.03  0.00
  MH4428765>MH4428713     1.00   0.00  0.00  0.00  0.88  0.00  0.00  0.12  0.01  0.00
  MH4428797>MH4429013     1.00   0.00  0.00  0.00  0.98  0.01  0.00  0.01  0.99  0.00
  N892>MH4449083          1.00   0.00  0.00  0.00  1.00  0.00  0.00  0.00  1.00  0.00
  MH1627682>N597          1.00   0.00  0.00  0.00  1.00  0.00  0.00  0.00  1.00  0.00
  N893>N804               1.00   0.00  0.00  0.00  1.00  0.00  0.00  0.00  0.00  0.00
  MH4451092>N596          1.00   0.00  0.00  0.00  0.00  1.00  0.00  0.00  1.00  0.00
  N894>MH4451468          1.00   0.00  0.00  0.00  1.00  0.00  0.00  0.00  0.06  0.00
  N197>MH4450193          1.00   0.00  0.00  0.00  1.00  0.00  0.00  0.00  0.01  0.00
  N895>MH4452110          1.00   0.00  0.00  0.00  1.00  0.00  0.00  0.00  0.08  0.00
  N658>MH4428968          1.00   0.00  0.00  0.00  0.99  0.01  0.00  0.00  0.99  0.00
  N122>MH4500043          1.00   0.00  0.00  0.00  0.00  1.00  0.00  0.00  0.00  0.00
  N322>MH4455909          1.00   0.00  0.00  0.00  0.97  0.00  0.00  0.03  0.11  0.00
  N863>MH4428836          1.00   0.00  0.00  0.00  1.00  0.00  0.00  0.00  1.00  0.00
  N595>MH4500689          1.00   0.00  0.00  0.00  1.00  0.00  0.00  0.00  1.00  0.00
  N899>N666               1.00   0.00  0.00  0.00  0.00  1.00  0.00  0.00  1.00  0.00
  MH4452952>MH4452980     1.00   0.00  0.00  0.00  0.00  0.00  0.00  1.00  0.00  0.00
  MH4452110>MH4452032     1.00   0.00  0.00  0.00  0.93  0.00  0.00  0.07  0.00  0.00
  MH4500902>N887          1.00   0.00  0.00  0.00  0.00  1.00  0.00  0.00  0.98  0.00
  N382>N389               1.00   0.00  0.00  0.00  0.00  1.00  0.00  0.00  0.99  0.00
  MH1623436>N372          1.00   0.00  0.00  0.00  0.00  1.00  0.00  0.00  1.00  0.00
  N142>N139               1.00   0.00  0.00  0.00  1.00  0.00  0.00  0.00  0.06  0.00
  MH4427741>N113          1.00   0.00  0.00  0.00  0.00  1.00  0.00  0.00  1.00  0.00
  MH4454395>MH4454718     1.00   0.00  0.00  0.00  0.00  0.00  0.00  1.00  0.00  0.00
  MH4428096>N143          1.00   0.00  0.00  0.00  1.00  0.00  0.00  0.00  0.00  0.00
  MH4426673>X902          1.00   0.00  0.00  0.00  0.00  1.00  0.00  0.00  0.00  0.00
  N903>MH4500625          1.00   0.00  0.00  0.00  1.00  0.00  0.00  0.00  1.00  0.00
  MH1630926>MH1631514     1.00   0.00  0.00  0.00  0.96  0.00  0.00  0.04  0.96  0.00
  N690>N321               1.00   0.00  0.00  0.00  0.00  1.00  0.00  0.00  0.99  0.00
  N699>MH4449485          1.00   0.00  0.00  0.00  1.00  0.00  0.00  0.00  1.00  0.00
  MH4451840>MH4451673     1.00   0.00  0.00  0.00  1.00  0.00  0.00  0.00  0.04  0.00
  MH4449866>N582          1.00   0.00  0.00  0.00  0.95  0.05  0.00  0.00  0.08  0.00
  N771>MH4446824          1.00   0.00  0.00  0.00  0.99  0.01  0.00  0.00  1.00  0.00
  N468>MH4427312          1.00   0.00  0.00  0.00  0.99  0.01  0.00  0.00  1.00  0.00
  MH4449011>N906          1.00   0.00  0.00  0.00  1.00  0.00  0.00  0.00  0.01  0.00
  MH4426971>N274          1.00   0.00  0.00  0.00  1.00  0.00  0.00  0.00  1.00  0.00
  MH4452760>N908          1.00   0.00  0.00  0.00  1.00  0.00  0.00  0.00  1.00  0.00
  N909>MH4447668          1.00   0.00  0.00  0.00  1.00  0.00  0.00  0.00  0.09  0.00
  N365>MH4449510          1.00   0.00  0.00  0.00  1.00  0.00  0.00  0.00  1.00  0.00
  N154>MH1625316          1.00   0.00  0.00  0.00  0.99  0.00  0.00  0.00  1.00  0.00
  N853>MH4429471          1.00   0.00  0.00  0.00  0.99  0.01  0.00  0.00  0.10  0.00
  N618>N828               1.00   0.00  0.00  0.00  1.00  0.00  0.00  0.00  0.07  0.00
  N258>MH4448929          1.00   0.00  0.00  0.00  0.96  0.00  0.00  0.04  0.02  0.00
  N660>MH4428713          1.00   0.00  0.00  0.00  1.00  0.00  0.00  0.00  1.00  0.00
  N912>N913               1.00   0.00  0.00  0.00  0.00  1.00  0.00  0.00  1.00  0.00
  N914>MH4429107          1.00   0.00  0.00  0.00  0.99  0.01  0.00  0.00  0.08  0.00
  N915>MH4429499          1.00   0.00  0.00  0.00  1.00  0.00  0.00  0.00  0.03  0.00
  N827>N713               1.00   0.00  0.00  0.00  0.00  1.00  0.00  0.00  0.99  0.00
  MH4449321>N736          1.00   0.00  0.00  0.00  0.99  0.01  0.00  0.00  0.04  0.00
  N916>MH4448392          1.00   0.00  0.00  0.00  1.00  0.00  0.00  0.00  1.00  0.00
  MH4449635>N522          1.00   0.00  0.00  0.00  0.00  1.00  0.00  0.00  0.99  0.00
  MH4448474>N737          1.00   0.00  0.00  0.00  0.99  0.01  0.00  0.00  0.05  0.00
  MH4429086>N184          1.00   0.00  0.00  0.00  0.00  1.00  0.00  0.00  0.99  0.00
  N919>N871               1.00   0.00  0.00  0.00  1.00  0.00  0.00  0.00  0.98  0.00
  N847>MH4453124          1.00   0.00  0.00  0.00  0.00  0.00  0.00  1.00  0.00  0.00
  MH4320244>N569          1.00   0.00  0.00  0.00  1.00  0.00  0.00  0.00  0.99  0.00
  N921>MH4454116          1.00   0.00  0.00  0.00  0.97  0.00  0.00  0.03  0.02  0.00
  N550>N922               1.00   0.00  0.00  0.00  1.00  0.00  0.00  0.00  0.00  0.00
  N314>N923               1.00   0.00  0.00  0.00  0.97  0.03  0.00  0.00  0.10  0.00
  N171>MH4453489          1.00   0.00  0.00  0.00  0.96  0.00  0.00  0.04  0.01  0.00
  MH4447668>N465          1.00   0.00  0.00  0.00  1.00  0.00  0.00  0.00  0.09  0.00
  MH4452071>N869          1.00   0.00  0.00  0.00  0.00  1.00  0.00  0.00  0.99  0.00
  N924>MH4429645          1.00   0.00  0.00  0.00  0.88  0.12  0.00  0.00  0.14  0.00
  MH4455191>N592          1.00   0.00  0.00  0.00  0.00  1.00  0.00  0.00  0.99  0.00
  N925>MH4429420          1.00   0.00  0.00  0.00  0.00  1.00  0.00  0.00  0.99  0.00
  N926>N387               1.00   0.00  0.00  0.00  0.99  0.01  0.00  0.00  0.99  0.00
  N929>N38                1.00   0.00  0.00  0.00  1.00  0.00  0.00  0.00  0.00  0.00
  MH1624202>MH1624494     1.00   0.00  0.00  0.00  1.00  0.00  0.00  0.00  1.00  0.00
  N870>MH4428636          1.00   0.00  0.00  0.00  0.92  0.08  0.00  0.00  0.12  0.00
  MH4450396>N673          1.00   0.00  0.00  0.00  0.00  1.00  0.00  0.00  1.00  0.00
  MH4453185>MH4453098     1.00   0.00  0.00  0.00  0.97  0.00  0.00  0.03  0.01  0.00
  N464>MH4448474          1.00   0.00  0.00  0.00  0.99  0.01  0.00  0.00  1.00  0.00
  MH4447726>N930          1.00   0.00  0.00  0.00  1.00  0.00  0.00  0.00  0.03  0.00
  N931>MH4449704          1.00   0.00  0.00  0.00  0.96  0.00  0.00  0.04  0.05  0.00
  MH4451287>N787          1.00   0.00  0.00  0.00  0.90  0.10  0.00  0.00  0.98  0.00
  MH4453031>N926          1.00   0.00  0.00  0.00  1.00  0.00  0.00  0.00  1.00  0.00
  N888>MH4502186          1.00   0.00  0.00  0.00  0.96  0.00  0.00  0.04  0.02  0.00
  MH4452946>N20           1.00   0.00  0.00  0.00  1.00  0.00  0.00  0.00  0.00  0.00
  N487>N704               1.00   0.00  0.00  0.00  0.00  1.00  0.00  0.00  0.99  0.00
  MH4450920>MH4451113     1.00   0.00  0.00  0.00  0.00  1.00  0.00  0.00  0.00  0.00
  MH4429268>MH4429468     1.00   0.00  0.00  0.00  0.93  0.00  0.00  0.07  0.02  0.00
  N908>MH4452946          1.00   0.00  0.00  0.00  1.00  0.00  0.00  0.00  1.00  0.00
  N573>MH4452071          1.00   0.00  0.00  0.00  1.00  0.00  0.00  0.00  1.00  0.00
  N299>N607               1.00   0.00  0.00  0.00  0.00  1.00  0.00  0.00  0.00  0.00
  N466>MH4429179          1.00   0.00  0.00  0.00  0.94  0.00  0.00  0.06  0.02  0.00
  N938>MH4429019          1.00   0.00  0.00  0.00  0.00  0.00  0.00  1.00  0.00  0.00
  MH4427312>N857          1.00   0.00  0.00  0.00  0.00  1.00  0.00  0.00  1.00  0.00
  N688>N915               1.00   0.00  0.00  0.00  0.96  0.04  0.00  0.00  0.15  0.00
  N939>MH1624202          1.00   0.00  0.00  0.00  1.00  0.00  0.00  0.00  1.00  0.00
  N758>MH4451287          1.00   0.00  0.00  0.00  0.00  1.00  0.00  0.00  1.00  0.00
  N940>MH4449796          1.00   0.00  0.00  0.00  0.99  0.01  0.00  0.00  0.11  0.00
  N267>MH4455813          1.00   0.00  0.00  0.00  0.00  0.00  0.00  1.00  0.00  0.00
  N605>MH4449806          1.00   0.00  0.00  0.00  0.95  0.00  0.00  0.05  0.01  0.00
  MH4426188>N726          1.00   0.00  0.00  0.00  0.99  0.01  0.00  0.00  0.02  0.00
  MH4500689>N941          1.00   0.00  0.00  0.00  1.00  0.00  0.00  0.00  0.98  0.00
  N942>N106               1.00   0.00  0.00  0.00  1.00  0.00  0.00  0.00  0.00  0.00
  MH4451870>MH4452189     1.00   0.00  0.00  0.00  0.98  0.00  0.00  0.02  0.02  0.00
  N589>N944               1.00   0.00  0.00  0.00  0.00  1.00  0.00  0.00  0.99  0.00
  MH4453213>N929          1.00   0.00  0.00  0.00  1.00  0.00  0.00  0.00  0.00  0.00
  N851>MH4452462          1.00   0.00  0.00  0.00  1.00  0.00  0.00  0.00  0.04  0.00
  N930>MH4449103          1.00   0.00  0.00  0.00  0.99  0.01  0.00  0.00  0.01  0.00
  MH4428067>N10           1.00   0.00  0.00  0.00  0.00  1.00  0.00  0.00  1.00  0.00
  N705>MH4453837          1.00   0.00  0.00  0.00  0.00  1.00  0.00  0.00  0.99  0.00
  N187>N544               1.00   0.00  0.00  0.00  0.00  1.00  0.00  0.00  1.00  0.00
  MH4455121>N942          1.00   0.00  0.00  0.00  1.00  0.00  0.00  0.00  0.00  0.00
  MH4451967>MH4452154     1.00   0.00  0.00  0.00  0.95  0.00  0.00  0.05  0.01  0.00
  MH4448813>MH4449503     1.00   0.00  0.00  0.00  1.00  0.00  0.00  0.00  0.17  0.00
  N686>MH4428139          1.00   0.00  0.00  0.00  0.00  0.00  0.00  1.00  0.00  0.00
  N941>N950               1.00   0.00  0.00  0.00  1.00  0.00  0.00  0.00  0.98  0.00
  N951>MH8707824          1.00   0.00  0.00  0.00  1.00  0.00  0.00  0.00  0.00  0.00
  MH4453837>N645          1.00   0.00  0.00  0.00  1.00  0.00  0.00  0.00  0.99  0.00
  N952>MH4453970          1.00   0.00  0.00  0.00  1.00  0.00  0.00  0.00  0.08  0.00
  MH4454125>N755          1.00   0.00  0.00  0.00  1.00  0.00  0.00  0.00  0.00  0.00
  MH4428188>N562          1.00   0.00  0.00  0.00  0.00  1.00  0.00  0.00  1.00  0.00
  MH4454657>N899          1.00   0.00  0.00  0.00  0.00  1.00  0.00  0.00  0.99  0.00
  N510>N925               1.00   0.00  0.00  0.00  0.00  1.00  0.00  0.00  1.00  0.00
  N220>N394               1.00   0.00  0.00  0.00  0.94  0.06  0.00  0.00  1.00  0.00
  MH4428636>N954          1.00   0.00  0.00  0.00  0.93  0.07  0.00  0.00  0.07  0.00
  MH4449778>MH4450137     1.00   0.00  0.00  0.00  0.99  0.00  0.00  0.01  0.06  0.00
  N956>MH4450332          1.00   0.00  0.00  0.00  1.00  0.00  0.00  0.00  0.04  0.00
  MH1629888>MH1630330     1.00   0.00  0.00  0.00  0.00  0.00  0.00  1.00  0.00  0.00
  MH4500422>N600          1.00   0.00  0.00  0.00  0.00  1.00  0.00  0.00  1.00  0.00
  N957>MH4428026          1.00   0.00  0.00  0.00  0.00  0.00  0.00  1.00  0.00  0.00
  N814>N406               1.00   0.00  0.00  0.00  0.00  1.00  0.00  0.00  0.99  0.00
  N877>MH4451886          1.00   0.00  0.00  0.00  0.98  0.00  0.00  0.02  0.01  0.00
  N906>MH4449913          1.00   0.00  0.00  0.00  1.00  0.00  0.00  0.00  0.02  0.00
  N35>MH4320104           1.00   0.00  0.00  0.00  1.00  0.00  0.00  0.00  1.00  0.00
  N959>N345               1.00   0.00  0.00  0.00  1.00  0.00  0.00  0.00  0.09  0.00
  N960>N961               1.00   0.00  0.00  0.00  1.00  0.00  0.00  0.00  1.00  0.00
  N962>MH4451058          1.00   0.00  0.00  0.00  0.00  0.00  0.00  1.00  0.00  0.00
  MH4453788>MH4453850     1.00   0.00  0.00  0.00  1.00  0.00  0.00  0.00  0.10  0.00
  N963>MH4453579          1.00   0.00  0.00  0.00  1.00  0.00  0.00  0.00  0.01  0.00
  N964>MH4429179          1.00   0.00  0.00  0.00  0.99  0.00  0.00  0.01  0.06  0.00
  MH4450847>N216          1.00   0.00  0.00  0.00  0.00  1.00  0.00  0.00  1.00  0.00
  N507>MH4320244          1.00   0.00  0.00  0.00  1.00  0.00  0.00  0.00  0.99  0.00
  MH8963773>MH4447452     1.00   0.00  0.00  0.00  1.00  0.00  0.00  0.00  0.01  0.00
  N966>MH4451516          1.00   0.00  0.00  0.00  0.00  0.00  0.00  1.00  0.00  0.00
  MH4450531>N422          1.00   0.00  0.00  0.00  0.98  0.02  0.00  0.00  0.01  0.00
  N656>MH4447880          1.00   0.00  0.00  0.00  1.00  0.00  0.00  0.00  0.14  0.00
  N954>MH4429013          1.00   0.00  0.00  0.00  1.00  0.00  0.00  0.00  0.06  0.00
  N147>N119               1.00   0.00  0.00  0.00  0.00  1.00  0.00  0.00  1.00  0.00
  N334>MH4452680          1.00   0.00  0.00  0.00  0.98  0.00  0.00  0.02  0.01  0.00
  N967>MH4452011          1.00   0.00  0.00  0.00  1.00  0.00  0.00  0.00  0.02  0.00
  N806>MH4501866          1.00   0.00  0.00  0.00  0.85  0.00  0.00  0.15  0.84  0.00
  N735>N968               1.00   0.00  0.00  0.00  0.00  1.00  0.00  0.00  1.00  0.00
  N346>MH4429179          1.00   0.00  0.00  0.00  1.00  0.00  0.00  0.00  0.07  0.00
  MH4454195>MH4454125     1.00   0.00  0.00  0.00  1.00  0.00  0.00  0.00  0.06  0.00
  MH4447452>N711          1.00   0.00  0.00  0.00  1.00  0.00  0.00  0.00  0.02  0.00
  N791>N486               1.00   0.00  0.00  0.00  0.00  1.00  0.00  0.00  0.99  0.00
  MH4427588>N750          1.00   0.00  0.00  0.00  0.99  0.01  0.00  0.00  0.00  0.00
  MH4448029>N255          1.00   0.00  0.00  0.00  0.00  0.00  0.00  1.00  0.00  0.00
  N913>N886               1.00   0.00  0.00  0.00  0.00  1.00  0.00  0.00  1.00  0.00
  N181>MH4448474          1.00   0.00  0.00  0.00  1.00  0.00  0.00  0.00  0.08  0.00
  N961>N719               1.00   0.00  0.00  0.00  1.00  0.00  0.00  0.00  0.99  0.00
  N970>N971               1.00   0.00  0.00  0.00  1.00  0.00  0.00  0.00  1.00  0.00
  N972>N720               1.00   0.00  0.00  0.00  1.00  0.00  0.00  0.00  1.00  0.00
  MH4428583>N914          1.00   0.00  0.00  0.00  0.99  0.01  0.00  0.00  0.13  0.00
  N809>MH1625395          1.00   0.00  0.00  0.00  1.00  0.00  0.00  0.00  1.00  0.00
  MH4451333>N633          1.00   0.00  0.00  0.00  0.00  1.00  0.00  0.00  1.00  0.00
  N794>N749               1.00   0.00  0.00  0.00  1.00  0.00  0.00  0.00  0.00  0.00
  N840>MH1624017          1.00   0.00  0.00  0.00  0.00  1.00  0.00  0.00  0.99  0.00
  MH4500035>N919          1.00   0.00  0.00  0.00  1.00  0.00  0.00  0.00  0.98  0.00
  N974>MH4452809          1.00   0.00  0.00  0.00  1.00  0.00  0.00  0.00  0.05  0.00
  N975>N976               1.00   0.00  0.00  0.00  1.00  0.00  0.00  0.00  0.11  0.00
  MH4454718>MH4454876     1.00   0.00  0.00  0.00  0.00  1.00  0.00  0.00  0.99  0.00
  N470>N471               1.00   0.00  0.00  0.00  0.01  0.99  0.00  0.00  1.00  0.00
  N50>MH4453553           1.00   0.00  0.00  0.00  0.00  0.00  0.00  1.00  0.00  0.00
  N780>N155               1.00   0.00  0.00  0.00  0.00  1.00  0.00  0.00  1.00  0.00
  MH4451468>MH4452154     1.00   0.00  0.00  0.00  1.00  0.00  0.00  0.00  0.05  0.00
  MH4452632>N967          1.00   0.00  0.00  0.00  1.00  0.00  0.00  0.00  0.04  0.00
  N727>MH4426728          1.00   0.00  0.00  0.00  1.00  0.00  0.00  0.00  0.00  0.00
  N950>MH4501851          1.00   0.00  0.00  0.00  0.85  0.00  0.00  0.15  0.34  0.00
  N600>N149               1.00   0.00  0.00  0.00  0.00  1.00  0.00  0.00  0.98  0.00
  MH1624769>N893          1.00   0.00  0.00  0.00  1.00  0.00  0.00  0.00  0.01  0.00
  N822>N240               1.00   0.00  0.00  0.00  0.00  1.00  0.00  0.00  1.00  0.00
  N766>N921               1.00   0.00  0.00  0.00  1.00  0.00  0.00  0.00  0.05  0.00
  MH1625316>N756          1.00   0.00  0.00  0.00  1.00  0.00  0.00  0.00  0.99  0.00
  MH4426979>N647          1.00   0.00  0.00  0.00  0.00  1.00  0.00  0.00  1.00  0.00
  N456>N839               1.00   0.00  0.00  0.00  0.00  1.00  0.00  0.00  1.00  0.00
  N446>MH4454312          1.00   0.00  0.00  0.00  0.00  1.00  0.00  0.00  1.00  0.00
  MH4428968>N977          1.00   0.00  0.00  0.00  0.00  1.00  0.00  0.00  0.99  0.00
  N978>N695               1.00   0.00  0.00  0.00  0.00  1.00  0.00  0.00  1.00  0.00
  N807>N672               1.00   0.00  0.00  0.00  0.00  1.00  0.00  0.00  1.00  0.00
  N610>MH4455909          1.00   0.00  0.00  0.00  0.97  0.00  0.00  0.03  0.10  0.00
  N979>N980               1.00   0.00  0.00  0.00  0.99  0.01  0.00  0.00  1.00  0.00
  N418>N487               1.00   0.00  0.00  0.00  0.00  0.00  0.00  1.00  0.00  0.00
  N364>N912               1.00   0.00  0.00  0.00  0.00  1.00  0.00  0.00  0.00  0.00
  N593>N878               1.00   0.00  0.00  0.00  0.00  1.00  0.00  0.00  0.99  0.00
  MH4450776>MH4450378     1.00   0.00  0.00  0.00  0.98  0.00  0.00  0.02  0.05  0.00
  MH4429107>N325          1.00   0.00  0.00  0.00  1.00  0.00  0.00  0.00  0.06  0.00
  MH4456777>N574          1.00   0.00  0.00  0.00  0.00  1.00  0.00  0.00  0.99  0.00
  N923>N250               1.00   0.00  0.00  0.00  0.97  0.00  0.00  0.03  0.00  0.00
  N265>MH8963773          1.00   0.00  0.00  0.00  1.00  0.00  0.00  0.00  0.03  0.00
  MH4427849>MH4428245     1.00   0.00  0.00  0.00  0.00  1.00  0.00  0.00  1.00  0.00
  MH4455813>MH4455808     1.00   0.00  0.00  0.00  1.00  0.00  0.00  0.00  0.00  0.00
  N944>MH4499116          1.00   0.00  0.00  0.00  0.00  1.00  0.00  0.00  1.00  0.00
  MH4454398>N298          1.00   0.00  0.00  0.00  1.00  0.00  0.00  0.00  1.00  0.00
  N874>N836               1.00   0.00  0.00  0.00  1.00  0.00  0.00  0.00  1.00  0.00
  N397>N188               1.00   0.00  0.00  0.00  0.91  0.09  0.00  0.00  0.10  0.00
  MH4428638>N938          1.00   0.00  0.00  0.00  1.00  0.00  0.00  0.00  0.99  0.00
  N875>N151               1.00   0.00  0.00  0.00  0.00  1.00  0.00  0.00  0.99  0.00
  MH4453095>N170          1.00   0.00  0.00  0.00  1.00  0.00  0.00  0.00  0.08  0.00
  N984>MH4447346          1.00   0.00  0.00  0.00  0.91  0.09  0.00  0.00  0.11  0.00
  MH4450802>MH4450920     1.00   0.00  0.00  0.00  0.00  0.00  0.00  1.00  0.00  0.00
  N833>N940               1.00   0.00  0.00  0.00  0.88  0.12  0.00  0.00  1.00  0.00
  MH4449796>N439          1.00   0.00  0.00  0.00  0.99  0.01  0.00  0.00  0.03  0.00
  N985>N159               1.00   0.00  0.00  0.00  1.00  0.00  0.00  0.00  1.00  0.00
  N819>MH4449011          1.00   0.00  0.00  0.00  1.00  0.00  0.00  0.00  0.00  0.00
  MH4428320>N823          1.00   0.00  0.00  0.00  1.00  0.00  0.00  0.00  0.99  0.00
  N986>N685               1.00   0.00  0.00  0.00  1.00  0.00  0.00  0.00  1.00  0.00
  N987>N699               1.00   0.00  0.00  0.00  0.00  1.00  0.00  0.00  0.00  0.00
  N922>MH4454116          1.00   0.00  0.00  0.00  1.00  0.00  0.00  0.00  0.01  0.00
  N977>MH4428524          1.00   0.00  0.00  0.00  0.99  0.00  0.00  0.01  0.99  0.00
  MH4455943>N248          1.00   0.00  0.00  0.00  1.00  0.00  0.00  0.00  1.00  0.00
  MH4499116>MH4499406     1.00   0.00  0.00  0.00  0.00  1.00  0.00  0.00  1.00  0.00
  MH4448626>N698          1.00   0.00  0.00  0.00  0.00  1.00  0.00  0.00  0.99  0.00
  MH4454643>N890          1.00   0.00  0.00  0.00  0.00  1.00  0.00  0.00  0.99  0.00
  N990>N251               1.00   0.00  0.00  0.00  1.00  0.00  0.00  0.00  1.00  0.00
  N367>MH4452527          1.00   0.00  0.00  0.00  1.00  0.00  0.00  0.00  0.01  0.00
  N980>MH4454629          1.00   0.00  0.00  0.00  0.90  0.00  0.00  0.10  0.02  0.00
  MH4451886>N991          1.00   0.00  0.00  0.00  1.00  0.00  0.00  0.00  0.00  0.00
  N971>N951               1.00   0.00  0.00  0.00  1.00  0.00  0.00  0.00  1.00  0.00
  N626>MH4450170          1.00   0.00  0.00  0.00  0.00  1.00  0.00  0.00  0.00  0.00
  N631>MH1625395          1.00   0.00  0.00  0.00  1.00  0.00  0.00  0.00  1.00  0.00
  N297>MH4429086          1.00   0.00  0.00  0.00  0.00  1.00  0.00  0.00  1.00  0.00
  N992>MH4446883          1.00   0.00  0.00  0.00  0.94  0.00  0.00  0.06  0.01  0.00
  MH4450180>MH4450332     1.00   0.00  0.00  0.00  0.96  0.00  0.00  0.04  0.01  0.00
  MH4448929>N693          1.00   0.00  0.00  0.00  0.97  0.03  0.00  0.00  0.01  0.00
  MH1631514>N176          1.00   0.00  0.00  0.00  0.00  1.00  0.00  0.00  0.03  0.00
  N748>N994               1.00   0.00  0.00  0.00  0.88  0.12  0.00  0.00  0.18  0.00
  N186>MH4454993          1.00   0.00  0.00  0.00  0.00  1.00  0.00  0.00  1.00  0.00
  N995>N754               1.00   0.00  0.00  0.00  1.00  0.00  0.00  0.00  1.00  0.00
  N996>N811               1.00   0.00  0.00  0.00  0.91  0.09  0.00  0.00  1.00  0.00
  N991>MH4452189          1.00   0.00  0.00  0.00  1.00  0.00  0.00  0.00  0.01  0.00
  N692>N815               1.00   0.00  0.00  0.00  0.00  1.00  0.00  0.00  0.00  0.00
  MH1625959>N997          1.00   0.00  0.00  0.00  0.00  1.00  0.00  0.00  0.00  0.00
  N998>N734               1.00   0.00  0.00  0.00  1.00  0.00  0.00  0.00  1.00  0.00
  N798>N963               1.00   0.00  0.00  0.00  1.00  0.00  0.00  0.00  0.00  0.00
  MH4428137>MH4428188     1.00   0.00  0.00  0.00  0.00  1.00  0.00  0.00  1.00  0.00
  MH4428067>MH4427849     1.00   0.00  0.00  0.00  0.00  0.00  0.00  1.00  0.00  0.00
  N490>MH4427588          1.00   0.00  0.00  0.00  1.00  0.00  0.00  0.00  0.00  0.00
  N999>N614               1.00   0.00  0.00  0.00  1.00  0.00  0.00  0.00  1.00  0.00
  N239>MH5233531          1.00   0.00  0.00  0.00  0.00  0.00  0.00  1.00  0.00  0.00
  N968>MH4454993          1.00   0.00  0.00  0.00  0.00  0.00  0.00  1.00  0.00  0.00
  N1000>MH4448796         1.00   0.00  0.00  0.00  0.99  0.01  0.00  0.00  1.00  0.00
  N1001>MH4451886         1.00   0.00  0.00  0.00  1.00  0.00  0.00  0.00  0.01  0.00
  N620>MH4500689          1.00   0.00  0.00  0.00  0.00  0.00  0.00  1.00  0.00  0.00
  N9>MH4429527            1.00   0.00  0.00  0.00  1.00  0.00  0.00  0.00  1.00  0.00
  N162>N561               1.00   0.00  0.00  0.00  1.00  0.00  0.00  0.00  0.99  0.00
  N994>MH4454629          1.00   0.00  0.00  0.00  0.90  0.00  0.00  0.10  0.02  0.00
  N1002>N347              1.00   0.00  0.00  0.00  1.00  0.00  0.00  0.00  1.00  0.00
  N356>MH4450531          1.00   0.00  0.00  0.00  1.00  0.00  0.00  0.00  0.03  0.00
  MH4451207>N1001         1.00   0.00  0.00  0.00  1.00  0.00  0.00  0.00  0.00  0.00
  MH4449860>MH4450100     1.00   0.00  0.00  0.00  0.00  1.00  0.00  0.00  0.00  0.00
  MH4502186>N0            1.00   0.00  0.00  0.00  1.00  0.00  0.00  0.00  0.01  0.00
  N576>MH4453213          1.00   0.00  0.00  0.00  1.00  0.00  0.00  0.00  0.00  0.00
  N665>N962               1.00   0.00  0.00  0.00  0.99  0.01  0.00  0.00  1.00  0.00
  N976>MH4449866          1.00   0.00  0.00  0.00  0.92  0.08  0.00  0.00  0.10  0.00
  MH4449503>MH4449977     1.00   0.00  0.00  0.00  0.90  0.00  0.00  0.10  0.03  0.00
  N1003>N655              1.00   0.00  0.00  0.00  1.00  0.00  0.00  0.00  0.00  0.00
  N1005>N172              1.00   0.00  0.00  0.00  1.00  0.00  0.00  0.00  0.07  0.00
  N1006>MH7465841         1.00   0.00  0.00  0.00  0.98  0.00  0.00  0.02  0.98  0.00
  MH4456372>N725          1.00   0.00  0.00  0.00  0.00  1.00  0.00  0.00  0.99  0.00
  N1007>MH4449118         1.00   0.00  0.00  0.00  0.98  0.01  0.00  0.01  0.07  0.00
  MH4428367>N168          1.00   0.00  0.00  0.00  0.00  1.00  0.00  0.00  1.00  0.00
  N1009>MH4452154         1.00   0.00  0.00  0.00  0.95  0.00  0.00  0.05  0.03  0.00
  MH4452541>N63           1.00   0.00  0.00  0.00  0.97  0.03  0.00  0.00  0.02  0.00
  N440>MH4450391          1.00   0.00  0.00  0.00  1.00  0.00  0.00  0.00  0.02  0.00
  N134>MH4450617          1.00   0.00  0.00  0.00  0.99  0.01  0.00  0.00  1.00  0.00
  MH4427659>MH4427741     1.00   0.00  1.00  0.00  0.00  0.00  0.00  0.00  0.00  0.00
  MH4451967>MH4451823     1.00   0.00  0.00  0.00  0.93  0.07  0.00  0.00  0.07  0.00
  MH4429019>MH4429086     1.00   0.00  1.00  0.00  0.00  0.00  0.00  0.00  0.00  0.00
  MH4428638>N461          1.00   0.00  1.00  0.00  0.00  0.00  0.00  0.00  0.00  0.00
  
  
  *************************
  Conduit Surcharge Summary
  *************************
  
  ----------------------------------------------------------------------------
                                                           Hours        Hours 
                         --------- Hours Full --------   Above Full   Capacity
  Conduit                Both Ends  Upstream  Dnstream   Normal Flow   Limited
  ----------------------------------------------------------------------------
  N0>N1                      13.84     13.95     13.84     14.87        13.92
  MH4454411>N3               13.73     13.73     14.10      0.01         0.01
  MH4428606>N13              13.71     13.71     15.19      0.01         0.01
  N20>MH4453133               0.01      0.01     12.60      0.01         0.01
  N22>MH4447602               0.01      0.01     12.98      0.01         0.01
  MH4429312>N25              15.44     15.44     15.61      0.01         0.01
  N26>MH4453788              14.01     14.01     14.33      0.01         0.01
  MH4429136>N43              15.86     15.86     15.86     15.87         1.40
  MH1623826>N46               0.01      0.01     12.67      0.01         0.01
  N47>MH4501544              14.06     14.07     14.06     14.67        14.06
  N53>MH4453512              13.75     13.75     14.06      0.01         0.01
  MH4452154>MH4452217        15.07     15.07     15.15      0.01         0.01
  N59>MH4446824               0.01      0.01     13.67      0.01         0.01
  N63>N64                    15.45     15.45     15.46     15.59         0.01
  N69>MH4502097              14.02     14.04     14.02     14.63        14.04
  MH4448345>MH4448419        15.69     15.69     15.75      0.01         0.01
  N13>MH4429136              15.19     15.19     15.82      0.01         0.01
  MH4448853>N97              15.48     15.48     15.56      0.01         0.01
  MH4449806>MH4450137        15.19     15.19     15.33      0.01         0.01
  N106>MH4455909             14.42     14.58     14.42     15.01        14.57
  N109>MH4451823              0.01      0.01     14.93      0.01         0.01
  MH4501866>N116              0.01      0.01     13.07      0.01         0.01
  MH4429035>N124              0.01      0.01     14.33      0.01         0.01
  MH4449704>MH4449118        15.20     15.20     15.50      0.01         0.01
  N139>MH4449321             14.98     14.98     15.06      0.01         0.01
  MH4448509>N142             14.73     14.73     14.91      0.01         0.01
  N143>MH4428524              0.01     15.82      0.01     15.83        15.81
  N157>N158                   0.01      0.01     13.46      0.01         0.01
  MH4447128>MH4447726        14.98     14.98     15.32      0.01         0.01
  MH4501544>N69              14.04     14.06     14.04     14.67        14.05
  N46>N163                   12.67     12.67     14.45      0.01         0.01
  N168>MH4428636              0.01      0.01     14.48      0.01         0.01
  N170>N171                  14.79     14.79     15.06      0.01         0.01
  N172>MH4452977             14.94     14.94     15.07      0.01         0.01
  N180>N181                  14.20     14.20     14.51      0.01         0.01
  N188>MH4447880             14.49     14.49     14.66      0.01         0.01
  N192>MH4453579             14.91     14.91     15.12      0.01         0.01
  MH4449785>N197             15.65     15.68     15.65     15.72         1.51
  N198>MH4447416             14.64     14.64     14.91      0.01         0.01
  N206>MH6153571             14.14     14.14     14.14     14.17        13.55
  N208>N209                  15.31     15.31     15.38     15.01         0.01
  N210>N211                   0.01     13.06      0.01     14.87         8.04
  MH4449173>MH4449785        15.68     15.68     15.68     15.73        15.60
  MH4452032>MH4451840        14.86     14.86     15.28      0.01         0.01
  MH4456553>N250             14.13     14.13     14.14     14.44        14.11
  MH4428713>MH4428995        14.01     14.01     14.68      0.01         0.01
  MH4447880>N258             14.66     14.66     14.90      0.01         0.01
  MH4429357>N265             15.01     15.01     15.14      0.01         0.01
  N270>N271                  13.93     13.93     15.37      0.01         0.01
  MH4452919>MH4453133         0.01      0.01     12.56      0.01         0.01
  MH4450449>MH4450581        15.47     15.47     15.49     13.85         0.01
  MH4447397>MH5241467        14.34     14.34     14.56      0.01         0.01
  N295>MH4449321             14.83     14.83     15.06      0.01         0.01
  N300>MH4455121             14.59     14.59     15.39      0.01         0.01
  N303>MH4428765              0.01      0.01     13.65      0.01         0.01
  N307>MH1624138             12.02     12.02     14.16      0.01         0.01
  MH1623974>N314              0.01      0.01     13.60      0.01         0.01
  N319>MH4447643             15.25     15.25     15.29      0.01         0.01
  N321>N322                   0.01      0.01     13.21      0.01         0.01
  MH4447416>MH4447726        14.91     14.91     15.30      0.01         0.01
  N325>MH4429357             14.95     14.95     15.04      0.01         0.01
  MH4429013>N327             15.01     15.01     15.29      0.01         0.01
  MH4448419>N328             15.69     15.75     15.69     15.78        15.73
  MH4429468>MH4446883        14.82     14.82     14.99      0.01         0.01
  MH4452217>N334             15.15     15.15     15.30      0.01         0.01
  N339>MH4454411             13.15     13.15     13.73      0.01         0.01
  N345>N346                  14.58     14.58     14.70      0.01         0.01
  MH4429527>MH4447397        14.00     14.00     14.34      0.01         0.01
  MH4450975>N356             15.08     15.08     15.40      0.01         0.01
  N357>MH4451840             15.13     15.13     15.26      0.01         0.01
  MH4450207>MH4449806        13.95     13.95     15.02      0.01         0.01
  MH4429179>N361             14.98     14.98     15.15      0.01         0.01
  N366>N367                  15.48     15.51     15.48     15.55        15.50
  MH4452527>MH4452680        15.42     15.47     15.42     15.52        15.45
  N163>MH1624769             14.45     14.45     15.18      0.01         0.01
  MH4454629>N300             14.12     14.12     14.59      0.01         0.01
  MH4451143>MH4450975        14.88     14.88     15.08      0.01         0.01
  MH4450922>MH4451207        15.56     15.56     15.60     14.89        14.02
  N379>MH8963773             14.78     14.78     15.26      0.01         0.01
  MH4453970>N192             14.80     14.80     14.91      0.01         0.01
  N387>MH4453512              0.01      0.01     14.06      0.01         0.01
  N389>MH6153571              0.01      0.01     14.14      0.01         0.01
  N394>MH4429503             15.08     15.08     15.21      0.01         0.01
  MH4429645>N397             13.88     13.88     14.13      0.01         0.01
  MH4452011>MH4451871        15.48     15.48     15.49      0.01         0.01
  N328>MH4449103             15.65     15.69     15.65     15.77        15.66
  N401>MH4502097              0.01      0.01     14.01      0.01         0.01
  N408>MH4454376             14.91     14.91     15.26      0.01         0.01
  N414>MH1623928             14.15     14.15     14.15     14.49        14.13
  N416>MH4428920              0.01      0.01     14.12      0.01         0.01
  MH4451871>N419             15.49     15.49     15.54      0.01         0.01
  N422>MH4450922             15.58     15.58     15.64     12.59         0.01
  MH4449849>MH4449785        15.59     15.59     15.65     13.93         0.01
  N3>MH4454629               14.10     14.10     14.12      0.01         0.01
  N431>N432                  14.80     14.80     15.06      0.01         0.01
  N25>MH4447394              15.61     15.61     15.74      0.01         0.01
  MH1624138>MH1624769        14.12     14.16     14.12     14.79        14.14
  N439>N440                  15.37     15.37     15.47      0.01         0.01
  MH4450378>MH4450554        15.47     15.59     15.47     15.65        15.53
  MH1631057>MH1631514         0.01      0.01      0.01     13.67         0.01
  MH6153571>N414             14.14     14.14     14.15     14.49        14.13
  N447>MH4427095             15.94     15.97     15.94     15.96        15.96
  MH4428995>N460             14.68     14.68     14.89      0.01         0.01
  N432>MH4453489             15.06     15.06     15.12      0.01         0.01
  N465>MH4448509             14.56     14.56     14.73      0.01         0.01
  MH4428920>N466             14.12     14.12     14.59      0.01         0.01
  MH4452994>N431             14.71     14.71     14.91      0.01         0.01
  MH4452189>N366             15.51     15.52     15.51     15.56        15.51
  MH4449882>MH4449704        15.15     15.15     15.17      0.01         0.01
  MH1623928>MH1624138        14.15     14.15     14.16     14.47        14.11
  N361>MH4429503             15.15     15.15     15.21      0.01         0.01
  N483>MH4429320             13.88     13.88     13.99      0.01         0.01
  MH4451945>N208             15.23     15.23     15.31     15.22         0.01
  MH4453489>MH4453579        15.12     15.12     15.26      0.01         0.01
  MH4427095>N490             15.91     15.94     15.91     15.95        15.94
  MH4452809>MH4452632        15.22     15.22     15.33      0.01         0.01
  N499>MH4456553             14.12     14.12     14.13     14.43        14.09
  N505>MH4450207             13.39     13.39     13.69      0.01         0.01
  MH4428836>MH4429107        14.26     14.26     14.76      0.01         0.01
  MH4429656>MH4447643        15.10     15.10     15.29      0.01         0.01
  MH4448392>MH4448813         0.01      0.01     12.06      0.01         0.01
  MH4449913>N530             15.40     15.40     15.44      0.01         0.01
  MH4450137>N536             15.33     15.33     15.43      0.01         0.01
  MH4429584>MH4429544        14.83     14.83     14.92      0.01         0.01
  N544>MH4451468              0.01      0.01     14.83      0.01         0.01
  MH4450391>MH4450531        15.51     15.51     15.54     12.78         0.01
  N1>MH1629194               13.72     13.84     13.72     14.85        13.82
  N549>N307                   0.01      0.01     12.02      0.01         0.01
  MH4453579>N550             15.13     15.13     15.17     14.98        14.86
  MH4449977>N552             14.35     14.35     14.81      0.01         0.01
  N557>MH4454125             14.58     14.58     14.79      0.01         0.01
  N577>MH4452527             15.00     15.00     15.46      0.01         0.01
  N578>MH4447394             15.74     15.83     15.74     15.86        15.78
  N582>MH4450193             15.09     15.09     15.63      0.01         0.01
  MH4449118>MH4448345        15.50     15.50     15.73      0.01         0.01
  MH4447394>N599             15.70     15.74     15.70     15.78        15.72
  MH4450554>MH4450449        15.47     15.51     15.47     15.63        15.47
  MH4448762>N605             14.81     14.81     14.96      0.01         0.01
  N609>N610                   0.01      0.01     13.80      0.01         0.01
  MH4429503>N319             15.21     15.21     15.25      0.01         0.01
  N616>MH4454195             14.73     14.73     14.75      0.01         0.01
  MH4453512>N618             14.06     14.06     14.43      0.01         0.01
  N530>MH4450449             15.44     15.44     15.46      0.01         0.01
  N211>MH1631057              0.01      0.01      0.01     14.87         0.01
  MH4429411>MH4429136        15.01     15.01     15.82      0.01         0.01
  N642>MH4453748             14.50     14.50     14.78      0.01         0.01
  N644>MH4429136             15.75     15.75     15.86      0.01         0.01
  N645>N339                   0.01      0.01     13.15      0.01         0.01
  N124>MH4429312             14.33     14.33     15.40      0.01         0.01
  N646>MH4452632             15.07     15.07     15.22      0.01         0.01
  N649>MH4450922             15.52     15.52     15.55     13.90         0.01
  MH4449103>MH4449173        15.65     15.65     15.68      0.01         0.01
  MH4446883>MH4429656        15.00     15.00     15.10      0.01         0.01
  N552>MH4449704             14.81     14.81     15.20      0.01         0.01
  MH4455909>N499             14.11     14.11     14.12     14.46        14.11
  MH4450100>MH4450180         0.01      0.01     15.13      0.01         0.01
  N655>N656                   0.01      0.01     13.52      0.01         0.01
  N599>MH4448345             15.69     15.70     15.69     15.77        15.70
  MH4429471>MH4447128        14.59     14.59     14.95      0.01         0.01
  N271>MH4455121             15.37     15.37     15.40      0.01         0.01
  N670>MH4451886             15.36     15.36     15.55      0.01         0.01
  N675>MH4447394             15.60     15.60     15.75      0.01         0.01
  N676>MH4447128             14.85     14.85     14.98      0.01         0.01
  MH4428245>MH4428606         0.01      0.01     13.71      0.01         0.01
  N43>MH4429499              15.86     15.86     15.88     15.89         1.67
  MH4447643>MH4447691        15.29     15.29     15.29      0.01         0.01
  MH4446824>N180             13.67     13.67     14.20      0.01         0.01
  MH4447602>MH4429645        12.98     12.98     13.82      0.01         0.01
  MH4429499>N578             15.83     15.88     15.83     15.90        15.86
  N687>N688                   0.01      0.01     13.32      0.01         0.01
  N691>MH4448762             14.58     14.58     14.81      0.01         0.01
  N693>N675                  15.43     15.43     15.60      0.01         0.01
  N700>MH4428096             15.83     15.83     15.86     15.72        15.53
  N702>MH4450167             13.99     13.99     14.74      0.01         0.01
  MH4455762>N270              0.01      0.01     13.93      0.01         0.01
  N711>MH4448853             15.39     15.39     15.48      0.01         0.01
  MH1626450>MH4501544         0.01      0.01     15.13      0.01         0.01
  N715>MH4454195             14.54     14.54     14.75      0.01         0.01
  MH4453133>N717             12.60     12.60     12.91      0.01         0.01
  MH4450332>MH4450167        15.28     15.28     15.37     14.01         0.01
  N717>N53                   12.91     12.91     13.75      0.01         0.01
  N726>N727                  15.72     15.72     15.82      0.01         0.01
  MH4450167>MH4449849        15.37     15.37     15.59     13.86         0.01
  N247>MH1629194              0.01      0.01     13.71      0.01         0.01
  N250>N206                  14.14     14.14     14.14     14.36        13.82
  N736>MH4449913             15.23     15.23     15.39      0.01         0.01
  N737>N738                  14.97     14.97     15.10      0.01         0.01
  MH4450581>N649             15.49     15.49     15.52     13.84         0.01
  N741>MH4426188             15.42     15.42     15.60      0.01         0.01
  N327>MH4429312             15.29     15.29     15.44      0.01         0.01
  N749>MH4455121             14.67     14.99     14.67     15.34        14.85
  N750>N700                  15.82     15.82     15.83     15.69        15.45
  N753>MH4452994              0.01      0.01     14.71      0.01         0.01
  N755>MH4453970             14.79     14.79     14.80      0.01         0.01
  MH5241467>N691             14.56     14.56     14.58      0.01         0.01
  MH4452977>N763             15.07     15.07     15.25      0.01         0.01
  MH4453748>N766             14.78     14.78     14.81      0.01         0.01
  MH4453850>MH4454009        14.37     14.37     14.52      0.01         0.01
  MH1626189>N47              14.07     14.09     14.07     14.65        14.08
  N779>MH4428606              0.01      0.01     13.64      0.01         0.01
  N781>MH4449118             14.63     14.63     15.48      0.01         0.01
  MH4451673>MH4451871        15.40     15.40     15.51      0.01         0.01
  N460>MH4429357             14.89     14.89     15.04      0.01         0.01
  N787>MH4451945             14.37     14.37     15.23      0.01         0.01
  N788>MH5241467             14.35     14.35     14.55      0.01         0.01
  N789>N670                  15.08     15.08     15.36      0.01         0.01
  MH4447346>N198             14.52     14.52     14.64      0.01         0.01
  MH4454376>N794             15.19     15.27     15.19     15.37        15.25
  MH4450193>MH4450378        15.59     15.63     15.59     15.69         3.01
  N563>MH4428836              0.01      0.01     14.22      0.01         0.01
  MH4453098>N798             15.30     15.36     15.30     15.46        15.34
  N799>MH4428836             13.62     13.62     14.09      0.01         0.01
  MH4502097>MH4502186        14.02     14.02     14.19     13.48         7.42
  N804>MH1626189             14.09     14.11     14.09     14.54        14.10
  N611>MH4454411              0.01      0.01     13.73      0.01         0.01
  N811>MH4451143             14.44     14.44     14.87      0.01         0.01
  MH4454009>MH4454195        14.52     14.52     14.67      0.01         0.01
  MH4447691>N819             15.29     15.29     15.30     13.77         0.01
  N828>N408                  14.63     14.63     14.91      0.01         0.01
  N829>MH4449882             14.85     14.85     15.15      0.01         0.01
  N834>MH4453185             14.76     14.76     15.15      0.01         0.01
  N837>N616                  14.71     14.71     14.73      0.01         0.01
  MH4429544>MH4429656        14.93     14.93     15.09      0.01         0.01
  N842>MH4428583              0.01      0.01     13.56      0.01         0.01
  MH4426728>N447             15.97     15.99     15.97     15.98        15.98
  N849>MH4450180             15.04     15.04     15.15      0.01         0.01
  N763>N851                  15.25     15.25     15.34      0.01         0.01
  N158>N210                  13.06     13.49     13.06     14.88        13.39
  N419>MH4451207             15.54     15.54     15.60      0.01         0.01
  MH4429320>N853             13.98     13.98     14.24      0.01         0.01
  N209>MH4452541             15.38     15.38     15.42     15.12         0.01
  N64>MH4453098              15.46     15.46     15.49     15.68         0.01
  N536>MH4450391             15.43     15.43     15.51      0.01         0.01
  N858>MH4426728             15.98     16.00     15.98     16.00        16.00
  N738>MH4449796             15.10     15.10     15.24      0.01         0.01
  MH4452680>MH4453098        15.35     15.35     15.36     15.33        15.32
  MH4428268>N870              0.01      0.01     13.83      0.01         0.01
  MH4428800>MH4428606         0.01      0.01     13.66      0.01         0.01
  MH4452462>N877             15.37     15.37     15.46      0.01         0.01
  MH1629194>N158             13.49     13.72     13.49     14.86        13.67
  N97>MH4449785              15.56     15.56     15.62      0.01         0.01
  MH4451823>N183              0.01     14.94      0.01     14.97        14.88
  N116>N888                  13.07     13.07     13.76      0.01         0.01
  MH4454116>MH4454376        15.22     15.22     15.27     14.98        14.87
  MH4428765>MH4428713        13.74     13.74     13.98      0.01         0.01
  MH4428797>MH4429013         0.01      0.01     14.96      0.01         0.01
  N893>N804                  14.10     14.12     14.11     14.55        14.11
  N894>MH4451468             14.81     14.81     14.83      0.01         0.01
  N197>MH4450193             15.63     15.65     15.63     15.70         2.04
  N895>MH4452110             14.54     14.54     14.66      0.01         0.01
  N322>MH4455909             13.21     13.21     14.18      0.01         0.01
  N863>MH4428836              0.01      0.01     14.26      0.01         0.01
  MH4452110>MH4452032        14.66     14.66     14.76      0.01         0.01
  N142>N139                  14.91     14.91     14.98      0.01         0.01
  MH4428096>N143             15.82     15.86     15.82     15.86        15.85
  MH4451840>MH4451673        15.28     15.28     15.40      0.01         0.01
  MH4449866>N582             14.64     14.64     15.09      0.01         0.01
  N771>MH4446824              0.01      0.01     13.67      0.01         0.01
  MH4449011>N906             15.34     15.34     15.37      0.01         0.01
  N909>MH4447668             14.44     14.44     14.48      0.01         0.01
  N853>MH4429471             14.24     14.24     14.59      0.01         0.01
  N618>N828                  14.43     14.43     14.63      0.01         0.01
  N258>MH4448929             14.90     14.90     15.20      0.01         0.01
  N660>MH4428713              0.01      0.01     14.01      0.01         0.01
  N914>MH4429107             14.42     14.42     14.76      0.01         0.01
  N915>MH4429499             15.22     15.22     15.85      0.01         0.01
  MH4449321>N736             15.08     15.08     15.23      0.01         0.01
  MH4448474>N737             14.74     14.74     14.97      0.01         0.01
  N921>MH4454116             15.13     15.13     15.29      0.01         0.01
  N550>N922                  15.17     15.17     15.22     14.90        14.80
  N314>N923                  13.60     13.60     15.14      0.01         0.01
  N171>MH4453489             15.06     15.06     15.11      0.01         0.01
  MH4447668>N465             14.47     14.47     14.56      0.01         0.01
  N924>MH4429645             13.59     13.59     13.88      0.01         0.01
  N870>MH4428636             13.83     13.83     14.53      0.01         0.01
  MH4453185>MH4453098        15.15     15.15     15.36      0.01         0.01
  N464>MH4448474              0.01      0.01     14.74      0.01         0.01
  MH4447726>N930             15.32     15.32     15.53      0.01         0.01
  N931>MH4449704             14.43     14.43     15.17      0.01         0.01
  MH4451287>N787              0.01      0.01     14.37      0.01         0.01
  N888>MH4502186             13.76     13.76     14.03      0.01         0.01
  MH4429268>MH4429468        14.41     14.41     14.80      0.01         0.01
  N466>MH4429179             14.59     14.59     14.96      0.01         0.01
  N688>N915                  13.32     13.32     15.22      0.01         0.01
  N940>MH4449796             14.07     14.07     15.24      0.01         0.01
  N605>MH4449806             14.96     14.96     15.17      0.01         0.01
  MH4426188>N726             15.60     15.60     15.72      0.01         0.01
  N942>N106                  14.58     14.63     14.58     15.02        14.62
  MH4451870>MH4452189        15.18     15.18     15.51      0.01         0.01
  N851>MH4452462             15.34     15.34     15.37      0.01         0.01
  N930>MH4449103             15.53     15.53     15.67      0.01         0.01
  MH4455121>N942             14.63     14.67     14.63     15.05        14.66
  MH4451967>MH4452154        14.87     14.87     15.09      0.01         0.01
  MH4448813>MH4449503        12.06     12.06     13.80      0.01         0.01
  N952>MH4453970             14.56     14.56     14.93      0.01         0.01
  MH4454125>N755             14.79     14.79     14.79      0.01         0.01
  N220>N394                   0.01      0.01     15.08      0.01         0.01
  MH4428636>N954             14.53     14.53     14.78      0.01         0.01
  MH4449778>MH4450137        14.72     14.72     15.31      0.01         0.01
  N956>MH4450332             15.17     15.17     15.28      0.01         0.01
  N877>MH4451886             15.46     15.46     15.55      0.01         0.01
  N906>MH4449913             15.37     15.37     15.40      0.01         0.01
  N959>N345                  14.47     14.47     14.58      0.01         0.01
  MH4453788>MH4453850        14.33     14.33     14.37      0.01         0.01
  N963>MH4453579             15.13     15.19     15.13     15.43        15.16
  N964>MH4429179             14.86     14.86     14.97      0.01         0.01
  MH8963773>MH4447452        15.25     15.25     15.26      0.01         0.01
  MH4450531>N422             15.54     15.54     15.58     12.20         0.01
  N656>MH4447880             13.52     13.52     14.66      0.01         0.01
  N954>MH4429013             14.78     14.78     15.01      0.01         0.01
  N334>MH4452680             15.30     15.30     15.42      0.01         0.01
  N967>MH4452011             15.44     15.44     15.49      0.01         0.01
  N346>MH4429179             14.70     14.70     14.98      0.01         0.01
  MH4454195>MH4454125        14.75     14.75     14.79      0.01         0.01
  MH4447452>N711             15.26     15.26     15.39      0.01         0.01
  MH4427588>N750             15.82     15.82     15.82     15.82        15.66
  N181>MH4448474             14.51     14.51     14.74      0.01         0.01
  MH4428583>N914             13.56     13.56     14.42      0.01         0.01
  N794>N749                  14.99     15.19     14.99     15.35        15.13
  N974>MH4452809             15.11     15.11     15.22      0.01         0.01
  N975>N976                  14.15     14.15     14.32      0.01         0.01
  MH4451468>MH4452154        14.79     14.79     15.07      0.01         0.01
  MH4452632>N967             15.33     15.33     15.44      0.01         0.01
  N727>MH4426728             15.82     15.82     15.90      0.01         0.01
  MH1624769>N893             14.12     14.12     14.12     14.50        14.12
  N766>N921                  14.81     14.81     15.13      0.01         0.01
  N610>MH4455909             13.80     13.80     15.26      0.01         0.01
  N979>N980                   0.01      0.01     13.89      0.01         0.01
  MH4450776>MH4450378        14.81     14.81     15.59      0.01         0.01
  MH4429107>N325             14.76     14.76     14.95      0.01         0.01
  N923>N250                  15.14     15.14     15.19      0.01         0.01
  N265>MH8963773             15.14     15.14     15.25      0.01         0.01
  N397>N188                  14.13     14.13     14.49      0.01         0.01
  MH4453095>N170             14.60     14.60     14.79      0.01         0.01
  N984>MH4447346             14.02     14.02     14.52      0.01         0.01
  N833>N940                   0.01      0.01     14.07      0.01         0.01
  MH4449796>N439             15.24     15.24     15.37      0.01         0.01
  N819>MH4449011             15.30     15.30     15.34      0.01         0.01
  N922>MH4454116             15.22     15.22     15.22     14.98        14.87
  N367>MH4452527             15.47     15.48     15.47     15.54        15.47
  N980>MH4454629             13.89     13.89     14.12      0.01         0.01
  MH4451886>N991             15.53     15.55     15.53     15.59        15.54
  N992>MH4446883             14.86     14.86     14.97      0.01         0.01
  MH4450180>MH4450332        15.15     15.15     15.25      0.01         0.01
  MH4448929>N693             15.24     15.24     15.43      0.01         0.01
  N748>N994                   0.01      0.01     13.89      0.01         0.01
  N996>N811                   0.01      0.01     14.44      0.01         0.01
  N991>MH4452189             15.52     15.53     15.52     15.57        15.52
  N798>N963                  15.19     15.30     15.19     15.44        15.27
  N490>MH4427588             15.82     15.91     15.82     15.92        15.90
  N1001>MH4451886            15.55     15.58     15.55     15.61        15.57
  N9>MH4429527                0.01      0.01     14.00      0.01         0.01
  N994>MH4454629             13.89     13.89     14.12      0.01         0.01
  N356>MH4450531             15.40     15.40     15.54      0.01         0.01
  MH4451207>N1001            15.58     15.60     15.58     15.63        15.59
  MH4502186>N0               13.95     14.19     13.95     14.87        13.99
  N976>MH4449866             14.31     14.31     14.64      0.01         0.01
  MH4449503>MH4449977        13.80     13.80     14.33      0.01         0.01
  N1005>N172                 14.75     14.75     14.94      0.01         0.01
  N1007>MH4449118            14.65     14.65     15.48      0.01         0.01
  N1009>MH4452154            14.64     14.64     15.07      0.01         0.01
  MH4452541>N63              15.42     15.42     15.45     15.12         0.01
  N440>MH4450391             15.47     15.47     15.51      0.01         0.01
  MH4451967>MH4451823        14.87     14.87     14.93     14.62        14.52
  
  
  ***************
  Pumping Summary
  ***************
  
  ---------------------------------------------------------------------------------------------------------
                                                  Min       Avg       Max     Total     Power    % Time Off
                        Percent   Number of      Flow      Flow      Flow    Volume     Usage    Pump Curve
  Pump                 Utilized   Start-Ups       LPS       LPS       LPS  10^6 ltr     Kw-hr    Low   High
  ---------------------------------------------------------------------------------------------------------
  P4433449                99.85           1      0.00     31.89     34.31     1.834     12.60    0.0    0.0
  P1495438                99.87           1      0.00      2.44      2.46     0.141      1.78    0.0    0.0
  

  Analysis begun on:  Thu Sep 24 04:41:02 2026
  Analysis ended on:  Thu Sep 24 04:41:37 2026
  Total elapsed time: 00:00:35