
  EPA STORM WATER MANAGEMENT MODEL - VERSION 5.2 (Build 5.2.4)
  PYSWMM TOOLKIT API - VERSION v1.0 (2026-02-26)
  ------------------------------------------------------------

  WARNING 08: elevation drop exceeds length for Conduit N779>MH4428606
  
  ****************
  Analysis Options
  ****************
  Flow Units ............... LPS
  Process Models:
    Rainfall/Runoff ........ NO
    RDII ................... NO
    Snowmelt ............... NO
    Groundwater ............ NO
    Flow Routing ........... YES
    Ponding Allowed ........ NO
    Water Quality .......... NO
  Flow Routing Method ...... DYNWAVE
  Surcharge Method ......... SLOT
  Starting Date ............ 01/01/2026 00:00:00
  Ending Date .............. 01/01/2026 16:00:00
  Antecedent Dry Days ...... 0.0
  Report Time Step ......... 00:00:10
  Routing Time Step ........ 0.50 sec
  Variable Time Step ....... YES
  Maximum Trials ........... 8
  Number of Threads ........ 1
  Head Tolerance ........... 0.001524 m
  
  
  **************************        Volume        Volume
  Flow Routing Continuity        hectare-m      10^6 ltr
  **************************     ---------     ---------
  Dry Weather Inflow .......         0.000         0.000
  Wet Weather Inflow .......         0.000         0.000
  Groundwater Inflow .......         0.000         0.000
  RDII Inflow ..............         0.000         0.000
  External Inflow ..........         0.576         5.765
  External Outflow .........         0.539         5.393
  Flooding Loss ............         0.000         0.000
  Evaporation Loss .........         0.000         0.000
  Exfiltration Loss ........         0.000         0.000
  Initial Stored Volume ....         0.000         0.000
  Final Stored Volume ......         0.037         0.370
  Continuity Error (%) .....         0.025
  
  
  *************************
  Highest Continuity Errors
  *************************
  Node N271 (7.75%)
  Node MH4452011 (3.70%)
  Node MH4451871 (3.17%)
  Node N877 (2.34%)
  Node N419 (2.28%)
  
  
  ***************************
  Time-Step Critical Elements
  ***************************
  Link N779>MH4428606 (99.37%)
  
  
  ********************************
  Highest Flow Instability Indexes
  ********************************
  Link N644>MH4429136 (150)
  
  
  *********************************
  Most Frequent Nonconverging Nodes
  *********************************
  Convergence obtained at all time steps.
  
  
  *************************
  Routing Time Step Summary
  *************************
  Minimum Time Step           :     0.50 sec
  Average Time Step           :     0.50 sec
  Maximum Time Step           :     0.50 sec
  % of Time in Steady State   :     0.00
  Average Iterations per Step :     3.12
  % of Steps Not Converging   :     0.00
  Time Step Frequencies       :
      0.500 -  0.500 sec      :   100.00 %
      0.500 -  0.500 sec      :     0.00 %
      0.500 -  0.500 sec      :     0.00 %
      0.500 -  0.500 sec      :     0.00 %
      0.500 -  0.500 sec      :     0.00 %
  
  
  ******************
  Node Depth Summary
  ******************
  
  ---------------------------------------------------------------------------------
                                 Average  Maximum  Maximum  Time of Max    Reported
                                   Depth    Depth      HGL   Occurrence   Max Depth
  Node                 Type       Meters   Meters   Meters  days hr:min      Meters
  ---------------------------------------------------------------------------------
  N0                   JUNCTION     0.25     0.26    32.25     0  15:59        0.26
  N1                   JUNCTION     0.25     0.26    32.07     0  15:58        0.26
  N3                   JUNCTION     0.04     0.04    34.68     0  06:02        0.04
  N4                   JUNCTION     0.01     0.01    51.76     0  00:40        0.01
  N8                   JUNCTION     0.01     0.01    40.98     0  00:27        0.01
  N9                   JUNCTION     0.01     0.01    40.57     0  00:42        0.01
  N10                  JUNCTION     0.01     0.01    49.79     0  00:43        0.01
  N13                  JUNCTION     0.02     0.02    42.08     0  08:02        0.02
  N15                  JUNCTION     0.01     0.01    35.62     0  00:45        0.01
  N18                  JUNCTION     0.01     0.01    50.09     0  00:08        0.01
  N20                  JUNCTION     0.04     0.04    36.08     0  01:53        0.04
  N22                  JUNCTION     0.01     0.01    43.36     0  00:40        0.01
  N25                  JUNCTION     0.06     0.06    39.70     0  01:25        0.06
  N26                  JUNCTION     0.01     0.01    36.13     0  00:02        0.01
  N28                  JUNCTION     0.01     0.01    39.55     0  02:13        0.01
  N30                  JUNCTION     0.01     0.01    44.43     0  00:21        0.01
  N31                  JUNCTION     0.01     0.01    42.84     0  00:27        0.01
  N32                  JUNCTION     0.00     0.00    43.24     0  00:01        0.00
  N33                  JUNCTION     0.01     0.01    42.51     0  00:42        0.01
  N34                  JUNCTION     0.02     0.02    46.48     0  01:03        0.02
  N35                  JUNCTION     0.02     0.02    46.26     0  01:14        0.02
  N38                  JUNCTION     0.04     0.04    48.98     0  00:11        0.04
  N43                  JUNCTION     0.08     0.08    40.08     0  01:38        0.08
  N45                  JUNCTION     0.06     0.06    33.02     0  03:15        0.06
  N46                  JUNCTION     0.02     0.02    33.47     0  00:48        0.02
  N47                  JUNCTION     0.25     0.27    32.67     0  16:00        0.27
  N49                  JUNCTION     0.01     0.01    47.73     0  04:59        0.01
  N50                  JUNCTION     0.01     0.01    46.80     0  05:16        0.01
  N51                  JUNCTION     0.04     0.04    48.22     0  00:16        0.04
  N53                  JUNCTION     0.05     0.05    35.66     0  08:42        0.05
  N59                  JUNCTION     0.02     0.02    40.82     0  01:56        0.02
  N61                  JUNCTION     0.02     0.02    46.83     0  01:11        0.02
  N62                  JUNCTION     0.02     0.02    46.38     0  01:13        0.02
  N63                  JUNCTION     0.07     0.07    37.00     0  02:13        0.07
  N64                  JUNCTION     0.07     0.07    36.33     0  02:05        0.07
  N66                  JUNCTION     0.02     0.02    49.81     0  02:04        0.02
  N67                  JUNCTION     0.01     0.01    36.87     0  00:02        0.01
  N69                  JUNCTION     0.25     0.26    32.55     0  15:57        0.26
  N71                  JUNCTION     0.03     0.03    38.26     0  01:20        0.03
  N72                  JUNCTION     0.03     0.03    36.66     0  08:41        0.03
  N73                  JUNCTION     0.01     0.01    53.85     0  00:00        0.01
  N77                  JUNCTION     0.01     0.01    52.95     0  00:03        0.01
  N79                  JUNCTION     0.01     0.01    42.47     0  00:40        0.01
  N81                  JUNCTION     0.01     0.01    49.05     0  00:01        0.01
  N82                  JUNCTION     0.01     0.01    48.84     0  00:24        0.01
  N83                  JUNCTION     0.01     0.01    50.68     0  00:49        0.01
  N85                  JUNCTION     0.01     0.01    51.81     0  00:49        0.01
  N87                  JUNCTION     0.00     0.00    53.14     0  00:01        0.00
  N89                  JUNCTION     0.02     0.02    33.04     0  01:33        0.02
  N97                  JUNCTION     0.07     0.07    38.24     0  06:45        0.07
  N98                  JUNCTION     0.02     0.02    40.85     0  03:11        0.02
  N100                 JUNCTION     0.03     0.03    43.41     0  13:06        0.03
  N101                 JUNCTION     0.03     0.03    41.01     0  04:44        0.03
  N106                 JUNCTION     0.23     0.24    34.01     0  15:56        0.24
  N108                 JUNCTION     0.01     0.01    43.49     0  01:06        0.01
  N109                 JUNCTION     0.01     0.01    35.91     0  00:05        0.01
  N112                 JUNCTION     0.01     0.01    42.01     0  00:21        0.01
  N113                 JUNCTION     0.01     0.01    50.51     0  02:39        0.01
  N116                 JUNCTION     0.08     0.08    32.59     0  04:37        0.08
  N119                 JUNCTION     0.02     0.02    33.67     0  01:08        0.02
  N122                 JUNCTION     0.04     0.04    44.64     0  03:25        0.04
  N124                 JUNCTION     0.01     0.01    41.78     0  01:11        0.01
  N125                 JUNCTION     0.02     0.02    50.27     0  00:56        0.02
  N128                 JUNCTION     0.01     0.02    32.93     0  00:07        0.02
  N131                 JUNCTION     0.02     0.02    43.48     0  01:14        0.02
  N133                 JUNCTION     0.01     0.01    45.39     0  00:27        0.01
  N134                 JUNCTION     0.01     0.01    45.23     0  00:38        0.01
  N137                 JUNCTION     0.02     0.02    48.92     0  01:47        0.02
  N139                 JUNCTION     0.02     0.02    38.42     0  01:07        0.02
  N142                 JUNCTION     0.02     0.02    38.53     0  01:06        0.02
  N143                 JUNCTION     0.12     0.13    51.26     0  01:38        0.13
  N145                 JUNCTION     0.01     0.01    34.53     0  00:42        0.01
  N147                 JUNCTION     0.02     0.02    33.93     0  01:08        0.02
  N148                 JUNCTION     0.01     0.01    43.41     0  00:40        0.01
  N149                 JUNCTION     0.03     0.03    37.45     0  04:38        0.03
  N150                 JUNCTION     0.03     0.03    35.99     0  03:16        0.03
  N151                 JUNCTION     0.01     0.01    35.58     0  00:57        0.01
  N153                 JUNCTION     0.01     0.01    33.24     0  00:02        0.01
  N154                 JUNCTION     0.01     0.01    32.75     0  00:45        0.01
  N155                 JUNCTION     0.01     0.01    37.49     0  01:11        0.01
  N157                 JUNCTION     0.01     0.01    32.63     0  01:01        0.01
  N158                 JUNCTION     0.25     0.26    31.79     0  15:59        0.26
  N159                 JUNCTION     0.01     0.01    51.19     0  00:42        0.01
  N162                 JUNCTION     0.03     0.03    33.17     0  01:17        0.03
  N163                 JUNCTION     0.03     0.03    33.07     0  15:59        0.03
  N166                 JUNCTION     0.03     0.03    46.13     0  01:12        0.03
  N168                 JUNCTION     0.01     0.01    44.38     0  00:55        0.01
  N170                 JUNCTION     0.01     0.01    35.36     0  01:11        0.01
  N171                 JUNCTION     0.01     0.01    35.18     0  01:15        0.01
  N172                 JUNCTION     0.02     0.02    36.76     0  01:11        0.02
  N176                 JUNCTION     0.18     0.19    30.65     0  15:56        0.19
  N178                 JUNCTION     0.03     0.03    35.13     0  01:15        0.03
  N180                 JUNCTION     0.04     0.04    39.44     0  02:55        0.04
  N181                 JUNCTION     0.04     0.04    39.00     0  02:55        0.04
  N183                 JUNCTION     0.00     0.00    34.62     0  00:00        0.00
  N184                 JUNCTION     0.02     0.02    41.83     0  02:15        0.02
  N186                 JUNCTION     0.02     0.02    37.47     0  15:32        0.02
  N187                 JUNCTION     0.01     0.01    41.82     0  00:22        0.01
  N188                 JUNCTION     0.04     0.04    41.46     0  02:21        0.04
  N191                 JUNCTION     0.04     0.04    33.80     0  04:44        0.04
  N192                 JUNCTION     0.03     0.03    35.21     0  00:45        0.03
  N194                 JUNCTION     0.01     0.01    37.00     0  00:01        0.01
  N197                 JUNCTION     0.16     0.17    37.86     0  08:32        0.17
  N198                 JUNCTION     0.01     0.01    40.33     0  00:53        0.01
  N202                 JUNCTION     0.02     0.02    40.38     0  01:28        0.02
  N205                 JUNCTION     0.01     0.01    39.44     0  00:46        0.01
  N206                 JUNCTION     0.25     0.26    33.42     0  15:58        0.26
  N208                 JUNCTION     0.07     0.07    38.55     0  04:28        0.07
  N209                 JUNCTION     0.07     0.07    37.77     0  02:10        0.07
  N210                 JUNCTION     0.25     0.26    31.73     0  16:00        0.26
  N211                 JUNCTION     0.24     0.26    31.53     0  15:59        0.26
  N212                 JUNCTION     0.01     0.01    56.46     0  00:01        0.01
  N216                 JUNCTION     0.02     0.02    44.15     0  01:13        0.02
  N220                 JUNCTION     0.06     0.06    41.87     0  06:36        0.06
  N221                 JUNCTION     0.01     0.01    45.71     0  00:15        0.01
  N222                 JUNCTION     0.01     0.01    44.76     0  00:32        0.01
  N224                 JUNCTION     0.01     0.01    46.65     0  00:45        0.01
  N225                 JUNCTION     0.05     0.05    47.51     0  01:54        0.05
  N228                 JUNCTION     0.01     0.01    33.98     0  00:23        0.01
  N229                 JUNCTION     0.01     0.01    33.64     0  00:33        0.01
  N230                 JUNCTION     0.01     0.01    46.71     0  02:15        0.01
  N231                 JUNCTION     0.01     0.01    45.89     0  02:13        0.01
  N232                 JUNCTION     0.01     0.01    49.80     0  00:34        0.01
  N234                 JUNCTION     0.02     0.02    44.17     0  00:51        0.02
  N238                 JUNCTION     0.00     0.00    35.74     0  00:01        0.00
  N239                 JUNCTION     0.01     0.01    35.68     0  03:27        0.01
  N240                 JUNCTION     0.02     0.02    47.52     0  00:42        0.02
  N244                 JUNCTION     0.01     0.01    48.17     0  01:36        0.01
  N246                 JUNCTION     0.03     0.03    32.37     0  01:33        0.03
  N247                 JUNCTION     0.03     0.03    32.16     0  01:33        0.03
  N248                 JUNCTION     0.02     0.02    47.27     0  01:10        0.02
  N250                 JUNCTION     0.25     0.26    33.44     0  15:58        0.26
  N251                 JUNCTION     0.01     0.01    51.61     0  01:46        0.01
  N255                 JUNCTION     0.01     0.01    53.18     0  02:05        0.01
  N258                 JUNCTION     0.04     0.04    40.84     0  05:52        0.04
  N260                 JUNCTION     0.01     0.01    34.06     0  01:00        0.01
  N261                 JUNCTION     0.01     0.01    53.15     0  01:15        0.01
  N263                 JUNCTION     0.00     0.00    40.21     0  00:01        0.00
  N265                 JUNCTION     0.06     0.06    39.02     0  02:30        0.06
  N267                 JUNCTION     0.01     0.01    50.37     0  01:25        0.01
  N268                 JUNCTION     0.03     0.03    43.76     0  01:17        0.03
  N269                 JUNCTION     0.03     0.03    41.88     0  01:31        0.03
  N270                 JUNCTION     0.02     0.02    34.75     0  01:41        0.02
  N271                 JUNCTION     0.22     0.23    34.38     0  15:59        0.23
  N272                 JUNCTION     0.01     0.01    40.76     0  00:01        0.01
  N274                 JUNCTION     0.01     0.01    56.74     0  00:37        0.01
  N275                 JUNCTION     0.01     0.01    55.98     0  00:38        0.01
  N276                 JUNCTION     0.06     0.06    32.79     0  03:22        0.06
  N277                 JUNCTION     0.00     0.00    43.51     0  00:16        0.00
  N278                 JUNCTION     0.01     0.01    40.92     0  00:21        0.01
  N279                 JUNCTION     0.02     0.02    49.89     0  01:31        0.02
  N280                 JUNCTION     0.01     0.01    51.31     0  02:07        0.01
  N281                 JUNCTION     0.01     0.01    50.06     0  01:46        0.01
  N285                 JUNCTION     0.01     0.01    46.12     0  00:01        0.01
  N287                 JUNCTION     0.01     0.01    35.06     0  00:02        0.01
  N293                 JUNCTION     0.01     0.01    43.10     0  00:18        0.01
  N294                 JUNCTION     0.01     0.01    42.43     0  00:33        0.01
  N295                 JUNCTION     0.01     0.01    38.73     0  00:31        0.01
  N296                 JUNCTION     0.02     0.02    46.84     0  02:11        0.02
  N297                 JUNCTION     0.02     0.02    44.96     0  02:12        0.02
  N298                 JUNCTION     0.01     0.01    47.65     0  00:32        0.01
  N299                 JUNCTION     0.01     0.01    47.23     0  00:14        0.01
  N300                 JUNCTION     0.05     0.05    34.43     0  01:15        0.05
  N302                 JUNCTION     0.02     0.02    46.97     0  01:53        0.02
  N303                 JUNCTION     0.01     0.01    42.64     0  00:59        0.01
  N307                 JUNCTION     0.02     0.02    33.61     0  01:29        0.02
  N311                 JUNCTION     0.01     0.01    51.68     0  00:21        0.01
  N314                 JUNCTION     0.02     0.02    33.76     0  00:53        0.02
  N317                 JUNCTION     0.01     0.01    51.33     0  00:22        0.01
  N318                 JUNCTION     0.01     0.01    51.10     0  00:46        0.01
  N319                 JUNCTION     0.13     0.13    37.96     0  13:36        0.13
  N321                 JUNCTION     0.03     0.03    34.66     0  01:28        0.03
  N322                 JUNCTION     0.03     0.03    34.18     0  00:53        0.03
  N324                 JUNCTION     0.02     0.02    41.72     0  01:26        0.02
  N325                 JUNCTION     0.05     0.05    39.53     0  06:20        0.05
  N327                 JUNCTION     0.06     0.06    40.72     0  01:23        0.06
  N328                 JUNCTION     0.15     0.15    38.60     0  04:14        0.15
  N331                 JUNCTION     0.01     0.01    35.20     0  00:22        0.01
  N332                 JUNCTION     0.01     0.01    34.90     0  00:51        0.01
  N334                 JUNCTION     0.10     0.10    35.47     0  16:00        0.10
  N336                 JUNCTION     0.01     0.01    51.66     0  00:49        0.01
  N337                 JUNCTION     0.01     0.01    36.31     0  01:39        0.01
  N339                 JUNCTION     0.04     0.04    35.10     0  01:07        0.04
  N340                 JUNCTION     0.02     0.02    43.57     0  05:03        0.02
  N341                 JUNCTION     0.02     0.02    41.90     0  01:24        0.02
  N343                 JUNCTION     0.01     0.01    43.09     0  01:30        0.01
  N345                 JUNCTION     0.01     0.01    39.51     0  00:47        0.01
  N346                 JUNCTION     0.01     0.01    39.33     0  01:03        0.01
  N347                 JUNCTION     0.01     0.01    51.64     0  01:04        0.01
  N353                 JUNCTION     0.01     0.01    46.72     0  00:24        0.01
  N354                 JUNCTION     0.01     0.01    45.14     0  01:07        0.01
  N356                 JUNCTION     0.02     0.02    36.92     0  01:16        0.02
  N357                 JUNCTION     0.01     0.01    37.04     0  00:46        0.01
  N361                 JUNCTION     0.03     0.03    38.45     0  01:30        0.03
  N362                 JUNCTION     0.01     0.01    36.63     0  00:01        0.01
  N363                 JUNCTION     0.01     0.01    36.29     0  00:03        0.01
  N364                 JUNCTION     0.01     0.01    49.50     0  00:41        0.01
  N365                 JUNCTION     0.02     0.02    51.72     0  01:32        0.02
  N366                 JUNCTION     0.48     0.50    35.77     0  15:59        0.50
  N367                 JUNCTION     0.40     0.42    35.64     0  15:58        0.42
  N372                 JUNCTION     0.01     0.01    34.70     0  01:39        0.01
  N375                 JUNCTION     0.01     0.01    47.85     0  02:10        0.01
  N379                 JUNCTION     0.01     0.01    39.74     0  01:13        0.01
  N382                 JUNCTION     0.02     0.02    35.53     0  02:13        0.02
  N383                 JUNCTION     0.01     0.01    35.95     0  00:01        0.01
  N387                 JUNCTION     0.01     0.01    35.98     0  02:12        0.01
  N389                 JUNCTION     0.02     0.02    34.45     0  02:21        0.02
  N391                 JUNCTION     0.02     0.02    45.98     0  03:09        0.02
  N394                 JUNCTION     0.08     0.08    38.79     0  02:05        0.08
  N397                 JUNCTION     0.04     0.04    42.00     0  02:21        0.04
  N401                 JUNCTION     0.05     0.05    32.64     0  01:06        0.05
  N403                 JUNCTION     0.03     0.03    50.93     0  00:00        0.03
  N405                 JUNCTION     0.02     0.02    39.95     0  01:34        0.02
  N406                 JUNCTION     0.01     0.01    40.66     0  00:53        0.01
  N408                 JUNCTION     0.05     0.05    34.83     0  00:48        0.05
  N411                 JUNCTION     0.03     0.03    32.75     0  01:12        0.03
  N412                 JUNCTION     0.01     0.01    42.33     0  00:01        0.01
  N414                 JUNCTION     0.25     0.26    33.31     0  16:00        0.26
  N416                 JUNCTION     0.01     0.01    41.15     0  00:23        0.01
  N418                 JUNCTION     0.02     0.02    38.13     0  01:16        0.02
  N419                 JUNCTION     0.56     0.60    36.41     0  15:59        0.60
  N422                 JUNCTION     0.44     0.47    36.61     0  15:59        0.47
  N426                 JUNCTION     0.03     0.03    45.17     0  08:10        0.03
  N427                 JUNCTION     0.05     0.05    44.88     0  03:46        0.05
  N431                 JUNCTION     0.05     0.05    35.33     0  01:23        0.05
  N432                 JUNCTION     0.05     0.05    35.15     0  01:29        0.05
  N434                 JUNCTION     0.02     0.02    42.79     0  03:11        0.02
  N439                 JUNCTION     0.06     0.06    37.35     0  02:34        0.06
  N440                 JUNCTION     0.06     0.06    37.02     0  05:00        0.06
  N445                 JUNCTION     0.00     0.00    36.30     0  00:00        0.00
  N446                 JUNCTION     0.01     0.01    36.29     0  00:04        0.01
  N447                 JUNCTION     0.09     0.09    55.34     0  01:08        0.09
  N450                 JUNCTION     0.01     0.01    49.62     0  00:03        0.01
  N453                 JUNCTION     0.03     0.03    35.73     0  02:09        0.03
  N455                 JUNCTION     0.01     0.01    38.40     0  00:23        0.01
  N456                 JUNCTION     0.01     0.01    36.37     0  00:33        0.01
  N457                 JUNCTION     0.01     0.01    35.18     0  00:00        0.01
  N458                 JUNCTION     0.03     0.03    35.24     0  02:09        0.03
  N460                 JUNCTION     0.03     0.03    39.57     0  01:29        0.03
  N461                 JUNCTION     0.00     0.00    42.64     0  00:14        0.00
  N464                 JUNCTION     0.02     0.02    40.47     0  01:09        0.02
  N465                 JUNCTION     0.01     0.01    39.19     0  00:45        0.01
  N466                 JUNCTION     0.01     0.01    39.50     0  00:56        0.01
  N467                 JUNCTION     0.00     0.00    57.63     0  00:03        0.00
  N468                 JUNCTION     0.01     0.01    55.81     0  00:26        0.01
  N470                 JUNCTION     0.02     0.02    47.19     0  01:29        0.02
  N471                 JUNCTION     0.03     0.03    46.61     0  01:37        0.03
  N472                 JUNCTION     0.03     0.03    46.20     0  01:29        0.03
  N473                 JUNCTION     0.01     0.01    35.03     0  00:45        0.01
  N474                 JUNCTION     0.03     0.03    50.76     0  00:00        0.03
  N477                 JUNCTION     0.03     0.03    41.45     0  01:27        0.03
  N482                 JUNCTION     0.02     0.02    39.45     0  01:26        0.02
  N483                 JUNCTION     0.01     0.01    41.22     0  00:00        0.01
  N486                 JUNCTION     0.01     0.01    37.49     0  00:40        0.01
  N487                 JUNCTION     0.03     0.03    36.82     0  01:47        0.03
  N488                 JUNCTION     0.03     0.03    51.65     0  00:00        0.03
  N489                 JUNCTION     0.03     0.03    51.54     0  00:17        0.03
  N490                 JUNCTION     0.10     0.10    54.32     0  01:07        0.10
  N491                 JUNCTION     0.01     0.01    53.97     0  00:08        0.01
  N492                 JUNCTION     0.01     0.01    52.82     0  00:24        0.01
  N498                 JUNCTION     0.00     0.00    50.73     0  00:01        0.00
  N499                 JUNCTION     0.25     0.26    33.68     0  15:57        0.26
  N501                 JUNCTION     0.01     0.01    39.47     0  00:37        0.01
  N505                 JUNCTION     0.01     0.01    39.64     0  01:08        0.01
  N507                 JUNCTION     0.02     0.02    45.48     0  01:49        0.02
  N510                 JUNCTION     0.02     0.02    49.96     0  02:11        0.02
  N511                 JUNCTION     0.02     0.02    51.16     0  00:56        0.02
  N515                 JUNCTION     0.01     0.01    58.31     0  00:54        0.01
  N517                 JUNCTION     0.01     0.01    43.11     0  01:06        0.01
  N522                 JUNCTION     0.02     0.02    49.75     0  01:27        0.02
  N530                 JUNCTION     0.13     0.14    37.30     0  00:37        0.14
  N532                 JUNCTION     0.01     0.01    35.08     0  00:03        0.01
  N533                 JUNCTION     0.01     0.01    34.63     0  00:51        0.01
  N534                 JUNCTION     0.03     0.03    32.27     0  01:39        0.03
  N536                 JUNCTION     0.05     0.05    37.06     0  02:11        0.05
  N542                 JUNCTION     0.00     0.00    45.29     0  00:22        0.00
  N544                 JUNCTION     0.01     0.01    39.38     0  00:25        0.01
  N549                 JUNCTION     0.02     0.02    34.04     0  01:18        0.02
  N550                 JUNCTION     0.23     0.24    34.99     0  15:58        0.24
  N552                 JUNCTION     0.02     0.02    40.42     0  02:28        0.02
  N553                 JUNCTION     0.06     0.06    48.20     0  13:33        0.06
  N554                 JUNCTION     0.06     0.06    45.49     0  01:43        0.06
  N557                 JUNCTION     0.01     0.01    35.63     0  00:58        0.01
  N559                 JUNCTION     0.01     0.01    35.28     0  00:33        0.01
  N560                 JUNCTION     0.01     0.01    34.78     0  00:42        0.01
  N561                 JUNCTION     0.03     0.03    32.99     0  01:31        0.03
  N562                 JUNCTION     0.02     0.02    42.89     0  00:45        0.02
  N563                 JUNCTION     0.02     0.02    41.45     0  01:02        0.02
  N564                 JUNCTION     0.00     0.00    49.76     0  00:11        0.00
  N566                 JUNCTION     0.01     0.02    45.78     0  02:49        0.02
  N567                 JUNCTION     0.02     0.02    48.63     0  01:12        0.02
  N569                 JUNCTION     0.02     0.02    44.93     0  01:50        0.02
  N573                 JUNCTION     0.01     0.01    40.73     0  01:02        0.01
  N574                 JUNCTION     0.03     0.03    36.61     0  04:46        0.03
  N576                 JUNCTION     0.05     0.05    49.60     0  00:04        0.05
  N577                 JUNCTION     0.01     0.01    35.98     0  00:35        0.01
  N578                 JUNCTION     0.09     0.09    39.36     0  01:22        0.09
  N581                 JUNCTION     0.01     0.01    41.48     0  00:48        0.01
  N582                 JUNCTION     0.01     0.01    38.66     0  00:45        0.01
  N585                 JUNCTION     0.01     0.01    50.23     0  05:36        0.01
  N587                 JUNCTION     0.02     0.02    46.40     0  01:56        0.02
  N589                 JUNCTION     0.02     0.02    44.07     0  01:23        0.02
  N592                 JUNCTION     0.03     0.03    45.63     0  08:02        0.03
  N593                 JUNCTION     0.02     0.02    53.59     0  00:07        0.02
  N595                 JUNCTION     0.04     0.04    33.47     0  04:50        0.04
  N596                 JUNCTION     0.03     0.03    44.26     0  01:16        0.03
  N597                 JUNCTION     0.02     0.02    32.59     0  01:29        0.02
  N599                 JUNCTION     0.13     0.13    38.90     0  04:19        0.13
  N600                 JUNCTION     0.03     0.03    38.89     0  14:48        0.03
  N605                 JUNCTION     0.03     0.03    37.85     0  02:10        0.03
  N607                 JUNCTION     0.01     0.01    46.23     0  00:18        0.01
  N609                 JUNCTION     0.04     0.04    34.48     0  02:09        0.04
  N610                 JUNCTION     0.04     0.04    34.11     0  00:52        0.04
  N611                 JUNCTION     0.01     0.01    35.31     0  01:07        0.01
  N612                 JUNCTION     0.01     0.01    33.12     0  01:11        0.01
  N614                 JUNCTION     0.01     0.01    33.91     0  00:43        0.01
  N615                 JUNCTION     0.01     0.01    50.88     0  06:47        0.01
  N616                 JUNCTION     0.01     0.01    35.36     0  00:03        0.01
  N618                 JUNCTION     0.05     0.05    35.24     0  02:22        0.05
  N619                 JUNCTION     0.02     0.02    45.37     0  03:20        0.02
  N620                 JUNCTION     0.02     0.02    33.76     0  01:13        0.02
  N621                 JUNCTION     0.01     0.01    33.90     0  00:02        0.01
  N623                 JUNCTION     0.01     0.01    33.45     0  00:02        0.01
  N625                 JUNCTION     0.05     0.05    50.61     0  01:31        0.05
  N626                 JUNCTION     0.05     0.05    49.81     0  01:43        0.05
  N630                 JUNCTION     0.01     0.01    34.85     0  00:58        0.01
  N631                 JUNCTION     0.02     0.02    34.74     0  00:59        0.02
  N632                 JUNCTION     0.01     0.01    49.36     0  00:34        0.01
  N633                 JUNCTION     0.01     0.01    50.96     0  00:25        0.01
  N634                 JUNCTION     0.02     0.02    51.71     0  00:00        0.02
  N640                 JUNCTION     0.00     0.00    41.79     0  00:21        0.00
  N642                 JUNCTION     0.00     0.00    35.37     0  00:00        0.00
  N644                 JUNCTION     0.02     0.04    40.76     0  00:00        0.03
  N645                 JUNCTION     0.04     0.04    35.29     0  01:06        0.04
  N646                 JUNCTION     0.01     0.01    37.15     0  01:18        0.01
  N647                 JUNCTION     0.01     0.01    55.80     0  01:01        0.01
  N649                 JUNCTION     0.41     0.44    36.69     0  16:00        0.44
  N650                 JUNCTION     0.01     0.01    42.40     0  02:16        0.01
  N652                 JUNCTION     0.02     0.02    49.17     0  03:01        0.02
  N655                 JUNCTION     0.01     0.01    43.33     0  03:10        0.01
  N656                 JUNCTION     0.01     0.01    42.35     0  03:10        0.01
  N658                 JUNCTION     0.02     0.02    52.64     0  01:46        0.02
  N659                 JUNCTION     0.01     0.01    44.09     0  00:17        0.01
  N660                 JUNCTION     0.01     0.01    42.43     0  00:32        0.01
  N662                 JUNCTION     0.01     0.01    48.91     0  00:05        0.01
  N664                 JUNCTION     0.01     0.01    47.46     0  00:21        0.01
  N665                 JUNCTION     0.01     0.01    47.16     0  00:04        0.01
  N666                 JUNCTION     0.03     0.03    48.00     0  06:07        0.03
  N668                 JUNCTION     0.02     0.03    50.10     0  00:00        0.02
  N670                 JUNCTION     0.01     0.01    36.07     0  00:32        0.01
  N672                 JUNCTION     0.01     0.01    35.91     0  00:50        0.01
  N673                 JUNCTION     0.01     0.01    45.45     0  00:57        0.01
  N674                 JUNCTION     0.01     0.01    44.80     0  01:01        0.01
  N675                 JUNCTION     0.04     0.04    39.52     0  03:16        0.04
  N676                 JUNCTION     0.01     0.01    40.02     0  00:19        0.01
  N677                 JUNCTION     0.01     0.01    52.06     0  00:04        0.01
  N683                 JUNCTION     0.01     0.01    51.79     0  01:55        0.01
  N685                 JUNCTION     0.01     0.01    49.99     0  00:04        0.01
  N686                 JUNCTION     0.00     0.00    49.64     0  00:06        0.00
  N687                 JUNCTION     0.01     0.01    43.67     0  00:08        0.01
  N688                 JUNCTION     0.01     0.01    43.01     0  00:03        0.01
  N690                 JUNCTION     0.03     0.03    35.11     0  11:27        0.03
  N691                 JUNCTION     0.03     0.03    38.44     0  01:50        0.03
  N692                 JUNCTION     0.02     0.03    47.50     0  03:06        0.03
  N693                 JUNCTION     0.04     0.04    39.91     0  02:40        0.04
  N694                 JUNCTION     0.01     0.01    36.35     0  01:05        0.01
  N695                 JUNCTION     0.01     0.01    47.88     0  00:27        0.01
  N698                 JUNCTION     0.02     0.02    51.77     0  01:03        0.02
  N699                 JUNCTION     0.04     0.04    51.41     0  01:03        0.04
  N700                 JUNCTION     0.08     0.08    52.53     0  01:12        0.08
  N702                 JUNCTION     0.01     0.01    40.29     0  00:53        0.01
  N704                 JUNCTION     0.03     0.03    36.73     0  03:26        0.03
  N705                 JUNCTION     0.03     0.03    36.12     0  01:05        0.03
  N706                 JUNCTION     0.01     0.01    46.10     0  00:55        0.01
  N711                 JUNCTION     0.06     0.06    38.60     0  02:40        0.06
  N713                 JUNCTION     0.01     0.01    35.13     0  00:46        0.01
  N714                 JUNCTION     0.01     0.01    41.40     0  00:22        0.01
  N715                 JUNCTION     0.01     0.01    35.67     0  00:45        0.01
  N716                 JUNCTION     0.01     0.01    47.09     0  00:41        0.01
  N717                 JUNCTION     0.04     0.05    35.86     0  12:35        0.05
  N719                 JUNCTION     0.02     0.02    33.44     0  01:08        0.02
  N720                 JUNCTION     0.01     0.01    50.27     0  00:29        0.01
  N722                 JUNCTION     0.01     0.01    46.67     0  00:45        0.01
  N723                 JUNCTION     0.02     0.02    51.91     0  00:00        0.02
  N725                 JUNCTION     0.02     0.02    46.53     0  03:06        0.02
  N726                 JUNCTION     0.02     0.02    57.68     0  00:09        0.02
  N727                 JUNCTION     0.02     0.02    57.16     0  01:02        0.02
  N728                 JUNCTION     0.01     0.01    36.64     0  00:39        0.01
  N729                 JUNCTION     0.00     0.00    50.11     0  00:16        0.00
  N734                 JUNCTION     0.01     0.01    38.38     0  00:26        0.01
  N735                 JUNCTION     0.01     0.01    37.49     0  00:06        0.01
  N736                 JUNCTION     0.02     0.03    37.85     0  01:23        0.03
  N737                 JUNCTION     0.05     0.05    38.27     0  02:40        0.05
  N738                 JUNCTION     0.05     0.05    38.00     0  02:00        0.05
  N741                 JUNCTION     0.02     0.02    58.89     0  00:02        0.02
  N745                 JUNCTION     0.05     0.05    47.93     0  11:35        0.05
  N748                 JUNCTION     0.01     0.01    35.29     0  01:11        0.01
  N749                 JUNCTION     0.27     0.29    34.52     0  15:59        0.29
  N750                 JUNCTION     0.08     0.08    53.15     0  01:08        0.08
  N751                 JUNCTION     0.01     0.01    52.37     0  00:27        0.01
  N753                 JUNCTION     0.04     0.04    36.78     0  01:23        0.04
  N754                 JUNCTION     0.01     0.01    46.70     0  00:28        0.01
  N755                 JUNCTION     0.04     0.04    35.30     0  09:12        0.04
  N756                 JUNCTION     0.03     0.03    31.99     0  01:47        0.03
  N758                 JUNCTION     0.05     0.05    43.73     0  01:56        0.05
  N762                 JUNCTION     0.01     0.01    54.29     0  00:45        0.01
  N763                 JUNCTION     0.02     0.02    36.30     0  01:16        0.02
  N764                 JUNCTION     0.01     0.01    54.23     0  00:44        0.01
  N766                 JUNCTION     0.01     0.01    35.06     0  00:06        0.01
  N768                 JUNCTION     0.02     0.02    40.35     0  01:03        0.02
  N771                 JUNCTION     0.02     0.02    42.12     0  00:47        0.02
  N772                 JUNCTION     0.01     0.01    36.84     0  00:04        0.01
  N777                 JUNCTION     0.01     0.01    38.62     0  00:02        0.01
  N778                 JUNCTION     0.01     0.01    38.06     0  00:49        0.01
  N779                 JUNCTION     0.00     0.00    44.71     0  00:00        0.00
  N780                 JUNCTION     0.01     0.01    38.63     0  00:49        0.01
  N781                 JUNCTION     0.01     0.01    40.75     0  01:07        0.01
  N783                 JUNCTION     0.01     0.01    37.53     0  00:50        0.01
  N787                 JUNCTION     0.06     0.06    41.08     0  03:08        0.06
  N788                 JUNCTION     0.01     0.01    38.74     0  01:00        0.01
  N789                 JUNCTION     0.01     0.01    36.56     0  00:03        0.01
  N791                 JUNCTION     0.01     0.01    38.60     0  00:40        0.01
  N792                 JUNCTION     0.02     0.02    50.69     0  00:03        0.02
  N794                 JUNCTION     0.28     0.30    34.64     0  15:59        0.30
  N795                 JUNCTION     0.01     0.01    54.11     0  00:02        0.01
  N796                 JUNCTION     0.01     0.01    46.56     0  00:34        0.01
  N798                 JUNCTION     0.30     0.31    35.31     0  15:59        0.31
  N799                 JUNCTION     0.01     0.01    40.99     0  01:54        0.01
  N801                 JUNCTION     0.01     0.01    33.85     0  00:03        0.01
  N804                 JUNCTION     0.25     0.26    32.91     0  15:58        0.26
  N806                 JUNCTION     0.02     0.02    33.10     0  02:03        0.02
  N807                 JUNCTION     0.01     0.01    37.30     0  00:46        0.01
  N808                 JUNCTION     0.01     0.01    35.12     0  00:02        0.01
  N809                 JUNCTION     0.01     0.01    34.81     0  00:35        0.01
  N811                 JUNCTION     0.01     0.01    38.55     0  00:30        0.01
  N814                 JUNCTION     0.01     0.01    41.65     0  00:38        0.01
  N815                 JUNCTION     0.02     0.02    46.03     0  01:28        0.02
  N816                 JUNCTION     0.01     0.01    46.54     0  00:43        0.01
  N817                 JUNCTION     0.01     0.01    46.67     0  00:02        0.01
  N819                 JUNCTION     0.13     0.13    37.80     0  06:26        0.13
  N822                 JUNCTION     0.02     0.02    49.08     0  00:43        0.02
  N823                 JUNCTION     0.02     0.02    45.01     0  00:15        0.02
  N827                 JUNCTION     0.01     0.01    36.05     0  00:45        0.01
  N828                 JUNCTION     0.05     0.05    35.02     0  08:28        0.05
  N829                 JUNCTION     0.01     0.01    40.35     0  00:03        0.01
  N830                 JUNCTION     0.00     0.00    48.07     0  00:11        0.00
  N832                 JUNCTION     0.01     0.01    50.33     0  00:00        0.01
  N833                 JUNCTION     0.01     0.01    41.22     0  03:51        0.01
  N834                 JUNCTION     0.01     0.01    35.85     0  00:03        0.01
  N836                 JUNCTION     0.01     0.01    37.25     0  01:22        0.01
  N837                 JUNCTION     0.01     0.01    35.38     0  00:01        0.01
  N838                 JUNCTION     0.01     0.01    37.18     0  00:01        0.01
  N839                 JUNCTION     0.01     0.01    34.66     0  00:34        0.01
  N840                 JUNCTION     0.02     0.02    34.64     0  00:06        0.02
  N842                 JUNCTION     0.02     0.02    42.99     0  00:45        0.02
  N845                 JUNCTION     0.01     0.01    48.34     0  00:04        0.01
  N847                 JUNCTION     0.02     0.02    39.99     0  01:02        0.02
  N849                 JUNCTION     0.01     0.01    39.25     0  00:01        0.01
  N851                 JUNCTION     0.02     0.02    36.14     0  01:25        0.02
  N853                 JUNCTION     0.01     0.01    40.86     0  00:36        0.01
  N854                 JUNCTION     0.01     0.01    34.24     0  00:11        0.01
  N855                 JUNCTION     0.01     0.01    35.26     0  00:02        0.01
  N857                 JUNCTION     0.02     0.02    51.40     0  01:01        0.02
  N858                 JUNCTION     0.09     0.10    55.92     0  00:00        0.09
  N862                 JUNCTION     0.01     0.01    41.63     0  00:12        0.01
  N863                 JUNCTION     0.01     0.01    41.50     0  00:28        0.01
  N865                 JUNCTION     0.04     0.04    37.78     0  01:32        0.04
  N869                 JUNCTION     0.04     0.04    38.62     0  01:20        0.04
  N870                 JUNCTION     0.04     0.04    42.85     0  01:18        0.04
  N871                 JUNCTION     0.05     0.05    32.91     0  00:26        0.05
  N873                 JUNCTION     0.01     0.01    37.99     0  00:28        0.01
  N874                 JUNCTION     0.01     0.01    37.63     0  00:50        0.01
  N875                 JUNCTION     0.01     0.01    36.05     0  01:05        0.01
  N877                 JUNCTION     0.26     0.28    36.06     0  15:59        0.28
  N878                 JUNCTION     0.02     0.02    52.98     0  00:54        0.02
  N886                 JUNCTION     0.01     0.01    46.39     0  00:46        0.01
  N887                 JUNCTION     0.04     0.04    33.90     0  14:56        0.04
  N888                 JUNCTION     0.08     0.09    32.47     0  01:09        0.09
  N890                 JUNCTION     0.02     0.02    48.29     0  03:03        0.02
  N892                 JUNCTION     0.00     0.00    51.47     0  00:01        0.00
  N893                 JUNCTION     0.25     0.26    33.03     0  15:59        0.26
  N894                 JUNCTION     0.01     0.02    35.93     0  00:04        0.02
  N895                 JUNCTION     0.01     0.01    38.01     0  00:03        0.01
  N899                 JUNCTION     0.02     0.02    48.76     0  06:31        0.02
  N903                 JUNCTION     0.01     0.01    33.85     0  00:54        0.01
  N906                 JUNCTION     0.13     0.13    37.55     0  02:58        0.13
  N908                 JUNCTION     0.01     0.01    36.69     0  00:03        0.01
  N909                 JUNCTION     0.01     0.01    39.42     0  00:05        0.01
  N912                 JUNCTION     0.01     0.01    49.11     0  00:41        0.01
  N913                 JUNCTION     0.01     0.01    48.36     0  00:43        0.01
  N914                 JUNCTION     0.03     0.03    40.38     0  01:10        0.03
  N915                 JUNCTION     0.01     0.01    41.01     0  00:30        0.01
  N916                 JUNCTION     0.01     0.01    42.99     0  00:02        0.01
  N919                 JUNCTION     0.05     0.05    33.16     0  01:19        0.05
  N921                 JUNCTION     0.01     0.01    34.88     0  00:46        0.01
  N922                 JUNCTION     0.24     0.25    34.87     0  15:59        0.25
  N923                 JUNCTION     0.09     0.09    33.44     0  16:00        0.09
  N924                 JUNCTION     0.03     0.03    42.39     0  00:00        0.03
  N925                 JUNCTION     0.02     0.02    48.56     0  02:12        0.02
  N926                 JUNCTION     0.01     0.01    36.43     0  00:50        0.01
  N929                 JUNCTION     0.04     0.04    49.29     0  00:09        0.04
  N930                 JUNCTION     0.03     0.03    38.79     0  01:48        0.03
  N931                 JUNCTION     0.01     0.01    41.02     0  02:17        0.01
  N938                 JUNCTION     0.02     0.02    44.38     0  00:25        0.02
  N939                 JUNCTION     0.00     0.00    34.91     0  00:01        0.00
  N940                 JUNCTION     0.01     0.01    39.37     0  03:39        0.01
  N941                 JUNCTION     0.06     0.06    32.99     0  04:50        0.06
  N942                 JUNCTION     0.23     0.24    34.22     0  16:00        0.24
  N944                 JUNCTION     0.02     0.02    42.48     0  01:23        0.02
  N950                 JUNCTION     0.06     0.06    32.86     0  13:22        0.06
  N951                 JUNCTION     0.02     0.02    36.49     0  00:41        0.02
  N952                 JUNCTION     0.01     0.01    35.65     0  00:48        0.01
  N954                 JUNCTION     0.05     0.05    41.59     0  03:08        0.05
  N956                 JUNCTION     0.00     0.01    38.96     0  00:01        0.01
  N957                 JUNCTION     0.01     0.01    50.57     0  00:45        0.01
  N959                 JUNCTION     0.01     0.01    39.76     0  00:03        0.01
  N960                 JUNCTION     0.01     0.01    33.90     0  00:38        0.01
  N961                 JUNCTION     0.02     0.02    33.67     0  01:08        0.02
  N962                 JUNCTION     0.01     0.01    46.63     0  01:15        0.01
  N963                 JUNCTION     0.28     0.30    35.23     0  16:00        0.30
  N964                 JUNCTION     0.01     0.01    39.05     0  00:53        0.01
  N966                 JUNCTION     0.01     0.01    43.88     0  01:13        0.01
  N967                 JUNCTION     0.10     0.11    36.41     0  16:00        0.11
  N968                 JUNCTION     0.01     0.01    36.57     0  00:58        0.01
  N970                 JUNCTION     0.01     0.01    36.83     0  00:27        0.01
  N971                 JUNCTION     0.01     0.01    36.70     0  00:06        0.01
  N972                 JUNCTION     0.01     0.01    50.52     0  00:22        0.01
  N974                 JUNCTION     0.01     0.01    37.07     0  00:01        0.01
  N975                 JUNCTION     0.01     0.01    40.16     0  00:00        0.01
  N976                 JUNCTION     0.01     0.01    39.97     0  00:02        0.01
  N977                 JUNCTION     0.02     0.02    51.27     0  01:46        0.02
  N978                 JUNCTION     0.01     0.01    51.14     0  00:18        0.01
  N979                 JUNCTION     0.01     0.01    35.38     0  00:03        0.01
  N980                 JUNCTION     0.01     0.01    34.85     0  01:23        0.01
  N984                 JUNCTION     0.01     0.01    41.10     0  00:03        0.01
  N985                 JUNCTION     0.01     0.01    51.52     0  00:19        0.01
  N986                 JUNCTION     0.00     0.00    50.41     0  00:00        0.00
  N987                 JUNCTION     0.03     0.04    51.45     0  00:00        0.03
  N990                 JUNCTION     0.01     0.01    52.12     0  00:05        0.01
  N991                 JUNCTION     0.55     0.58    35.89     0  15:59        0.58
  N992                 JUNCTION     0.01     0.01    38.83     0  01:33        0.01
  N994                 JUNCTION     0.01     0.01    34.86     0  01:33        0.01
  N995                 JUNCTION     0.01     0.01    46.98     0  00:05        0.01
  N996                 JUNCTION     0.01     0.01    41.95     0  00:02        0.01
  N997                 JUNCTION     0.00     0.00    31.57     0  00:00        0.00
  N998                 JUNCTION     0.00     0.00    38.65     0  00:12        0.00
  N999                 JUNCTION     0.01     0.01    34.49     0  00:19        0.01
  N1000                JUNCTION     0.01     0.01    52.42     0  00:03        0.01
  N1001                JUNCTION     0.75     0.79    36.24     0  16:00        0.79
  N1002                JUNCTION     0.00     0.00    51.81     0  00:22        0.00
  N1003                JUNCTION     0.01     0.01    43.36     0  03:16        0.01
  N1005                JUNCTION     0.01     0.01    37.06     0  00:05        0.01
  N1006                JUNCTION     0.01     0.01    42.90     0  01:07        0.01
  N1007                JUNCTION     0.01     0.01    40.71     0  01:01        0.01
  N1009                JUNCTION     0.01     0.01    36.20     0  01:24        0.01
  MH4454411            STORAGE      0.04     0.04    34.91     0  01:09        0.04
  MH4450314            STORAGE      0.02     0.02    51.52     0  00:01        0.02
  MH4428367            STORAGE      0.01     0.01    47.08     0  00:55        0.01
  MH4428606            STORAGE      0.02     0.02    43.59     0  08:13        0.02
  MH4454744            STORAGE      0.01     0.01    35.81     0  00:44        0.01
  MH4452397            STORAGE      0.01     0.01    49.61     0  00:31        0.01
  MH4453133            STORAGE      0.04     0.04    35.88     0  04:20        0.04
  MH4447602            STORAGE      0.01     0.01    42.67     0  02:20        0.01
  MH4429312            STORAGE      0.06     0.06    40.34     0  04:58        0.06
  MH4453788            STORAGE      0.01     0.01    35.91     0  00:53        0.01
  MH4456108            STORAGE      0.02     0.02    36.52     0  02:15        0.02
  MH4454209            STORAGE      0.04     0.04    48.62     0  00:13        0.04
  MH1624017            STORAGE      0.02     0.02    34.13     0  01:10        0.02
  MH1623826            STORAGE      0.02     0.02    33.88     0  01:11        0.02
  MH4429136            STORAGE      0.08     0.08    40.53     0  08:04        0.08
  MH4501201            STORAGE      0.06     0.06    33.10     0  03:10        0.06
  MH4501544            STORAGE      0.25     0.27    32.63     0  15:59        0.27
  MH4454640            STORAGE      0.04     0.04    48.14     0  03:14        0.04
  MH4453512            STORAGE      0.05     0.05    35.48     0  02:12        0.05
  MH4452154            STORAGE      0.03     0.03    35.59     0  04:51        0.03
  MH4452217            STORAGE      0.04     0.04    35.51     0  05:06        0.04
  MH4446824            STORAGE      0.04     0.04    39.96     0  02:58        0.04
  MH4453931            STORAGE      0.01     0.01    50.47     0  02:04        0.01
  MH4456468            STORAGE      0.01     0.01    36.66     0  00:50        0.01
  MH4502097            STORAGE      0.24     0.25    32.42     0  15:59        0.25
  MH4447369            STORAGE      0.02     0.02    53.77     0  00:52        0.02
  MH4448345            STORAGE      0.08     0.08    38.74     0  04:20        0.08
  MH4448419            STORAGE      0.15     0.15    38.71     0  04:24        0.15
  MH4449083            STORAGE      0.01     0.01    51.36     0  00:43        0.01
  MH4499116            STORAGE      0.02     0.02    42.21     0  01:32        0.02
  MH4454674            STORAGE      0.02     0.02    50.46     0  00:56        0.02
  MH4427688            STORAGE      0.02     0.02    48.69     0  01:00        0.02
  MH4448753            STORAGE      0.01     0.01    53.02     0  01:43        0.01
  MH1627682            STORAGE      0.02     0.02    32.83     0  01:22        0.02
  MH4452538            STORAGE      0.01     0.01    47.91     0  00:46        0.01
  MH5118586            STORAGE      0.02     0.02    42.36     0  03:41        0.02
  MH4452724            STORAGE      0.01     0.01    40.73     0  01:01        0.01
  MH4448853            STORAGE      0.06     0.06    38.41     0  02:40        0.06
  MH4500422            STORAGE      0.02     0.02    39.00     0  03:15        0.02
  MH4449806            STORAGE      0.04     0.04    37.49     0  02:04        0.04
  MH4450137            STORAGE      0.05     0.05    37.21     0  02:10        0.05
  MH4428117            STORAGE      0.00     0.00    48.31     0  00:18        0.00
  MH4428139            STORAGE      0.01     0.01    48.02     0  00:58        0.01
  MH4455909            STORAGE      0.25     0.26    33.81     0  15:59        0.26
  MH4451823            STORAGE      0.04     0.04    34.71     0  05:32        0.04
  MH4450787            STORAGE      0.01     0.01    42.84     0  00:06        0.01
  MH4428026            STORAGE      0.01     0.01    48.11     0  01:35        0.01
  MH4501866            STORAGE      0.08     0.08    32.67     0  05:34        0.08
  MH1627986            STORAGE      0.03     0.03    33.30     0  01:12        0.03
  MH4499632            STORAGE      0.03     0.03    44.77     0  03:27        0.03
  MH4429035            STORAGE      0.01     0.01    43.31     0  01:04        0.01
  MH4449704            STORAGE      0.03     0.03    39.75     0  04:42        0.03
  MH4449118            STORAGE      0.04     0.04    39.23     0  04:41        0.04
  MH1629281            STORAGE      0.03     0.03    32.87     0  01:31        0.03
  MH4454718            STORAGE      0.01     0.01    48.63     0  02:07        0.01
  MH4451287            STORAGE      0.06     0.06    42.67     0  02:01        0.06
  MH4450219            STORAGE      0.02     0.02    47.54     0  01:52        0.02
  MH4449321            STORAGE      0.02     0.02    38.24     0  01:09        0.02
  MH4448509            STORAGE      0.02     0.02    38.88     0  01:04        0.02
  MH4428524            STORAGE      0.06     0.06    50.59     0  01:48        0.06
  MH1627084            STORAGE      0.02     0.02    34.22     0  01:08        0.02
  MH4455762            STORAGE      0.03     0.03    35.46     0  01:00        0.03
  MH4452721            STORAGE      0.04     0.04    36.33     0  01:38        0.04
  MH4447128            STORAGE      0.02     0.02    39.74     0  01:43        0.02
  MH4447726            STORAGE      0.03     0.03    39.20     0  01:46        0.03
  MH4428268            STORAGE      0.04     0.04    43.72     0  04:58        0.04
  MH4428636            STORAGE      0.05     0.05    42.01     0  01:21        0.05
  MH4452977            STORAGE      0.02     0.02    36.55     0  01:22        0.02
  MH1632309            STORAGE      0.16     0.17    29.93     0  15:57        0.17
  MH4500035            STORAGE      0.05     0.05    33.44     0  01:19        0.05
  MH4451759            STORAGE      0.01     0.01    35.89     0  00:48        0.01
  MH4454490            STORAGE      0.02     0.02    39.80     0  07:28        0.02
  MH4447880            STORAGE      0.04     0.04    41.23     0  02:30        0.04
  MH4499417            STORAGE      0.04     0.04    34.25     0  15:10        0.04
  MH4453579            STORAGE      0.23     0.24    35.12     0  15:57        0.24
  MH4451531            STORAGE      0.01     0.01    36.29     0  00:47        0.01
  MH4449785            STORAGE      0.16     0.16    38.08     0  07:44        0.16
  MH4447416            STORAGE      0.01     0.01    39.85     0  01:11        0.01
  MH4453124            STORAGE      0.02     0.02    39.87     0  01:12        0.02
  MH5228371            STORAGE      0.01     0.01    39.73     0  00:46        0.01
  MH6153571            STORAGE      0.25     0.26    33.41     0  15:58        0.26
  MH4427425            STORAGE      0.01     0.01    55.80     0  02:35        0.01
  MH7465841            STORAGE      0.06     0.06    42.35     0  01:43        0.06
  MH4451971            STORAGE      0.01     0.01    48.55     0  00:43        0.01
  MH4450757            STORAGE      0.05     0.05    45.86     0  03:39        0.05
  MH4447684            STORAGE      0.01     0.01    45.05     0  00:48        0.01
  MH4449173            STORAGE      0.14     0.14    38.39     0  04:16        0.14
  MH4451058            STORAGE      0.03     0.03    45.99     0  01:27        0.03
  MH4452032            STORAGE      0.01     0.01    37.49     0  01:30        0.01
  MH4451840            STORAGE      0.02     0.02    36.68     0  04:56        0.02
  MH1790845            STORAGE      0.02     0.02    47.90     0  03:03        0.02
  MH4456553            STORAGE      0.25     0.26    33.55     0  15:59        0.26
  MH4449510            STORAGE      0.05     0.05    51.12     0  02:20        0.05
  MH4428713            STORAGE      0.02     0.02    40.66     0  01:19        0.02
  MH4428995            STORAGE      0.02     0.02    39.87     0  01:25        0.02
  MH4447351            STORAGE      0.01     0.01    51.65     0  02:06        0.01
  MH4450170            STORAGE      0.05     0.05    49.06     0  01:37        0.05
  MH4500254            STORAGE      0.01     0.01    34.36     0  00:59        0.01
  MH4448662            STORAGE      0.02     0.02    52.33     0  01:23        0.02
  MH4429357            STORAGE      0.05     0.05    39.29     0  02:07        0.05
  MH5286735            STORAGE      0.01     0.01    50.47     0  00:45        0.01
  MH4449860            STORAGE      0.01     0.01    40.56     0  01:04        0.01
  MH4452919            STORAGE      0.01     0.01    36.63     0  01:20        0.01
  MH4450449            STORAGE      0.16     0.17    37.19     0  02:09        0.17
  MH4450581            STORAGE      0.17     0.17    36.81     0  16:00        0.17
  MH6042164            STORAGE      0.02     0.02    45.86     0  01:23        0.02
  MH1625395            STORAGE      0.02     0.02    34.45     0  01:15        0.02
  MH4447397            STORAGE      0.02     0.02    38.75     0  01:44        0.02
  MH5241467            STORAGE      0.02     0.02    38.46     0  01:46        0.02
  MH4455121            STORAGE      0.23     0.24    34.38     0  16:00        0.24
  MH4428765            STORAGE      0.01     0.01    40.85     0  01:00        0.01
  MH1624138            STORAGE      0.25     0.27    33.17     0  15:59        0.27
  MH4452902            STORAGE      0.02     0.02    50.04     0  00:00        0.02
  MH4452980            STORAGE      0.02     0.02    49.66     0  15:03        0.02
  MH4451333            STORAGE      0.01     0.01    51.10     0  00:22        0.01
  MH1623974            STORAGE      0.02     0.02    34.38     0  01:29        0.02
  MH4428320            STORAGE      0.02     0.02    45.23     0  00:09        0.02
  MH1632398            STORAGE      0.18     0.19    29.78     0  15:57        0.19
  MH4447643            STORAGE      0.14     0.14    37.87     0  13:19        0.14
  MH4452081            STORAGE      0.02     0.02    44.17     0  01:26        0.02
  MH4429013            STORAGE      0.05     0.06    41.17     0  09:46        0.06
  MH4429468            STORAGE      0.02     0.02    38.90     0  01:24        0.02
  MH4446883            STORAGE      0.02     0.02    38.57     0  01:25        0.02
  MH4451092            STORAGE      0.03     0.03    45.70     0  01:27        0.03
  MH4448796            STORAGE      0.01     0.01    51.88     0  00:48        0.01
  MH4500902            STORAGE      0.04     0.04    34.78     0  03:15        0.04
  MH4449330            STORAGE      0.01     0.01    52.18     0  01:55        0.01
  MH4450211            STORAGE      0.01     0.01    41.86     0  01:05        0.01
  MH4453770            STORAGE      0.04     0.04    50.92     0  07:45        0.04
  MH4429527            STORAGE      0.02     0.02    39.23     0  01:30        0.02
  MH4450975            STORAGE      0.02     0.02    37.54     0  01:02        0.02
  MH4450207            STORAGE      0.01     0.01    39.28     0  01:28        0.01
  MH4453740            STORAGE      0.02     0.02    45.14     0  06:10        0.02
  MH4429179            STORAGE      0.03     0.03    38.71     0  00:13        0.03
  MH4452527            STORAGE      0.37     0.39    35.60     0  16:00        0.39
  MH4452680            STORAGE      0.30     0.31    35.47     0  15:58        0.31
  MH1624769            STORAGE      0.25     0.26    33.07     0  15:59        0.26
  MH4454629            STORAGE      0.05     0.05    34.66     0  05:05        0.05
  MH1624494            STORAGE      0.02     0.02    32.56     0  01:15        0.02
  MH4451143            STORAGE      0.01     0.01    37.90     0  00:07        0.01
  MH4450922            STORAGE      0.68     0.72    36.55     0  16:00        0.72
  MH4451207            STORAGE      0.85     0.90    36.41     0  15:59        0.90
  MH8963773            STORAGE      0.06     0.06    38.82     0  05:54        0.06
  MH4454643            STORAGE      0.02     0.02    48.95     0  03:03        0.02
  MH4426971            STORAGE      0.00     0.00    57.44     0  00:31        0.00
  MH4453970            STORAGE      0.02     0.02    35.28     0  08:30        0.02
  MH4498454            STORAGE      0.02     0.02    46.35     0  03:09        0.02
  MH4429503            STORAGE      0.13     0.13    38.09     0  03:01        0.13
  MH4429645            STORAGE      0.03     0.03    42.19     0  02:21        0.03
  MH4452011            STORAGE      0.37     0.40    36.41     0  15:59        0.40
  MH4451871            STORAGE      0.44     0.48    36.41     0  15:59        0.48
  MH4449103            STORAGE      0.10     0.10    38.45     0  04:15        0.10
  MH4499048            STORAGE      0.01     0.01    38.86     0  00:46        0.01
  MH4499729            STORAGE      0.02     0.02    40.41     0  01:25        0.02
  MH4456532            STORAGE      0.03     0.03    39.76     0  01:31        0.03
  MH4454376            STORAGE      0.29     0.30    34.74     0  16:00        0.30
  MH4499323            STORAGE      0.01     0.01    38.64     0  00:47        0.01
  MH1623928            STORAGE      0.25     0.26    33.22     0  15:59        0.26
  MH4428920            STORAGE      0.01     0.01    40.26     0  00:41        0.01
  MH4449849            STORAGE      0.02     0.02    38.19     0  00:25        0.02
  MH4455780            STORAGE      0.03     0.03    45.66     0  08:08        0.03
  MH4429019            STORAGE      0.06     0.06    43.75     0  02:00        0.06
  MH4447394            STORAGE      0.13     0.13    39.07     0  03:39        0.13
  MH4453315            STORAGE      0.01     0.01    46.65     0  01:22        0.01
  MH4453553            STORAGE      0.01     0.01    46.25     0  05:06        0.01
  MH4428426            STORAGE      0.01     0.01    49.22     0  00:41        0.01
  MH4428245            STORAGE      0.01     0.01    47.76     0  08:00        0.01
  MH4450378            STORAGE      0.17     0.18    37.61     0  09:39        0.18
  MH4450554            STORAGE      0.16     0.17    37.37     0  09:40        0.17
  MH1631057            STORAGE      0.19     0.20    31.32     0  16:00        0.20
  MH1631514            STORAGE      0.16     0.17    30.88     0  15:56        0.17
  MH4427095            STORAGE      0.09     0.09    54.88     0  01:05        0.09
  MH4455516            STORAGE      0.01     0.01    49.18     0  01:07        0.01
  MH1623725            STORAGE      0.03     0.03    36.22     0  02:09        0.03
  MH4456551            STORAGE      0.04     0.04    34.86     0  02:46        0.04
  MH4453489            STORAGE      0.09     0.09    35.12     0  15:58        0.09
  MH4449436            STORAGE      0.02     0.02    41.79     0  01:09        0.02
  MH4455808            STORAGE      0.02     0.02    47.88     0  01:29        0.02
  MH4450920            STORAGE      0.03     0.03    50.67     0  01:20        0.03
  MH4451516            STORAGE      0.03     0.03    42.90     0  01:17        0.03
  MH4452994            STORAGE      0.05     0.06    35.56     0  01:35        0.06
  MH4452189            STORAGE      0.51     0.54    35.83     0  15:59        0.54
  MH4449882            STORAGE      0.02     0.03    39.80     0  04:41        0.03
  MH1629073            STORAGE      0.01     0.01    33.37     0  00:07        0.01
  MH4429320            STORAGE      0.01     0.01    41.13     0  00:33        0.01
  MH4451945            STORAGE      0.07     0.07    39.55     0  02:12        0.07
  MH4452809            STORAGE      0.01     0.01    36.79     0  01:01        0.01
  MH4452632            STORAGE      0.02     0.02    36.61     0  01:22        0.02
  MH4453981            STORAGE      0.01     0.01    40.44     0  00:33        0.01
  MH4320104            STORAGE      0.02     0.02    46.02     0  01:39        0.02
  MH4426673            STORAGE      0.01     0.01    59.15     0  00:45        0.01
  MH4450077            STORAGE      0.01     0.01    45.04     0  01:05        0.01
  MH4428836            STORAGE      0.03     0.03    40.50     0  02:21        0.03
  MH4429107            STORAGE      0.05     0.05    39.80     0  02:07        0.05
  MH4429656            STORAGE      0.02     0.02    38.42     0  01:52        0.02
  MH4450617            STORAGE      0.01     0.01    44.32     0  01:30        0.01
  MH4448392            STORAGE      0.01     0.01    42.78     0  01:06        0.01
  MH4448813            STORAGE      0.02     0.02    42.19     0  01:35        0.02
  MH4449913            STORAGE      0.13     0.14    37.42     0  11:15        0.14
  MH4427309            STORAGE      0.01     0.01    54.82     0  00:44        0.01
  MH1625316            STORAGE      0.03     0.03    32.18     0  01:15        0.03
  MH4429584            STORAGE      0.01     0.01    38.89     0  00:39        0.01
  MH4429544            STORAGE      0.01     0.01    38.68     0  01:12        0.01
  MH4452946            STORAGE      0.04     0.04    36.10     0  03:12        0.04
  MH4428797            STORAGE      0.01     0.01    44.06     0  01:01        0.01
  MH4451468            STORAGE      0.03     0.03    35.91     0  02:22        0.03
  MH4450391            STORAGE      0.07     0.07    36.91     0  01:33        0.07
  MH4450531            STORAGE      0.09     0.10    36.68     0  16:00        0.10
  MH1629194            STORAGE      0.25     0.26    31.93     0  15:59        0.26
  MH4449977            STORAGE      0.02     0.02    41.11     0  02:17        0.02
  MH4454125            STORAGE      0.03     0.03    35.30     0  06:38        0.03
  MH4453047            STORAGE      0.01     0.01    49.46     0  04:58        0.01
  MH4455813            STORAGE      0.03     0.03    48.13     0  01:29        0.03
  MH4451576            STORAGE      0.01     0.01    41.87     0  00:37        0.01
  MH4450193            STORAGE      0.16     0.17    37.74     0  09:11        0.17
  MH4449635            STORAGE      0.02     0.02    50.45     0  01:01        0.02
  MH4454657            STORAGE      0.02     0.02    49.53     0  06:09        0.02
  MH4428800            STORAGE      0.01     0.01    45.26     0  00:48        0.01
  MH4452071            STORAGE      0.03     0.03    39.67     0  01:14        0.03
  MH4454876            STORAGE      0.01     0.01    48.15     0  02:09        0.01
  MH4455429            STORAGE      0.01     0.01    45.10     0  02:14        0.01
  MH4448762            STORAGE      0.03     0.03    38.13     0  01:50        0.03
  MH4454901            STORAGE      0.01     0.01    42.33     0  00:20        0.01
  MH1624202            STORAGE      0.01     0.01    32.66     0  01:12        0.01
  MH4454195            STORAGE      0.02     0.02    35.33     0  01:40        0.02
  MH1626450            STORAGE      0.01     0.01    33.30     0  01:36        0.01
  MH1626578            STORAGE      0.02     0.02    33.24     0  01:20        0.02
  MH4429411            STORAGE      0.01     0.01    42.21     0  01:08        0.01
  MH4501851            STORAGE      0.08     0.08    32.69     0  08:59        0.08
  MH4456372            STORAGE      0.02     0.02    47.22     0  03:04        0.02
  MH5216010            STORAGE      0.01     0.01    47.60     0  00:24        0.01
  MH4498407            STORAGE      0.02     0.02    46.43     0  03:11        0.02
  MH4453748            STORAGE      0.01     0.01    35.07     0  00:44        0.01
  MH4427312            STORAGE      0.01     0.01    54.03     0  01:05        0.01
  MH4451113            STORAGE      0.02     0.02    50.46     0  01:20        0.02
  MH4450100            STORAGE      0.01     0.01    40.33     0  01:16        0.01
  MH4450180            STORAGE      0.01     0.02    38.99     0  01:22        0.02
  MH4429323            STORAGE      0.01     0.01    53.33     0  01:36        0.01
  MH4449920            STORAGE      0.01     0.01    49.32     0  02:07        0.01
  MH1790382            STORAGE      0.01     0.01    48.42     0  01:36        0.01
  MH4455602            STORAGE      0.02     0.02    47.18     0  06:09        0.02
  MH4429471            STORAGE      0.02     0.02    40.40     0  01:41        0.02
  MH4451886            STORAGE      0.65     0.68    36.06     0  16:00        0.68
  MH4450802            STORAGE      0.01     0.01    51.01     0  01:19        0.01
  MH4447506            STORAGE      0.01     0.01    53.55     0  01:06        0.01
  MH4429499            STORAGE      0.09     0.09    39.64     0  02:03        0.09
  MH4447691            STORAGE      0.14     0.14    37.86     0  04:07        0.14
  MH4449485            STORAGE      0.05     0.05    51.19     0  03:02        0.05
  MH5233531            STORAGE      0.03     0.03    35.25     0  01:31        0.03
  MH4428146            STORAGE      0.01     0.01    45.05     0  00:44        0.01
  MH4428096            STORAGE      0.12     0.12    51.60     0  00:15        0.12
  MH4450167            STORAGE      0.02     0.02    38.64     0  01:29        0.02
  MH1630330            STORAGE      0.04     0.04    31.39     0  01:43        0.04
  MH1630926            STORAGE      0.04     0.05    31.06     0  00:59        0.05
  MH4500043            STORAGE      0.02     0.02    44.33     0  03:14        0.02
  MH4454993            STORAGE      0.03     0.03    35.57     0  04:15        0.03
  MH1629888            STORAGE      0.03     0.03    32.32     0  01:27        0.03
  MH4427714            STORAGE      0.01     0.01    49.74     0  00:41        0.01
  MH4450332            STORAGE      0.02     0.02    38.80     0  01:31        0.02
  MH4452952            STORAGE      0.02     0.02    49.99     0  00:23        0.02
  MH4426188            STORAGE      0.02     0.02    58.20     0  00:50        0.02
  MH4426979            STORAGE      0.01     0.01    57.47     0  01:00        0.01
  MH4455191            STORAGE      0.03     0.03    47.59     0  01:09        0.03
  MH4454312            STORAGE      0.01     0.01    35.73     0  00:50        0.01
  MH4427849            STORAGE      0.01     0.01    50.28     0  01:12        0.01
  MH1625959            STORAGE      0.03     0.03    31.87     0  01:51        0.03
  MH4498291            STORAGE      0.01     0.01    48.07     0  01:11        0.01
  MH5164627            STORAGE      0.01     0.01    34.98     0  00:54        0.01
  MH4453850            STORAGE      0.01     0.01    35.87     0  00:09        0.01
  MH4454009            STORAGE      0.02     0.02    35.72     0  01:37        0.02
  MH4453031            STORAGE      0.01     0.01    36.80     0  00:41        0.01
  MH1626189            STORAGE      0.25     0.27    32.78     0  15:59        0.27
  MH4499059            STORAGE      0.02     0.02    45.66     0  03:11        0.02
  MH4451673            STORAGE      0.02     0.02    36.42     0  04:56        0.02
  MH4447346            STORAGE      0.01     0.01    40.51     0  00:46        0.01
  MH4427659            STORAGE      0.01     0.01    54.08     0  00:25        0.01
  MH4453098            STORAGE      0.31     0.33    35.38     0  15:59        0.33
  MH4502186            STORAGE      0.25     0.26    32.39     0  15:59        0.26
  MH4500625            STORAGE      0.01     0.01    33.44     0  01:33        0.01
  MH4429420            STORAGE      0.02     0.02    47.61     0  02:14        0.02
  MH4450396            STORAGE      0.01     0.01    46.10     0  00:55        0.01
  MH4499406            STORAGE      0.02     0.02    40.95     0  02:12        0.02
  MH4456777            STORAGE      0.03     0.03    38.80     0  07:52        0.03
  MH4428638            STORAGE      0.02     0.02    44.68     0  00:16        0.02
  MH8707824            STORAGE      0.01     0.01    36.34     0  00:43        0.01
  MH4454398            STORAGE      0.01     0.01    47.69     0  00:29        0.01
  MH4453185            STORAGE      0.01     0.01    35.44     0  00:45        0.01
  MH4450847            STORAGE      0.02     0.02    44.36     0  01:13        0.02
  MH4428583            STORAGE      0.02     0.02    41.00     0  01:04        0.02
  MH4455943            STORAGE      0.01     0.01    47.73     0  01:07        0.01
  MH4426728            STORAGE      0.09     0.09    55.83     0  00:01        0.09
  MH4427741            STORAGE      0.01     0.01    52.40     0  02:36        0.01
  MH4452541            STORAGE      0.07     0.07    37.35     0  02:16        0.07
  MH4449796            STORAGE      0.06     0.06    37.64     0  03:37        0.06
  MH4450269            STORAGE      0.01     0.01    46.16     0  00:25        0.01
  MH4447355            STORAGE      0.01     0.01    54.60     0  01:41        0.01
  MH4448029            STORAGE      0.01     0.01    53.62     0  01:50        0.01
  MH4452462            STORAGE      0.03     0.03    36.06     0  01:43        0.03
  MH4448626            STORAGE      0.02     0.02    52.38     0  01:01        0.02
  MH4428137            STORAGE      0.01     0.01    44.44     0  00:45        0.01
  MH1630702            STORAGE      0.01     0.01    31.67     0  00:23        0.01
  MH4454116            STORAGE      0.24     0.25    34.84     0  16:00        0.25
  MH4452110            STORAGE      0.01     0.01    37.79     0  01:27        0.01
  MH4428968            STORAGE      0.02     0.02    51.98     0  01:45        0.02
  MH4500689            STORAGE      0.06     0.06    33.11     0  10:05        0.06
  MH1623436            STORAGE      0.01     0.01    36.25     0  00:04        0.01
  MH4454395            STORAGE      0.01     0.01    49.23     0  02:07        0.01
  MH4449866            STORAGE      0.01     0.01    39.47     0  00:34        0.01
  MH4449011            STORAGE      0.13     0.13    37.66     0  05:42        0.13
  MH4452760            STORAGE      0.00     0.00    37.44     0  00:20        0.00
  MH4447668            STORAGE      0.01     0.01    39.33     0  00:37        0.01
  MH4448929            STORAGE      0.04     0.04    40.30     0  06:40        0.04
  MH4448474            STORAGE      0.05     0.05    38.63     0  02:30        0.05
  MH4429086            STORAGE      0.02     0.02    42.94     0  02:11        0.02
  MH4320244            STORAGE      0.02     0.02    45.18     0  01:49        0.02
  MH4429268            STORAGE      0.01     0.01    39.70     0  01:17        0.01
  MH4451870            STORAGE      0.01     0.01    36.08     0  00:33        0.01
  MH4453213            STORAGE      0.04     0.04    49.50     0  00:07        0.04
  MH4428067            STORAGE      0.01     0.01    52.16     0  00:42        0.01
  MH4453837            STORAGE      0.04     0.04    35.48     0  07:45        0.04
  MH4451967            STORAGE      0.02     0.02    35.85     0  04:54        0.02
  MH4449503            STORAGE      0.02     0.02    41.66     0  02:15        0.02
  MH4428188            STORAGE      0.02     0.02    43.95     0  00:47        0.02
  MH4449778            STORAGE      0.01     0.01    38.24     0  01:38        0.01
  MH4447452            STORAGE      0.06     0.06    38.80     0  06:42        0.06
  MH4427588            STORAGE      0.08     0.08    53.70     0  01:11        0.08
  MH4450776            STORAGE      0.01     0.01    39.02     0  01:18        0.01
  MH4453095            STORAGE      0.01     0.01    35.61     0  01:04        0.01
  X385                 OUTFALL      0.00     0.00    57.02     0  00:32        0.00
  X570                 OUTFALL      0.01     0.01    53.31     0  00:25        0.01
  OUT                  OUTFALL      0.18     0.19    29.34     0  15:57        0.19
  X902                 OUTFALL      0.00     0.00    58.33     0  00:45        0.00
  
  
  *******************
  Node Inflow Summary
  *******************
  
  -------------------------------------------------------------------------------------------------
                                  Maximum  Maximum                  Lateral       Total        Flow
                                  Lateral    Total  Time of Max      Inflow      Inflow     Balance
                                   Inflow   Inflow   Occurrence      Volume      Volume       Error
  Node                 Type           LPS      LPS  days hr:min    10^6 ltr    10^6 ltr     Percent
  -------------------------------------------------------------------------------------------------
  N0                   JUNCTION      0.10    96.05     0  15:59     0.00556         5.2       0.103
  N1                   JUNCTION      0.08    96.13     0  15:59     0.00471         5.2       0.105
  N3                   JUNCTION      0.00     2.58     0  01:09    0.000245       0.147       0.099
  N4                   JUNCTION      0.04     0.04     0  00:00     0.00207     0.00207       0.177
  N8                   JUNCTION      0.03     0.08     0  00:21     0.00188     0.00468       0.138
  N9                   JUNCTION      0.07     0.15     0  00:26     0.00414     0.00881       0.158
  N10                  JUNCTION      0.13     0.27     0  00:42     0.00758      0.0157       0.124
  N13                  JUNCTION      0.13     1.15     0  01:36     0.00721       0.066       0.223
  N15                  JUNCTION      0.06     0.13     0  00:43     0.00329      0.0074       0.136
  N18                  JUNCTION      0.05     0.15     0  00:29     0.00284     0.00862       0.138
  N20                  JUNCTION      0.06     2.58     0  12:03     0.00323       0.147       0.078
  N22                  JUNCTION      0.06     0.06     0  00:00     0.00349     0.00349       0.187
  N25                  JUNCTION      0.19     4.86     0  01:22      0.0107       0.277       0.275
  N26                  JUNCTION      0.08     0.08     0  00:00     0.00472     0.00472       0.095
  N28                  JUNCTION      0.09     0.64     0  02:01     0.00536      0.0368       0.098
  N30                  JUNCTION      0.12     0.12     0  00:00     0.00681     0.00681       0.096
  N31                  JUNCTION      0.04     0.16     0  00:21     0.00248     0.00928       0.128
  N32                  JUNCTION      0.06     0.06     0  00:00     0.00341     0.00341       0.042
  N33                  JUNCTION      0.06     0.12     0  00:01     0.00323     0.00664       0.109
  N34                  JUNCTION      0.05     0.30     0  00:28     0.00284      0.0171       0.306
  N35                  JUNCTION      0.07     0.36     0  01:03     0.00376      0.0208       0.298
  N38                  JUNCTION      0.10     2.18     0  00:10     0.00565       0.123       0.185
  N43                  JUNCTION      0.15     6.71     0  01:14     0.00867       0.385       0.161
  N45                  JUNCTION      0.14     4.08     0  03:10     0.00797       0.231       0.252
  N46                  JUNCTION      0.07     0.55     0  00:45     0.00386      0.0315       0.149
  N47                  JUNCTION      0.05    83.07     0  15:59     0.00301        4.49       0.084
  N49                  JUNCTION      0.13     0.31     0  04:58     0.00727       0.018       0.195
  N50                  JUNCTION      0.01     0.33     0  05:07     0.00069      0.0187       0.115
  N51                  JUNCTION      0.01     2.24     0  00:14    0.000771       0.128       0.126
  N53                  JUNCTION      0.05     2.84     0  01:51     0.00311       0.162       0.137
  N59                  JUNCTION      0.05     1.16     0  01:56     0.00311       0.066       0.108
  N61                  JUNCTION      0.12     0.44     0  01:10     0.00666      0.0252       0.206
  N62                  JUNCTION      0.10     0.54     0  01:11     0.00549      0.0307       0.214
  N63                  JUNCTION      0.10     8.21     0  02:03     0.00556       0.466       0.051
  N64                  JUNCTION      0.11     8.32     0  01:58      0.0064       0.472       0.142
  N66                  JUNCTION      0.15     0.49     0  02:04     0.00855       0.028       0.219
  N67                  JUNCTION      0.05     0.05     0  00:00     0.00283     0.00283       0.078
  N69                  JUNCTION      0.08    83.38     0  15:58     0.00443         4.5       0.105
  N71                  JUNCTION      0.06     3.64     0  01:11     0.00358       0.207       0.072
  N72                  JUNCTION      0.09     3.73     0  01:12     0.00495       0.212       0.071
  N73                  JUNCTION      0.42     0.42     0  00:00      0.0242      0.0242       0.003
  N77                  JUNCTION      0.11     0.11     0  00:00     0.00616     0.00616       0.135
  N79                  JUNCTION      0.01     0.25     0  00:39    0.000556      0.0141       0.075
  N81                  JUNCTION      0.07     0.07     0  00:00     0.00412     0.00412       0.057
  N82                  JUNCTION      0.02     0.09     0  00:02     0.00117     0.00529       0.121
  N83                  JUNCTION      0.07     0.27     0  00:46     0.00392      0.0157       0.214
  N85                  JUNCTION      0.12     0.54     0  00:43     0.00693      0.0308       0.222
  N87                  JUNCTION      0.03     0.03     0  00:00     0.00152     0.00152       0.052
  N89                  JUNCTION      0.10     0.55     0  01:20     0.00556      0.0314       0.223
  N97                  JUNCTION      0.08     4.14     0  02:40      0.0045       0.233       0.336
  N98                  JUNCTION      0.08     1.97     0  03:08     0.00457       0.112       0.064
  N100                 JUNCTION      0.10     2.40     0  05:26     0.00605       0.136       0.068
  N101                 JUNCTION      0.07     2.47     0  04:03     0.00431       0.141       0.072
  N106                 JUNCTION      0.11    74.80     0  15:55     0.00633        4.08       0.117
  N108                 JUNCTION      0.04     0.24     0  01:05     0.00242      0.0136       0.103
  N109                 JUNCTION      0.23     0.23     0  00:00      0.0131      0.0131       0.223
  N112                 JUNCTION      0.02     0.20     0  00:06    0.000969      0.0112       0.242
  N113                 JUNCTION      0.13     0.41     0  01:28     0.00723      0.0235       0.094
  N116                 JUNCTION      0.11     8.25     0  04:20     0.00615       0.465       0.141
  N119                 JUNCTION      0.11     0.73     0  01:08     0.00641       0.042       0.146
  N122                 JUNCTION      0.07     1.79     0  03:01     0.00412       0.102       0.164
  N124                 JUNCTION      0.12     0.42     0  01:04     0.00706      0.0241       0.250
  N125                 JUNCTION      0.09     0.41     0  00:56     0.00514      0.0237       0.164
  N128                 JUNCTION      0.02     0.22     0  00:33    0.000956      0.0127       0.207
  N131                 JUNCTION      0.09     0.59     0  00:59      0.0053      0.0335       0.205
  N133                 JUNCTION      0.01     0.07     0  00:25    0.000373     0.00388       0.070
  N134                 JUNCTION      0.09     0.16     0  00:26     0.00525     0.00913       0.162
  N137                 JUNCTION      0.16     0.58     0  01:44     0.00901       0.033       0.115
  N139                 JUNCTION      0.05     0.47     0  01:06     0.00291      0.0272       0.154
  N142                 JUNCTION      0.02     0.42     0  01:04     0.00104      0.0243       0.186
  N143                 JUNCTION      0.10    10.51     0  00:17       0.006       0.597       0.256
  N145                 JUNCTION      0.05     0.29     0  00:42     0.00271      0.0164       0.139
  N147                 JUNCTION      0.07     0.62     0  01:08     0.00408      0.0356       0.137
  N148                 JUNCTION      0.05     0.24     0  00:32     0.00275      0.0136       0.139
  N149                 JUNCTION      0.06     3.34     0  03:12     0.00355        0.19       0.076
  N150                 JUNCTION      0.05     3.39     0  03:09     0.00308       0.193       0.071
  N151                 JUNCTION      0.02     0.29     0  00:55    0.000919      0.0165       0.163
  N153                 JUNCTION      0.13     0.13     0  00:00     0.00774     0.00774       0.107
  N154                 JUNCTION      0.09     0.23     0  00:03     0.00522      0.0129       0.327
  N155                 JUNCTION      0.05     0.26     0  00:33     0.00269      0.0151       0.237
  N157                 JUNCTION      0.06     0.41     0  00:07     0.00367      0.0234       0.262
  N158                 JUNCTION      0.03    97.62     0  15:59     0.00151        5.28       0.064
  N159                 JUNCTION      0.15     0.21     0  00:19     0.00881      0.0118       0.198
  N162                 JUNCTION      0.11     0.90     0  01:12     0.00654      0.0513       0.208
  N163                 JUNCTION      0.01     0.56     0  00:48    0.000472       0.032       0.213
  N166                 JUNCTION      0.21     1.75     0  00:59      0.0121         0.1       0.149
  N168                 JUNCTION      0.10     0.50     0  00:52     0.00571      0.0289       0.158
  N170                 JUNCTION      0.08     0.19     0  01:04     0.00464      0.0107       0.311
  N171                 JUNCTION      0.01     0.20     0  01:11    0.000608      0.0113       0.222
  N172                 JUNCTION      0.09     0.27     0  00:05     0.00491      0.0154       0.347
  N176                 JUNCTION      0.09    99.89     0  15:57      0.0049        5.39       0.035
  N178                 JUNCTION      0.13     3.86     0  01:12     0.00752       0.219       0.074
  N180                 JUNCTION      0.10     2.13     0  02:24     0.00585       0.121       0.140
  N181                 JUNCTION      0.09     2.22     0  02:23     0.00541       0.127       0.119
  N183                 JUNCTION      0.00     1.53     0  05:33           0      0.0865       0.000
  N184                 JUNCTION      0.09     1.10     0  01:57     0.00514       0.063       0.124
  N186                 JUNCTION      0.07     1.38     0  01:22     0.00415      0.0792       0.089
  N187                 JUNCTION      0.10     0.30     0  00:21     0.00577      0.0169       0.080
  N188                 JUNCTION      0.06     1.80     0  02:20     0.00319       0.103       0.150
  N191                 JUNCTION      0.06     3.09     0  04:30     0.00358       0.175       0.105
  N192                 JUNCTION      0.06     0.70     0  01:43      0.0037      0.0398       0.351
  N194                 JUNCTION      0.05     0.05     0  00:00     0.00308     0.00308       0.062
  N197                 JUNCTION      0.12    23.06     0  07:44     0.00682         1.3       0.125
  N198                 JUNCTION      0.12     0.28     0  00:46     0.00689      0.0159       0.115
  N202                 JUNCTION      0.01     1.26     0  01:00    0.000742      0.0724       0.057
  N205                 JUNCTION      0.07     0.14     0  00:45     0.00421     0.00818       0.090
  N206                 JUNCTION      0.01    79.92     0  15:58    0.000385        4.35       0.018
  N208                 JUNCTION      0.09     8.04     0  04:21     0.00515       0.457       0.089
  N209                 JUNCTION      0.03     8.07     0  02:03     0.00157       0.458       0.059
  N210                 JUNCTION      0.11    97.73     0  15:59     0.00638        5.28       0.081
  N211                 JUNCTION      0.09    97.82     0  15:57     0.00505        5.28       0.107
  N212                 JUNCTION      0.06     0.06     0  00:00     0.00351     0.00351       0.046
  N216                 JUNCTION      0.10     0.49     0  01:14     0.00593      0.0283       0.116
  N220                 JUNCTION      0.09    14.37     0  04:23     0.00534       0.818       0.036
  N221                 JUNCTION      0.09     0.09     0  00:00     0.00502     0.00502       0.075
  N222                 JUNCTION      0.10     0.19     0  00:15     0.00584      0.0109       0.147
  N224                 JUNCTION      0.04     0.38     0  00:43     0.00215       0.022       0.136
  N225                 JUNCTION      0.15     5.52     0  01:36     0.00868       0.316       0.100
  N228                 JUNCTION      0.05     0.11     0  00:11     0.00283     0.00607       0.106
  N229                 JUNCTION      0.10     0.20     0  00:22     0.00574      0.0118       0.144
  N230                 JUNCTION      0.06     0.38     0  02:10     0.00358      0.0219       0.132
  N231                 JUNCTION      0.03     0.42     0  02:13     0.00198      0.0239       0.110
  N232                 JUNCTION      0.08     0.24     0  00:24     0.00437       0.014       0.162
  N234                 JUNCTION      0.19     0.70     0  00:46      0.0107      0.0402       0.077
  N238                 JUNCTION      0.02     0.02     0  00:00     0.00119     0.00119       0.036
  N239                 JUNCTION      0.06     0.08     0  00:01     0.00355     0.00474       0.366
  N240                 JUNCTION      0.11     1.37     0  00:32     0.00611      0.0787       0.107
  N244                 JUNCTION      0.08     0.27     0  01:36     0.00443      0.0153       0.187
  N246                 JUNCTION      0.11     0.93     0  01:32     0.00647      0.0532       0.212
  N247                 JUNCTION      0.08     1.01     0  01:25     0.00445      0.0575       0.323
  N248                 JUNCTION      0.09     0.32     0  01:07     0.00512      0.0186       0.227
  N250                 JUNCTION      0.01    79.91     0  15:58    0.000648        4.35       0.072
  N251                 JUNCTION      0.08     0.20     0  00:05     0.00457      0.0115       0.415
  N255                 JUNCTION      0.16     0.34     0  01:50     0.00922      0.0195       0.081
  N258                 JUNCTION      0.13     2.32     0  02:30     0.00763       0.133       0.256
  N260                 JUNCTION      0.05     0.27     0  00:58     0.00266      0.0157       0.158
  N261                 JUNCTION      0.13     0.26     0  01:06     0.00747      0.0147       0.309
  N263                 JUNCTION      0.03     0.03     0  00:00     0.00176     0.00176       0.042
  N265                 JUNCTION      0.14     3.41     0  02:07     0.00805       0.194       0.282
  N267                 JUNCTION      0.14     0.22     0  00:45     0.00799      0.0125       0.379
  N268                 JUNCTION      0.09     3.19     0  01:08     0.00507       0.182       0.071
  N269                 JUNCTION      0.06     3.25     0  01:10     0.00323       0.185       0.077
  N270                 JUNCTION      0.24     0.54     0  01:00       0.014      0.0308       0.313
  N271                 JUNCTION      0.00     1.38     0  00:49    0.000165      0.0315       8.405
  N272                 JUNCTION      0.07     0.07     0  00:00     0.00393     0.00393       0.043
  N274                 JUNCTION      0.07     0.11     0  00:31     0.00393     0.00631       0.113
  N275                 JUNCTION      0.10     0.21     0  00:37     0.00558      0.0119       0.129
  N276                 JUNCTION      0.06     4.14     0  03:15     0.00332       0.234       0.311
  N277                 JUNCTION      0.04     0.04     0  00:00     0.00223     0.00223       0.074
  N278                 JUNCTION      0.06     0.09     0  00:15      0.0032     0.00543       0.100
  N279                 JUNCTION      0.05     0.46     0  00:53     0.00277      0.0265       0.213
  N280                 JUNCTION      0.13     0.29     0  01:55     0.00748      0.0167       0.116
  N281                 JUNCTION      0.10     0.39     0  01:43     0.00562      0.0223       0.126
  N285                 JUNCTION      0.05     0.05     0  00:00     0.00282     0.00282       0.071
  N287                 JUNCTION      0.05     0.11     0  00:00     0.00275     0.00612       0.090
  N293                 JUNCTION      0.09     0.09     0  00:00     0.00511     0.00511       0.088
  N294                 JUNCTION      0.07     0.16     0  00:18     0.00396     0.00907       0.173
  N295                 JUNCTION      0.05     0.05     0  00:00     0.00305     0.00305       0.147
  N296                 JUNCTION      0.09     0.84     0  01:43     0.00547      0.0483       0.084
  N297                 JUNCTION      0.10     0.94     0  01:44     0.00585      0.0541       0.123
  N298                 JUNCTION      0.03     0.07     0  00:28     0.00184     0.00423       0.102
  N299                 JUNCTION      0.04     0.12     0  00:31     0.00257     0.00679       0.168
  N300                 JUNCTION      0.09     3.30     0  01:10     0.00526       0.187       0.160
  N302                 JUNCTION      0.08     0.81     0  01:53     0.00442      0.0462       0.164
  N303                 JUNCTION      0.16     0.16     0  00:00     0.00935     0.00935       0.265
  N307                 JUNCTION      0.04     0.67     0  01:18     0.00227      0.0386       0.215
  N311                 JUNCTION      0.08     0.08     0  00:00     0.00433     0.00433       0.105
  N314                 JUNCTION      0.07     0.52     0  01:29     0.00429      0.0295       0.246
  N317                 JUNCTION      0.10     0.10     0  00:00     0.00558     0.00558       0.104
  N318                 JUNCTION      0.11     0.21     0  00:22     0.00624      0.0118       0.238
  N319                 JUNCTION      0.06    15.52     0  13:36     0.00358       0.881       0.213
  N321                 JUNCTION      0.11     2.10     0  01:23     0.00607        0.12       0.141
  N322                 JUNCTION      0.07     2.17     0  01:23     0.00429       0.124       0.206
  N324                 JUNCTION      0.08     1.81     0  01:26     0.00432       0.104       0.076
  N325                 JUNCTION      0.06     2.39     0  02:07     0.00369       0.136       0.169
  N327                 JUNCTION      0.09     4.10     0  01:19     0.00517       0.234       0.131
  N328                 JUNCTION      0.12    16.69     0  04:12     0.00702       0.947       0.135
  N331                 JUNCTION      0.07     0.07     0  00:00     0.00395     0.00395       0.097
  N332                 JUNCTION      0.12     0.19     0  00:22     0.00699      0.0109       0.239
  N334                 JUNCTION      0.11     1.59     0  05:06     0.00608      0.0901       1.250
  N336                 JUNCTION      0.10     0.27     0  00:48     0.00575      0.0157       0.151
  N337                 JUNCTION      0.09     0.36     0  00:50     0.00526      0.0207       0.289
  N339                 JUNCTION      0.07     2.34     0  01:06     0.00388       0.133       0.144
  N340                 JUNCTION      0.08     0.69     0  01:17     0.00438      0.0396       0.115
  N341                 JUNCTION      0.09     0.78     0  01:16     0.00514      0.0447       0.124
  N343                 JUNCTION      0.10     0.41     0  01:36      0.0057      0.0236       0.155
  N345                 JUNCTION      0.03     0.07     0  00:03     0.00145     0.00418       0.238
  N346                 JUNCTION      0.19     0.26     0  00:47      0.0107      0.0149       0.213
  N347                 JUNCTION      0.13     0.15     0  00:22     0.00776     0.00888       0.268
  N353                 JUNCTION      0.07     0.14     0  00:24      0.0038     0.00808       0.100
  N354                 JUNCTION      0.05     0.20     0  00:24     0.00315      0.0112       0.125
  N356                 JUNCTION      0.12     0.49     0  01:02     0.00702      0.0282       0.319
  N357                 JUNCTION      0.10     0.10     0  00:00     0.00588     0.00588       0.221
  N361                 JUNCTION      0.09     0.91     0  00:14     0.00529      0.0515       0.417
  N362                 JUNCTION      0.09     0.09     0  00:00     0.00528     0.00528       0.066
  N363                 JUNCTION      0.00     0.09     0  00:02    3.17e-05     0.00531       0.086
  N364                 JUNCTION      0.05     0.25     0  00:41     0.00271      0.0145       0.108
  N365                 JUNCTION      0.08     0.44     0  01:23      0.0046      0.0253       0.292
  N366                 JUNCTION      0.08    51.46     0  15:59     0.00444        2.84       0.093
  N367                 JUNCTION      0.02    51.48     0  15:59     0.00103        2.84       0.082
  N372                 JUNCTION      0.12     0.32     0  00:04      0.0068      0.0185       0.299
  N375                 JUNCTION      0.06     0.32     0  02:08     0.00361      0.0184       0.101
  N379                 JUNCTION      0.08     0.08     0  00:00     0.00457     0.00457       0.358
  N382                 JUNCTION      0.14     0.97     0  02:05     0.00835      0.0553       0.124
  N383                 JUNCTION      0.04     0.04     0  00:00     0.00227     0.00227       0.044
  N387                 JUNCTION      0.06     0.30     0  00:50     0.00366      0.0171       0.343
  N389                 JUNCTION      0.07     1.04     0  02:07     0.00427      0.0595       0.182
  N391                 JUNCTION      0.04     0.82     0  03:04     0.00241       0.047       0.099
  N394                 JUNCTION      0.08    14.45     0  01:42     0.00455       0.822       0.120
  N397                 JUNCTION      0.19     1.74     0  02:20      0.0109         0.1       0.139
  N401                 JUNCTION      0.07     4.21     0  00:27     0.00411       0.237       0.264
  N403                 JUNCTION      2.18     2.18     0  00:00       0.125       0.125       0.005
  N405                 JUNCTION      0.08     1.25     0  01:25     0.00445      0.0716       0.142
  N406                 JUNCTION      0.05     0.28     0  00:38     0.00268      0.0163       0.267
  N408                 JUNCTION      0.07     3.44     0  01:34     0.00387       0.195       0.189
  N411                 JUNCTION      0.13     1.35     0  01:11     0.00757       0.077       0.108
  N412                 JUNCTION      0.11     0.11     0  00:00     0.00658     0.00658       0.061
  N414                 JUNCTION      0.12    81.21     0  15:58     0.00662        4.42       0.105
  N416                 JUNCTION      0.10     0.16     0  00:14     0.00569     0.00908       0.094
  N418                 JUNCTION      0.04     1.72     0  01:02     0.00212      0.0984       0.098
  N419                 JUNCTION      0.13     4.63     0  00:38     0.00758      0.0837       2.335
  N422                 JUNCTION      0.08     6.70     0  16:00     0.00485       0.379       0.196
  N426                 JUNCTION      0.08     2.30     0  04:03      0.0047        0.13       0.040
  N427                 JUNCTION      0.13     6.62     0  01:56     0.00741       0.377       0.064
  N431                 JUNCTION      0.10     3.05     0  01:23     0.00578       0.174       0.149
  N432                 JUNCTION      0.05     3.10     0  01:23     0.00275       0.176       0.128
  N434                 JUNCTION      0.04     1.89     0  03:06     0.00245       0.107       0.061
  N439                 JUNCTION      0.13     4.10     0  02:13     0.00741       0.233       0.117
  N440                 JUNCTION      0.04     4.14     0  02:17     0.00255       0.235       0.085
  N445                 JUNCTION      0.02     0.02     0  00:00    0.000883    0.000883       0.011
  N446                 JUNCTION      0.10     0.21     0  00:03      0.0058       0.012       0.110
  N447                 JUNCTION      0.10     9.90     0  01:08     0.00577       0.569       0.115
  N450                 JUNCTION      0.13     0.13     0  00:00     0.00733     0.00733       0.133
  N453                 JUNCTION      0.12     1.38     0  02:08     0.00688      0.0785       0.161
  N455                 JUNCTION      0.13     0.13     0  00:00     0.00775     0.00775       0.097
  N456                 JUNCTION      0.13     0.26     0  00:23     0.00725       0.015       0.148
  N457                 JUNCTION      0.06     0.06     0  00:00     0.00337     0.00337       0.017
  N458                 JUNCTION      0.08     1.46     0  01:17     0.00476      0.0832       0.144
  N460                 JUNCTION      0.11     0.73     0  01:25     0.00611      0.0416       0.307
  N461                 JUNCTION      0.06     0.06     0  00:00     0.00339     0.00339       0.070
  N464                 JUNCTION      0.16     0.72     0  01:09     0.00928       0.041       0.183
  N465                 JUNCTION      0.12     0.24     0  00:37     0.00675      0.0141       0.207
  N466                 JUNCTION      0.12     0.37     0  00:41     0.00667      0.0215       0.266
  N467                 JUNCTION      0.04     0.04     0  00:00     0.00211     0.00211       0.015
  N468                 JUNCTION      0.11     0.15     0  00:03      0.0064     0.00852       0.117
  N470                 JUNCTION      0.06     0.81     0  01:21     0.00339      0.0461       0.155
  N471                 JUNCTION      0.13     0.94     0  01:22     0.00763      0.0537       0.211
  N472                 JUNCTION      0.09     1.03     0  01:37     0.00539       0.059       0.329
  N473                 JUNCTION      0.13     0.13     0  00:00     0.00725     0.00725       0.205
  N474                 JUNCTION      1.06     1.06     0  00:00       0.061       0.061       0.032
  N477                 JUNCTION      0.08     2.12     0  01:15     0.00437       0.121       0.099
  N482                 JUNCTION      0.09     1.90     0  01:26     0.00529       0.109       0.088
  N483                 JUNCTION      0.05     0.05     0  00:00     0.00283     0.00283       0.034
  N486                 JUNCTION      0.00     0.29     0  00:40    0.000142      0.0166       0.096
  N487                 JUNCTION      0.01     2.01     0  03:26    0.000323       0.115       0.006
  N488                 JUNCTION      0.01     1.15     0  00:00    0.000661      0.0558       0.019
  N489                 JUNCTION      0.04     1.05     0  00:00     0.00232      0.0581       0.080
  N490                 JUNCTION      0.09    10.10     0  01:08     0.00545        0.58       0.150
  N491                 JUNCTION      0.09     0.09     0  00:00     0.00514     0.00514       0.042
  N492                 JUNCTION      0.13     0.22     0  00:08     0.00743      0.0126       0.116
  N498                 JUNCTION      0.03     0.03     0  00:00     0.00182     0.00182       0.059
  N499                 JUNCTION      0.15    79.28     0  15:56     0.00858        4.33       0.140
  N501                 JUNCTION      0.09     0.20     0  00:33     0.00521      0.0114       0.149
  N505                 JUNCTION      0.10     0.10     0  00:00       0.006       0.006       0.374
  N507                 JUNCTION      0.09     0.62     0  01:39     0.00493      0.0355       0.405
  N510                 JUNCTION      0.10     0.60     0  01:53     0.00579      0.0347       0.137
  N511                 JUNCTION      0.13     0.41     0  00:49     0.00765      0.0233       0.226
  N515                 JUNCTION      0.08     0.20     0  00:45     0.00439      0.0115       0.209
  N517                 JUNCTION      0.07     0.39     0  01:05     0.00412      0.0225       0.226
  N522                 JUNCTION      0.09     0.63     0  01:01     0.00539      0.0361       0.243
  N530                 JUNCTION      0.06    17.35     0  11:15      0.0036       0.974       0.207
  N532                 JUNCTION      0.13     0.13     0  00:00     0.00762     0.00762       0.150
  N533                 JUNCTION      0.04     0.18     0  00:04     0.00255      0.0102       0.244
  N534                 JUNCTION      0.02     0.66     0  01:39      0.0013      0.0378       0.204
  N536                 JUNCTION      0.06     1.85     0  02:08      0.0032       0.105       0.220
  N542                 JUNCTION      0.04     0.04     0  00:00     0.00227     0.00227       0.107
  N544                 JUNCTION      0.11     0.40     0  00:22     0.00622      0.0231       0.136
  N549                 JUNCTION      0.07     0.64     0  01:14     0.00398      0.0364       0.147
  N550                 JUNCTION      0.13    66.53     0  15:53     0.00752        3.65       0.103
  N552                 JUNCTION      0.09     0.76     0  02:17     0.00492      0.0435       0.196
  N553                 JUNCTION      0.13    13.39     0  01:45     0.00746       0.763       0.040
  N554                 JUNCTION      0.07    13.46     0  15:24     0.00385       0.767       0.044
  N557                 JUNCTION      0.05     0.05     0  00:00     0.00283     0.00283       0.274
  N559                 JUNCTION      0.15     0.15     0  00:00     0.00845     0.00845       0.150
  N560                 JUNCTION      0.09     0.24     0  00:33     0.00529      0.0137       0.204
  N561                 JUNCTION      0.09     0.98     0  01:17     0.00495      0.0561       0.201
  N562                 JUNCTION      0.20     0.82     0  00:45      0.0113      0.0471       0.179
  N563                 JUNCTION      0.10     0.93     0  00:45     0.00602       0.053       0.243
  N564                 JUNCTION      0.03     0.03     0  00:00      0.0017      0.0017       0.051
  N566                 JUNCTION      0.05     0.74     0  01:13     0.00307      0.0427       0.124
  N567                 JUNCTION      0.10     0.36     0  01:07     0.00584      0.0207       0.292
  N569                 JUNCTION      0.03     0.70     0  01:49     0.00191        0.04       0.195
  N573                 JUNCTION      0.09     0.25     0  00:37     0.00495      0.0146       0.229
  N574                 JUNCTION      0.08     2.61     0  04:42     0.00453       0.149       0.072
  N576                 JUNCTION      0.04     1.86     0  00:18     0.00259       0.107       0.108
  N577                 JUNCTION      0.13     0.13     0  00:00     0.00766     0.00766       0.478
  N578                 JUNCTION      0.09     7.16     0  01:41     0.00547        0.41       0.225
  N581                 JUNCTION      0.04     0.04     0  00:00     0.00257     0.00257       0.207
  N582                 JUNCTION      0.07     0.26     0  00:34     0.00405       0.015       0.211
  N585                 JUNCTION      0.05     0.38     0  04:37     0.00303      0.0218       0.192
  N587                 JUNCTION      0.09     0.90     0  01:47     0.00515      0.0513       0.159
  N589                 JUNCTION      0.08     0.75     0  01:17     0.00452      0.0428       0.126
  N592                 JUNCTION      0.07     3.11     0  01:08     0.00429       0.177       0.074
  N593                 JUNCTION      0.07     0.56     0  00:51     0.00391      0.0324       0.164
  N595                 JUNCTION      0.04     3.13     0  04:43     0.00236       0.178       0.096
  N596                 JUNCTION      0.07     1.85     0  01:04     0.00426       0.106       0.089
  N597                 JUNCTION      0.15     0.82     0  01:32     0.00884      0.0468       0.232
  N599                 JUNCTION      0.10    14.82     0  02:25     0.00552       0.843       0.150
  N600                 JUNCTION      0.05     3.28     0  13:54     0.00275       0.186       0.041
  N605                 JUNCTION      0.17     1.08     0  01:49     0.00993      0.0615       0.507
  N607                 JUNCTION      0.02     0.14     0  00:15     0.00122       0.008       0.122
  N609                 JUNCTION      0.07     2.00     0  01:19     0.00385       0.114       0.108
  N610                 JUNCTION      0.04     2.04     0  01:20      0.0024       0.116       0.165
  N611                 JUNCTION      0.06     0.19     0  00:45     0.00351      0.0109       0.249
  N612                 JUNCTION      0.03     0.13     0  00:05     0.00189     0.00742       0.320
  N614                 JUNCTION      0.09     0.20     0  00:19     0.00506      0.0118       0.158
  N615                 JUNCTION      0.07     0.33     0  06:43      0.0043      0.0188       0.203
  N616                 JUNCTION      0.03     0.07     0  00:01     0.00161     0.00385       0.158
  N618                 JUNCTION      0.09     3.30     0  02:12     0.00508       0.188       0.157
  N619                 JUNCTION      0.05     0.99     0  03:11      0.0029      0.0563       0.190
  N620                 JUNCTION      0.09     0.37     0  00:53     0.00537      0.0211       0.357
  N621                 JUNCTION      0.13     0.13     0  00:00     0.00721     0.00721       0.068
  N623                 JUNCTION      0.05     0.05     0  00:00     0.00291     0.00291       0.082
  N625                 JUNCTION      0.07     4.52     0  01:24     0.00378       0.259       0.075
  N626                 JUNCTION      0.10     4.62     0  01:25     0.00585       0.265       0.089
  N630                 JUNCTION      0.07     0.13     0  00:54     0.00425     0.00727       0.166
  N631                 JUNCTION      0.12     0.25     0  00:57     0.00713      0.0144       0.229
  N632                 JUNCTION      0.13     0.28     0  00:29     0.00724      0.0162       0.077
  N633                 JUNCTION      0.07     0.17     0  00:22     0.00419     0.00962       0.098
  N634                 JUNCTION      0.96     0.96     0  00:00      0.0551      0.0551       0.002
  N640                 JUNCTION      0.05     0.05     0  00:00      0.0028      0.0028       0.092
  N642                 JUNCTION      0.02     0.02     0  00:00      0.0012      0.0012       0.017
  N644                 JUNCTION      5.11     5.11     0  00:00       0.294       0.294      -0.361
  N645                 JUNCTION      0.06     2.27     0  01:05     0.00324        0.13       0.146
  N646                 JUNCTION      0.12     0.12     0  00:00     0.00711     0.00711       0.382
  N647                 JUNCTION      0.09     0.43     0  01:00      0.0052      0.0247       0.195
  N649                 JUNCTION      0.10    41.45     0  15:58     0.00564        2.32       0.314
  N650                 JUNCTION      0.07     0.55     0  02:01     0.00425      0.0314       0.092
  N652                 JUNCTION      0.11     1.48     0  01:20     0.00644       0.085       0.113
  N655                 JUNCTION      0.13     0.19     0  03:10     0.00774      0.0112       0.142
  N656                 JUNCTION      0.08     0.27     0  01:26     0.00442      0.0156       0.164
  N658                 JUNCTION      0.10     0.33     0  01:36     0.00574      0.0187       0.333
  N659                 JUNCTION      0.08     0.08     0  00:00     0.00476     0.00476       0.083
  N660                 JUNCTION      0.09     0.17     0  00:17     0.00493     0.00969       0.144
  N662                 JUNCTION      0.13     0.13     0  00:00     0.00724     0.00724       0.219
  N664                 JUNCTION      0.04     0.04     0  00:00     0.00223     0.00223       0.101
  N665                 JUNCTION      0.15     0.19     0  00:21     0.00873       0.011       0.166
  N666                 JUNCTION      0.10     1.10     0  04:24     0.00604      0.0627       0.141
  N668                 JUNCTION      1.31     1.31     0  00:00      0.0756      0.0756       0.001
  N670                 JUNCTION      0.08     0.21     0  00:04     0.00488      0.0121       0.416
  N672                 JUNCTION      0.07     0.35     0  00:46     0.00379        0.02       0.215
  N673                 JUNCTION      0.12     0.31     0  00:55     0.00667      0.0181       0.197
  N674                 JUNCTION      0.06     0.37     0  00:57     0.00342      0.0214       0.157
  N675                 JUNCTION      0.09     2.57     0  02:40     0.00502       0.147       0.174
  N676                 JUNCTION      0.05     0.05     0  00:00       0.003       0.003       0.086
  N677                 JUNCTION      0.13     0.13     0  00:00     0.00742     0.00742       0.172
  N683                 JUNCTION      0.02     0.16     0  01:55     0.00116     0.00921       0.075
  N685                 JUNCTION      0.02     0.06     0  00:00     0.00114     0.00325       0.091
  N686                 JUNCTION      0.01     0.06     0  00:04    0.000422     0.00367       0.054
  N687                 JUNCTION      0.07     0.07     0  00:00     0.00409     0.00409       0.040
  N688                 JUNCTION      0.15     0.22     0  00:08     0.00842      0.0125       0.107
  N690                 JUNCTION      0.10     1.99     0  01:23     0.00583       0.114       0.090
  N691                 JUNCTION      0.18     0.75     0  01:46      0.0103      0.0426       0.190
  N692                 JUNCTION      0.12     1.60     0  03:01     0.00676      0.0917       0.107
  N693                 JUNCTION      0.08     2.49     0  05:12     0.00443       0.142       0.139
  N694                 JUNCTION      0.06     0.17     0  00:50     0.00337     0.00965       0.179
  N695                 JUNCTION      0.11     0.30     0  00:18     0.00606       0.017       0.140
  N698                 JUNCTION      0.04     0.74     0  01:01     0.00241      0.0422       0.213
  N699                 JUNCTION      0.02     2.74     0  01:17     0.00143       0.157       0.073
  N700                 JUNCTION      0.07    10.27     0  01:08     0.00428       0.588       0.090
  N702                 JUNCTION      0.06     0.06     0  00:00      0.0032      0.0032       0.263
  N704                 JUNCTION      0.05     2.07     0  01:47     0.00301       0.118       0.048
  N705                 JUNCTION      0.07     2.13     0  01:03      0.0039       0.122       0.087
  N706                 JUNCTION      0.12     0.50     0  00:45     0.00694      0.0289       0.240
  N711                 JUNCTION      0.18     3.87     0  02:36      0.0101       0.219       0.277
  N713                 JUNCTION      0.02     0.42     0  00:44    0.000958      0.0238       0.116
  N714                 JUNCTION      0.11     0.45     0  00:20     0.00607      0.0258       0.108
  N715                 JUNCTION      0.06     0.06     0  00:00     0.00326     0.00326       0.210
  N716                 JUNCTION      0.13     0.13     0  00:00     0.00751     0.00751       0.184
  N717                 JUNCTION      0.06     2.78     0  10:11     0.00326       0.159       0.078
  N719                 JUNCTION      0.06     0.33     0  01:08     0.00329      0.0189       0.271
  N720                 JUNCTION      0.06     0.10     0  00:22     0.00344     0.00579       0.152
  N722                 JUNCTION      0.13     0.48     0  00:41     0.00732      0.0274       0.125
  N723                 JUNCTION      0.96     0.96     0  00:00      0.0551      0.0551       0.007
  N725                 JUNCTION      0.01     0.59     0  02:53    0.000405      0.0338       0.088
  N726                 JUNCTION      0.12     0.65     0  00:50     0.00707      0.0372       0.211
  N727                 JUNCTION      0.08     0.73     0  00:10     0.00462      0.0417       0.296
  N728                 JUNCTION      0.07     0.07     0  00:00      0.0043      0.0043       0.156
  N729                 JUNCTION      0.01     0.01     0  00:00    0.000802    0.000802       0.097
  N734                 JUNCTION      0.14     0.17     0  00:12     0.00808     0.00971       0.131
  N735                 JUNCTION      0.12     0.28     0  00:26     0.00665      0.0163       0.178
  N736                 JUNCTION      0.11     0.75     0  01:09     0.00629      0.0431       0.363
  N737                 JUNCTION      0.10     3.15     0  02:30     0.00601       0.179       0.122
  N738                 JUNCTION      0.11     3.25     0  01:57     0.00615       0.185       0.123
  N741                 JUNCTION      0.41     0.41     0  00:00      0.0238      0.0238       0.077
  N745                 JUNCTION      0.05     2.92     0  01:08     0.00307       0.166       0.134
  N748                 JUNCTION      0.05     0.32     0  00:50     0.00292      0.0186       0.155
  N749                 JUNCTION      0.11    70.56     0  15:59      0.0065        3.86       0.140
  N750                 JUNCTION      0.05    10.20     0  01:07     0.00268       0.584       0.069
  N751                 JUNCTION      0.09     0.09     0  00:00     0.00539     0.00539       0.131
  N753                 JUNCTION      0.13     2.81     0  01:10     0.00753        0.16       0.112
  N754                 JUNCTION      0.05     0.26     0  00:06     0.00286      0.0143       0.370
  N755                 JUNCTION      0.08     0.51     0  01:40      0.0045      0.0292       0.190
  N756                 JUNCTION      0.03     1.03     0  01:15     0.00196      0.0588       0.190
  N758                 JUNCTION      0.09     6.70     0  01:45     0.00494       0.382       0.067
  N762                 JUNCTION      0.06     0.06     0  00:00      0.0032      0.0032       0.232
  N763                 JUNCTION      0.09     0.48     0  01:22     0.00506      0.0273       0.233
  N764                 JUNCTION      0.13     0.13     0  00:00     0.00722     0.00722       0.224
  N766                 JUNCTION      0.08     0.12     0  00:44     0.00465     0.00681       0.162
  N768                 JUNCTION      0.07     0.33     0  00:59     0.00429       0.019       0.231
  N771                 JUNCTION      0.07     0.77     0  00:43     0.00419      0.0444       0.125
  N772                 JUNCTION      0.00     0.05     0  00:02    0.000167     0.00305       0.095
  N777                 JUNCTION      0.06     0.06     0  00:00     0.00331     0.00331       0.080
  N778                 JUNCTION      0.01     0.07     0  00:03    0.000382     0.00369       0.129
  N779                 JUNCTION      0.08     0.08     0  00:00     0.00486     0.00486       0.000
  N780                 JUNCTION      0.07     0.22     0  00:30     0.00424      0.0124       0.142
  N781                 JUNCTION      0.20     0.20     0  00:00      0.0116      0.0116       0.328
  N783                 JUNCTION      0.09     0.27     0  00:46     0.00536      0.0155       0.171
  N787                 JUNCTION      0.12     7.83     0  02:01      0.0069       0.446       0.090
  N788                 JUNCTION      0.05     0.05     0  00:00     0.00288     0.00288       0.287
  N789                 JUNCTION      0.13     0.13     0  00:00     0.00725     0.00725       0.125
  N791                 JUNCTION      0.09     0.29     0  00:37     0.00509      0.0165       0.141
  N792                 JUNCTION      0.08     1.12     0  00:02     0.00477      0.0635       0.089
  N794                 JUNCTION      0.15    70.45     0  15:58     0.00852        3.86       0.150
  N795                 JUNCTION      0.08     0.08     0  00:00     0.00476     0.00476       0.111
  N796                 JUNCTION      0.06     0.06     0  00:00      0.0035      0.0035       0.161
  N798                 JUNCTION      0.14    62.21     0  15:59     0.00835        3.42       0.174
  N799                 JUNCTION      0.08     0.08     0  00:00     0.00471     0.00471       0.579
  N801                 JUNCTION      0.10     0.10     0  00:00     0.00553     0.00553       0.145
  N804                 JUNCTION      0.16    82.90     0  15:59      0.0095         4.5       0.134
  N806                 JUNCTION      0.08     0.27     0  01:33     0.00465      0.0155       0.610
  N807                 JUNCTION      0.10     0.28     0  00:46     0.00562      0.0162       0.142
  N808                 JUNCTION      0.09     0.09     0  00:00     0.00544     0.00544       0.083
  N809                 JUNCTION      0.05     0.14     0  00:02     0.00278     0.00821       0.172
  N811                 JUNCTION      0.02     0.11     0  00:02     0.00142     0.00635       0.137
  N814                 JUNCTION      0.08     0.24     0  00:33     0.00457      0.0136       0.178
  N815                 JUNCTION      0.08     1.67     0  01:24     0.00433      0.0959       0.086
  N816                 JUNCTION      0.13     0.30     0  00:41      0.0072      0.0172       0.164
  N817                 JUNCTION      0.10     0.10     0  00:00     0.00554     0.00554       0.113
  N819                 JUNCTION      0.09    16.26     0  11:43      0.0051        0.92       0.197
  N822                 JUNCTION      0.16     1.28     0  00:03     0.00921      0.0727       0.114
  N823                 JUNCTION      0.11     0.45     0  00:11     0.00606      0.0255       0.268
  N827                 JUNCTION      0.10     0.40     0  00:43     0.00596      0.0229       0.108
  N828                 JUNCTION      0.07     3.37     0  01:36     0.00392       0.191       0.140
  N829                 JUNCTION      0.08     0.08     0  00:00     0.00435     0.00435       0.137
  N830                 JUNCTION      0.03     0.03     0  00:00     0.00146     0.00146       0.065
  N832                 JUNCTION      0.47     0.47     0  00:00       0.027       0.027       0.009
  N833                 JUNCTION      0.10     0.54     0  01:05      0.0059      0.0312       0.079
  N834                 JUNCTION      0.07     0.07     0  00:00     0.00409     0.00409       0.132
  N836                 JUNCTION      0.06     0.20     0  00:50     0.00355      0.0113       0.357
  N837                 JUNCTION      0.04     0.04     0  00:00     0.00225     0.00225       0.082
  N838                 JUNCTION      0.05     0.05     0  00:00     0.00289     0.00289       0.068
  N839                 JUNCTION      0.00     0.26     0  00:32    0.000105      0.0151       0.119
  N840                 JUNCTION      0.10     0.37     0  00:34     0.00593       0.021       0.102
  N842                 JUNCTION      0.17     0.61     0  00:43     0.00976      0.0351       0.160
  N845                 JUNCTION      0.16     0.16     0  00:00     0.00912     0.00912       0.167
  N847                 JUNCTION      0.01     0.34     0  01:01    0.000557      0.0195       0.165
  N849                 JUNCTION      0.05     0.05     0  00:00      0.0028      0.0028       0.069
  N851                 JUNCTION      0.06     0.53     0  01:16     0.00328      0.0305       0.134
  N853                 JUNCTION      0.12     0.24     0  00:33      0.0068       0.014       0.136
  N854                 JUNCTION      0.06     0.06     0  00:00     0.00324     0.00324       0.050
  N855                 JUNCTION      0.14     0.14     0  00:00     0.00813     0.00813       0.101
  N857                 JUNCTION      0.10     0.77     0  00:54     0.00571      0.0444       0.118
  N858                 JUNCTION      8.99     8.99     0  00:00       0.518       0.518       0.012
  N862                 JUNCTION      0.04     0.04     0  00:00     0.00232     0.00232       0.058
  N863                 JUNCTION      0.11     0.15     0  00:11     0.00633     0.00865       0.114
  N865                 JUNCTION      0.12     2.68     0  01:21     0.00682       0.153       0.096
  N869                 JUNCTION      0.11     2.56     0  01:08     0.00657       0.146       0.103
  N870                 JUNCTION      0.11     2.71     0  01:14     0.00622       0.155       0.116
  N871                 JUNCTION      0.09     4.13     0  01:19     0.00501       0.234       0.171
  N873                 JUNCTION      0.07     0.07     0  00:00     0.00376     0.00376       0.134
  N874                 JUNCTION      0.07     0.13     0  00:27     0.00397     0.00773       0.235
  N875                 JUNCTION      0.10     0.27     0  01:05     0.00599      0.0156       0.191
  N877                 JUNCTION      0.08     0.95     0  00:59     0.00469      0.0437       2.396
  N878                 JUNCTION      0.07     0.63     0  00:51     0.00381      0.0361       0.248
  N886                 JUNCTION      0.07     0.47     0  00:42     0.00421      0.0271       0.099
  N887                 JUNCTION      0.08     3.89     0  03:13     0.00456       0.221       0.106
  N888                 JUNCTION      0.05     8.30     0  04:37     0.00269       0.467       0.234
  N890                 JUNCTION      0.01     0.59     0  03:02    0.000673       0.034       0.140
  N892                 JUNCTION      0.02     0.02     0  00:00      0.0013      0.0013       0.033
  N893                 JUNCTION      0.13    82.74     0  15:58     0.00743        4.49       0.079
  N894                 JUNCTION      0.10     0.10     0  00:00     0.00571     0.00571       0.228
  N895                 JUNCTION      0.05     0.05     0  00:00     0.00309     0.00309       0.165
  N899                 JUNCTION      0.08     1.00     0  04:18     0.00433      0.0567       0.134
  N903                 JUNCTION      0.08     0.08     0  00:00     0.00478     0.00478       0.190
  N906                 JUNCTION      0.08    16.43     0  02:55     0.00471       0.926       0.221
  N908                 JUNCTION      0.06     0.10     0  00:20      0.0036     0.00558       0.096
  N909                 JUNCTION      0.08     0.08     0  00:00      0.0045      0.0045       0.093
  N912                 JUNCTION      0.03     0.28     0  00:41     0.00182      0.0163       0.056
  N913                 JUNCTION      0.11     0.40     0  00:41     0.00662      0.0229       0.084
  N914                 JUNCTION      0.16     0.94     0  01:03     0.00908       0.054       0.285
  N915                 JUNCTION      0.04     0.26     0  00:04     0.00224      0.0147       0.190
  N916                 JUNCTION      0.08     0.08     0  00:00     0.00453     0.00453       0.085
  N919                 JUNCTION      0.08     4.04     0  01:19     0.00462       0.229       0.175
  N921                 JUNCTION      0.03     0.15     0  00:07     0.00154     0.00834       0.350
  N922                 JUNCTION      0.01    66.54     0  15:53    0.000639        3.65       0.061
  N923                 JUNCTION      0.00     0.82     0  01:01    8.44e-05      0.0296       0.880
  N924                 JUNCTION      1.35     1.35     0  00:00      0.0778      0.0778       0.014
  N925                 JUNCTION      0.09     0.70     0  02:11     0.00539        0.04       0.086
  N926                 JUNCTION      0.08     0.23     0  00:41     0.00434      0.0135       0.218
  N929                 JUNCTION      0.09     2.09     0  00:08     0.00496       0.118       0.183
  N930                 JUNCTION      0.15     1.26     0  01:45     0.00836      0.0719       0.233
  N931                 JUNCTION      0.15     0.15     0  00:00     0.00847     0.00847       0.369
  N938                 JUNCTION      0.07     0.66     0  00:18     0.00387      0.0373       0.414
  N939                 JUNCTION      0.04     0.04     0  00:00     0.00229     0.00229       0.038
  N940                 JUNCTION      0.07     0.62     0  03:35      0.0043      0.0355       0.115
  N941                 JUNCTION      0.07     3.61     0  04:46       0.004       0.204       0.147
  N942                 JUNCTION      0.17    74.69     0  16:00     0.00996        4.08       0.101
  N944                 JUNCTION      0.01     0.76     0  01:22    0.000504      0.0432       0.072
  N950                 JUNCTION      0.04     3.65     0  04:50     0.00228       0.206       0.223
  N951                 JUNCTION      0.03     0.26     0  00:06     0.00192      0.0146       0.273
  N952                 JUNCTION      0.06     0.06     0  00:00     0.00346     0.00346       0.159
  N954                 JUNCTION      0.08     3.40     0  01:19     0.00469       0.194       0.138
  N956                 JUNCTION      0.03     0.03     0  00:00     0.00177     0.00177       0.065
  N957                 JUNCTION      0.17     0.17     0  00:00     0.00983     0.00983       0.212
  N959                 JUNCTION      0.05     0.05     0  00:00     0.00274     0.00274       0.133
  N960                 JUNCTION      0.14     0.14     0  00:00     0.00826     0.00826       0.184
  N961                 JUNCTION      0.13     0.27     0  00:38     0.00738      0.0156       0.306
  N962                 JUNCTION      0.09     0.29     0  00:05     0.00536      0.0163       0.334
  N963                 JUNCTION      0.08    62.29     0  16:00     0.00458        3.42       0.168
  N964                 JUNCTION      0.05     0.05     0  00:00     0.00288     0.00288       0.259
  N966                 JUNCTION      0.13     0.13     0  00:00     0.00743     0.00743       0.298
  N967                 JUNCTION      0.15     0.68     0  01:19     0.00885      0.0315       2.099
  N968                 JUNCTION      0.06     0.35     0  00:06     0.00372        0.02       0.264
  N970                 JUNCTION      0.08     0.08     0  00:00     0.00476     0.00476       0.130
  N971                 JUNCTION      0.14     0.22     0  00:27     0.00794      0.0127       0.239
  N972                 JUNCTION      0.04     0.04     0  00:00     0.00235     0.00235       0.112
  N974                 JUNCTION      0.10     0.10     0  00:00     0.00595     0.00595       0.064
  N975                 JUNCTION      0.05     0.05     0  00:00     0.00285     0.00285       0.030
  N976                 JUNCTION      0.05     0.10     0  00:00     0.00308     0.00593       0.086
  N977                 JUNCTION      0.09     0.53     0  01:45     0.00513      0.0305       0.451
  N978                 JUNCTION      0.19     0.19     0  00:00       0.011       0.011       0.078
  N979                 JUNCTION      0.18     0.18     0  00:00      0.0101      0.0101       0.140
  N980                 JUNCTION      0.02     0.20     0  00:05     0.00101      0.0111       0.259
  N984                 JUNCTION      0.14     0.14     0  00:00     0.00813     0.00813       0.112
  N985                 JUNCTION      0.05     0.05     0  00:00     0.00304     0.00304       0.091
  N986                 JUNCTION      0.04     0.04     0  00:00     0.00212     0.00212       0.023
  N987                 JUNCTION      1.98     1.98     0  00:00       0.114       0.114       0.003
  N990                 JUNCTION      0.12     0.12     0  00:00     0.00691     0.00691       0.201
  N991                 JUNCTION      0.04    51.19     0  15:59      0.0022        2.83       0.110
  N992                 JUNCTION      0.07     0.07     0  00:00     0.00426     0.00426       0.417
  N994                 JUNCTION      0.01     0.34     0  01:11    0.000717      0.0193       0.127
  N995                 JUNCTION      0.20     0.20     0  00:00      0.0115      0.0115       0.190
  N996                 JUNCTION      0.09     0.09     0  00:00     0.00494     0.00494       0.092
  N997                 JUNCTION      0.00     1.06     0  01:51           0      0.0606       0.000
  N998                 JUNCTION      0.03     0.03     0  00:00     0.00162     0.00162       0.055
  N999                 JUNCTION      0.12     0.12     0  00:00      0.0067      0.0067       0.092
  N1000                JUNCTION      0.13     0.13     0  00:00     0.00728     0.00728       0.117
  N1001                JUNCTION      0.19    50.08     0  15:59      0.0111        2.78       0.189
  N1002                JUNCTION      0.02     0.02     0  00:00     0.00112     0.00112       0.101
  N1003                JUNCTION      0.06     0.06     0  00:00     0.00343     0.00343       0.370
  N1005                JUNCTION      0.18     0.18     0  00:00      0.0105      0.0105       0.209
  N1006                JUNCTION      0.09     0.09     0  00:00     0.00505     0.00505       0.279
  N1007                JUNCTION      0.17     0.17     0  00:00     0.00965     0.00965       0.240
  N1009                JUNCTION      0.14     0.14     0  00:00      0.0082      0.0082       0.356
  MH4454411            STORAGE       0.05     2.58     0  01:08     0.00297       0.147       0.152
  MH4450314            STORAGE       0.03     1.03     0  00:00     0.00165      0.0588       0.038
  MH4428367            STORAGE       0.13     0.40     0  00:36     0.00759      0.0232       0.123
  MH4428606            STORAGE       0.14     1.03     0  08:11     0.00778       0.059       0.238
  MH4454744            STORAGE       0.03     0.07     0  00:02     0.00186     0.00413       0.116
  MH4452397            STORAGE       0.01     0.16     0  00:11    0.000387     0.00899       0.082
  MH4453133            STORAGE       0.02     2.73     0  01:38     0.00106       0.155       0.080
  MH4447602            STORAGE       0.10     0.16     0  00:40     0.00592      0.0094       0.680
  MH4429312            STORAGE       0.16     4.68     0  01:23     0.00932       0.267       0.155
  MH4453788            STORAGE       0.04     0.12     0  00:03     0.00206     0.00678       0.163
  MH4456108            STORAGE       0.11     0.82     0  02:02     0.00657       0.047       0.133
  MH4454209            STORAGE       0.07     2.25     0  00:11     0.00378       0.127       0.194
  MH1624017            STORAGE       0.04     0.40     0  00:36      0.0022      0.0232       0.161
  MH1623826            STORAGE       0.08     0.48     0  01:10     0.00462      0.0277       0.128
  MH4429136            STORAGE       0.15     7.31     0  01:41     0.00871       0.378       0.424
  MH4501201            STORAGE       0.05     3.94     0  03:00      0.0028       0.223       0.154
  MH4501544            STORAGE       0.07    83.30     0  15:58     0.00393         4.5       0.073
  MH4454640            STORAGE       0.03     2.86     0  03:06     0.00198       0.163       0.068
  MH4453512            STORAGE       0.08     3.22     0  02:13     0.00453       0.183       0.144
  MH4452154            STORAGE       0.02     1.38     0  05:15     0.00136      0.0785       0.369
  MH4452217            STORAGE       0.10     1.48     0  04:51     0.00596      0.0842       0.192
  MH4446824            STORAGE       0.10     2.03     0  01:56     0.00556       0.116       0.205
  MH4453931            STORAGE       0.13     0.34     0  00:42     0.00765      0.0195       0.239
  MH4456468            STORAGE       0.06     0.11     0  00:02     0.00347      0.0063       0.184
  MH4502097            STORAGE       0.02    87.60     0  15:58     0.00096        4.74       0.078
  MH4447369            STORAGE       0.02     0.50     0  00:46     0.00116      0.0285       0.139
  MH4448345            STORAGE       0.01    16.45     0  04:20     0.00042       0.934       0.080
  MH4448419            STORAGE       0.12    16.57     0  04:11     0.00693        0.94       0.082
  MH4449083            STORAGE       0.08     0.21     0  00:03     0.00434      0.0118       0.164
  MH4499116            STORAGE       0.05     1.06     0  01:21     0.00307      0.0604       0.060
  MH4454674            STORAGE       0.05     0.32     0  00:49     0.00295      0.0186       0.134
  MH4427688            STORAGE       0.23     1.54     0  00:58      0.0131      0.0882       0.133
  MH4448753            STORAGE       0.08     0.11     0  00:02     0.00483     0.00634       0.416
  MH1627682            STORAGE       0.12     0.67     0  01:32     0.00679      0.0381       0.222
  MH4452538            STORAGE       0.11     0.40     0  00:31      0.0066      0.0228       0.172
  MH5118586            STORAGE       0.11     1.25     0  01:22     0.00659      0.0718       0.157
  MH4452724            STORAGE       0.14     0.26     0  00:40     0.00815      0.0148       0.233
  MH4448853            STORAGE       0.19     4.06     0  02:40      0.0108       0.229       0.256
  MH4500422            STORAGE       0.00     1.98     0  03:06    0.000237       0.112       0.041
  MH4449806            STORAGE       0.18     1.54     0  02:10      0.0105      0.0879       0.192
  MH4450137            STORAGE       0.10     1.79     0  02:07     0.00593       0.102       0.292
  MH4428117            STORAGE       0.07     0.07     0  00:00     0.00409     0.00409       0.011
  MH4428139            STORAGE       0.09     0.23     0  00:07     0.00534      0.0131       0.148
  MH4455909            STORAGE       0.12    79.13     0  15:56     0.00713        4.32       0.142
  MH4451823            STORAGE       0.01     1.41     0  04:48    0.000613      0.0801       0.348
  MH4450787            STORAGE       0.18     0.18     0  00:00      0.0103      0.0103       0.167
  MH4428026            STORAGE       0.11     0.69     0  01:28     0.00645      0.0397       0.091
  MH4501866            STORAGE       0.09     8.15     0  10:17     0.00506       0.459       0.065
  MH1627986            STORAGE       0.05     0.78     0  01:05     0.00294      0.0448       0.215
  MH4499632            STORAGE       0.03     1.72     0  03:21     0.00159      0.0977       0.108
  MH4429035            STORAGE       0.14     0.30     0  00:48     0.00798      0.0171       0.237
  MH4449704            STORAGE       0.10     1.14     0  04:41     0.00583      0.0649       0.272
  MH4449118            STORAGE       0.12     1.62     0  04:40     0.00664      0.0925       0.287
  MH1629281            STORAGE       0.01     1.22     0  01:31    0.000861      0.0696       0.107
  MH4454718            STORAGE       0.06     0.24     0  02:07     0.00352       0.014       0.073
  MH4451287            STORAGE       0.42     7.71     0  01:56      0.0243        0.44       0.117
  MH4450219            STORAGE       0.16     0.73     0  01:47     0.00893      0.0419       0.190
  MH4449321            STORAGE       0.12     0.64     0  01:07     0.00672      0.0369       0.134
  MH4448509            STORAGE       0.16     0.41     0  00:45      0.0093      0.0233       0.260
  MH4428524            STORAGE       0.08    13.26     0  04:25     0.00482       0.756       0.021
  MH1627084            STORAGE       0.08     0.55     0  00:51     0.00432      0.0316       0.254
  MH4455762            STORAGE       0.01     0.29     0  00:57    0.000311      0.0168       0.127
  MH4452721            STORAGE       0.06     2.43     0  01:30     0.00362       0.139       0.166
  MH4447128            STORAGE       0.17     0.61     0  01:41      0.0097       0.035       0.247
  MH4447726            STORAGE       0.15     1.11     0  01:44      0.0084      0.0637       0.288
  MH4428268            STORAGE       0.11     2.60     0  02:43     0.00629       0.149       0.139
  MH4428636            STORAGE       0.11     3.32     0  01:32     0.00621        0.19       0.135
  MH4452977            STORAGE       0.12     0.39     0  01:11     0.00692      0.0223       0.278
  MH1632309            STORAGE       0.01    99.90     0  15:57    0.000772        5.39       0.031
  MH4500035            STORAGE       0.10     3.96     0  01:15     0.00581       0.225       0.158
  MH4451759            STORAGE       0.00     0.12     0  00:48    0.000274     0.00671       0.060
  MH4454490            STORAGE       0.08     1.31     0  01:24     0.00473      0.0752       0.151
  MH4447880            STORAGE       0.12     2.18     0  02:15     0.00669       0.125       0.175
  MH4499417            STORAGE       0.06     3.03     0  12:19     0.00361       0.172       0.111
  MH4453579            STORAGE       0.08    66.40     0  15:58     0.00478        3.65       0.134
  MH4451531            STORAGE       0.06     0.11     0  00:01     0.00338     0.00645       0.175
  MH4449785            STORAGE       0.13    22.94     0  09:38     0.00722         1.3       0.200
  MH4447416            STORAGE       0.08     0.36     0  00:52      0.0046      0.0205       0.299
  MH4453124            STORAGE       0.08     1.68     0  01:02     0.00447      0.0963       0.040
  MH5228371            STORAGE       0.04     0.07     0  00:01     0.00222     0.00398       0.079
  MH6153571            STORAGE       0.14    81.09     0  15:59      0.0078        4.41       0.063
  MH4427425            STORAGE       0.16     0.22     0  00:01     0.00915      0.0127       0.335
  MH7465841            STORAGE       0.02    14.28     0  01:42    0.000878       0.813       0.032
  MH4451971            STORAGE       0.10     0.35     0  00:34      0.0059      0.0199       0.163
  MH4450757            STORAGE       0.07     6.49     0  02:00       0.004       0.371       0.114
  MH4447684            STORAGE       0.04     0.51     0  00:48     0.00247      0.0295       0.057
  MH4449173            STORAGE       0.19    18.14     0  04:15      0.0107        1.03       0.133
  MH4451058            STORAGE       0.01     1.66     0  01:17    0.000581      0.0954       0.062
  MH4452032            STORAGE       0.13     0.25     0  01:29     0.00778      0.0146       0.153
  MH4451840            STORAGE       0.10     0.45     0  01:30     0.00551       0.026       0.329
  MH1790845            STORAGE       0.24     0.50     0  01:36      0.0135      0.0288       0.847
  MH4456553            STORAGE       0.10    79.38     0  15:59     0.00578        4.33       0.132
  MH4449510            STORAGE       0.06     4.46     0  01:46     0.00342       0.256       0.059
  MH4428713            STORAGE       0.14     0.49     0  01:01     0.00805      0.0281       0.262
  MH4428995            STORAGE       0.13     0.62     0  01:19      0.0076      0.0356       0.367
  MH4447351            STORAGE       0.17     0.50     0  02:05     0.00953       0.029       0.157
  MH4450170            STORAGE       0.12     5.37     0  01:48     0.00693       0.307       0.133
  MH4500254            STORAGE       0.09     0.23     0  00:02     0.00497      0.0131       0.214
  MH4448662            STORAGE       0.11     0.36     0  01:15     0.00613      0.0208       0.347
  MH4429357            STORAGE       0.16     3.27     0  02:07      0.0091       0.186       0.291
  MH5286735            STORAGE       0.05     0.08     0  00:01     0.00267     0.00449       0.076
  MH4449860            STORAGE       0.04     0.12     0  00:02     0.00258     0.00651       0.243
  MH4452919            STORAGE       0.13     0.13     0  00:00     0.00723     0.00723       0.312
  MH4450449            STORAGE       0.11    41.20     0  12:28     0.00637        2.31       0.082
  MH4450581            STORAGE       0.15    41.36     0  02:12     0.00857        2.32       0.139
  MH6042164            STORAGE       0.09     0.67     0  01:21      0.0049      0.0383       0.167
  MH1625395            STORAGE       0.07     0.57     0  00:59     0.00386      0.0325       0.316
  MH4447397            STORAGE       0.13     0.50     0  01:28     0.00765      0.0285       0.417
  MH5241467            STORAGE       0.02     0.57     0  01:42      0.0012      0.0324       0.205
  MH4455121            STORAGE       0.12    74.51     0  15:59     0.00684        4.08       0.098
  MH4428765            STORAGE       0.02     0.18     0  00:59     0.00106      0.0104       0.095
  MH1624138            STORAGE       0.10    82.03     0  15:59     0.00553        4.46       0.086
  MH4452902            STORAGE       0.01     1.57     0  00:00    0.000537      0.0761       0.008
  MH4452980            STORAGE       0.00     1.81     0  12:22    7.34e-05       0.104       0.007
  MH4451333            STORAGE       0.02     0.09     0  00:21     0.00112     0.00544       0.016
  MH1623974            STORAGE       0.14     0.44     0  00:51     0.00798      0.0254       0.377
  MH4428320            STORAGE       0.11     0.34     0  00:57     0.00644      0.0195       0.179
  MH1632398            STORAGE       0.05    99.95     0  15:57     0.00306        5.39       0.035
  MH4447643            STORAGE       0.01    16.13     0  01:57    0.000314       0.914       0.110
  MH4452081            STORAGE       0.06     1.74     0  03:02      0.0037      0.0995       0.078
  MH4429013            STORAGE       0.09     4.01     0  01:23     0.00501       0.229       0.135
  MH4429468            STORAGE       0.07     0.27     0  01:17     0.00403      0.0153       0.314
  MH4446883            STORAGE       0.04     0.38     0  01:33     0.00222      0.0217       0.062
  MH4451092            STORAGE       0.12     1.78     0  01:04     0.00668       0.102       0.055
  MH4448796            STORAGE       0.05     0.18     0  00:04     0.00271     0.00998       0.190
  MH4500902            STORAGE       0.06     3.81     0  03:19     0.00329       0.216       0.093
  MH4449330            STORAGE       0.03     0.14     0  01:43     0.00175     0.00806       0.036
  MH4450211            STORAGE       0.03     0.44     0  01:02     0.00177      0.0253       0.067
  MH4453770            STORAGE       0.10     0.26     0  01:04      0.0059      0.0148       1.391
  MH4429527            STORAGE       0.21     0.36     0  00:41      0.0121      0.0209       0.388
  MH4450975            STORAGE       0.11     0.37     0  00:08     0.00641      0.0212       0.246
  MH4450207            STORAGE       0.18     0.28     0  01:08      0.0103      0.0163       0.381
  MH4453740            STORAGE       0.12     0.62     0  01:23     0.00671      0.0353       0.110
  MH4429179            STORAGE       0.13     0.81     0  01:05      0.0072      0.0464       0.280
  MH4452527            STORAGE       0.10    51.72     0  15:59     0.00594        2.85       0.115
  MH4452680            STORAGE       0.22    53.53     0  15:57      0.0127        2.95       0.274
  MH1624769            STORAGE       0.02    82.61     0  15:58     0.00101        4.49       0.074
  MH4454629            STORAGE       0.09     3.20     0  03:23     0.00518       0.182       0.084
  MH1624494            STORAGE       0.12     0.64     0  01:39     0.00714      0.0366       0.178
  MH4451143            STORAGE       0.15     0.26     0  00:29     0.00852      0.0149       0.147
  MH4450922            STORAGE       0.11    48.26     0  15:59     0.00616         2.7       0.165
  MH4451207            STORAGE       0.16    49.89     0  15:59     0.00948        2.78       0.248
  MH8963773            STORAGE       0.02     3.51     0  02:32     0.00108       0.199       0.158
  MH4454643            STORAGE       0.10     0.58     0  01:09     0.00549      0.0334       0.219
  MH4426971            STORAGE       0.07     0.07     0  00:00     0.00379     0.00379       0.103
  MH4453970            STORAGE       0.06     0.63     0  01:40     0.00365      0.0362       0.251
  MH4498454            STORAGE       0.06     0.78     0  03:04     0.00341      0.0446       0.061
  MH4429503            STORAGE       0.11    15.46     0  08:40     0.00606       0.879       0.114
  MH4429645            STORAGE       0.04     1.55     0  02:20     0.00228      0.0894       0.060
  MH4452011            STORAGE       0.07     2.21     0  00:51     0.00399      0.0356       3.847
  MH4451871            STORAGE       0.08     3.94     0  00:49     0.00442      0.0768       3.271
  MH4449103            STORAGE       0.01    17.96     0  04:14    0.000621        1.02       0.079
  MH4499048            STORAGE       0.09     0.18     0  00:21     0.00521      0.0106       0.141
  MH4499729            STORAGE       0.03     1.18     0  01:15     0.00199      0.0672       0.058
  MH4456532            STORAGE       0.05     3.58     0  01:35     0.00272       0.204       0.078
  MH4454376            STORAGE       0.08    70.30     0  15:59     0.00454        3.86       0.161
  MH4499323            STORAGE       0.06     0.18     0  00:02     0.00358      0.0102       0.197
  MH1623928            STORAGE       0.06    81.26     0  15:59     0.00319        4.42       0.079
  MH4428920            STORAGE       0.10     0.26     0  00:22     0.00581      0.0149       0.166
  MH4449849            STORAGE       0.03     0.53     0  01:30     0.00148      0.0305       0.334
  MH4455780            STORAGE       0.02     2.21     0  08:50     0.00138       0.126       0.028
  MH4429019            STORAGE       0.06    14.18     0  07:03     0.00372       0.808       0.023
  MH4447394            STORAGE       0.12    14.72     0  03:16     0.00708       0.838       0.110
  MH4453315            STORAGE       0.09     0.09     0  00:00     0.00541     0.00541       0.248
  MH4453553            STORAGE       0.08     0.50     0  05:25     0.00456      0.0286       0.141
  MH4428426            STORAGE       0.30     0.30     0  00:00      0.0173      0.0173       0.172
  MH4428245            STORAGE       0.16     0.64     0  01:12     0.00944      0.0365       0.252
  MH4450378            STORAGE       0.12    23.70     0  09:11     0.00665        1.33       0.233
  MH4450554            STORAGE       0.05    23.75     0  09:40     0.00271        1.33       0.075
  MH1631057            STORAGE       0.08    97.90     0  15:59     0.00486        5.28       0.062
  MH1631514            STORAGE       0.03    99.80     0  15:57     0.00163        5.38       0.034
  MH4427095            STORAGE       0.11    10.01     0  01:03     0.00657       0.575       0.126
  MH4455516            STORAGE       0.13     0.26     0  00:03      0.0076      0.0149       0.291
  MH1623725            STORAGE       0.12     1.26     0  01:51     0.00689      0.0718       0.154
  MH4456551            STORAGE       0.05     1.93     0  01:19     0.00313        0.11       0.136
  MH4453489            STORAGE       0.03     3.32     0  01:46     0.00174       0.189       0.239
  MH4449436            STORAGE       0.16     0.55     0  01:05     0.00939      0.0318       0.163
  MH4455808            STORAGE       0.08     0.75     0  01:29      0.0046      0.0428       0.170
  MH4450920            STORAGE       0.06     1.28     0  01:19     0.00318      0.0739       0.126
  MH4451516            STORAGE       0.06     2.05     0  01:15     0.00368       0.117       0.087
  MH4452994            STORAGE       0.14     2.95     0  01:18     0.00819       0.168       0.183
  MH4452189            STORAGE       0.04    51.39     0  16:00     0.00215        2.84       0.097
  MH4449882            STORAGE       0.05     0.13     0  00:03     0.00298     0.00733       1.429
  MH1629073            STORAGE       0.14     0.34     0  00:43     0.00805      0.0198       0.151
  MH4429320            STORAGE       0.08     0.13     0  00:01     0.00442     0.00725       0.101
  MH4451945            STORAGE       0.12     7.95     0  02:03     0.00687       0.452       0.103
  MH4452809            STORAGE       0.07     0.18     0  00:02      0.0038     0.00975       0.228
  MH4452632            STORAGE       0.10     0.40     0  01:18     0.00597      0.0228       0.286
  MH4453981            STORAGE       0.11     0.11     0  00:00      0.0062      0.0062       0.096
  MH4320104            STORAGE       0.17     0.54     0  01:14        0.01      0.0307       0.397
  MH4426673            STORAGE       0.13     0.13     0  00:00     0.00744     0.00744       0.131
  MH4450077            STORAGE       0.19     0.32     0  00:41      0.0109      0.0184       0.286
  MH4428836            STORAGE       0.16     1.32     0  02:16     0.00909      0.0753       0.241
  MH4429107            STORAGE       0.07     2.33     0  01:48     0.00385       0.133       0.376
  MH4429656            STORAGE       0.12     0.60     0  01:25     0.00687      0.0345       0.478
  MH4450617            STORAGE       0.15     0.31     0  00:37     0.00883      0.0179       0.308
  MH4448392            STORAGE       0.14     0.22     0  00:02     0.00821      0.0127       0.226
  MH4448813            STORAGE       0.17     0.39     0  01:06        0.01      0.0227       0.399
  MH4449913            STORAGE       0.10    17.28     0  11:16     0.00556       0.972       0.219
  MH4427309            STORAGE       0.21     0.42     0  00:37      0.0121      0.0239       0.128
  MH1625316            STORAGE       0.11     1.00     0  01:15     0.00631       0.057       0.170
  MH4429584            STORAGE       0.07     0.07     0  00:00     0.00389     0.00389       0.091
  MH4429544            STORAGE       0.04     0.10     0  00:39     0.00212       0.006       0.252
  MH4452946            STORAGE       0.01     2.53     0  01:38    0.000297       0.144       0.138
  MH4428797            STORAGE       0.18     0.52     0  00:45      0.0104      0.0298       0.249
  MH4451468            STORAGE       0.24     0.75     0  00:24      0.0141      0.0429       0.639
  MH4450391            STORAGE       0.06     6.05     0  02:17     0.00348       0.343       0.113
  MH4450531            STORAGE       0.07     6.63     0  01:35     0.00426       0.375       0.211
  MH1629194            STORAGE       0.05    97.19     0  15:59     0.00295        5.26       0.089
  MH4449977            STORAGE       0.09     0.68     0  02:15     0.00499      0.0387       0.102
  MH4454125            STORAGE       0.01     0.43     0  01:40    0.000335      0.0248       0.176
  MH4453047            STORAGE       0.16     0.19     0  00:11      0.0091      0.0108       0.152
  MH4455813            STORAGE       0.09     0.67     0  01:25     0.00529      0.0384       0.279
  MH4451576            STORAGE       0.17     0.17     0  00:00     0.00965     0.00965       0.131
  MH4450193            STORAGE       0.06    23.38     0  08:32     0.00331        1.32       0.108
  MH4449635            STORAGE       0.13     0.54     0  00:56     0.00747      0.0307       0.244
  MH4454657            STORAGE       0.08     0.92     0  04:17     0.00436      0.0525       0.207
  MH4428800            STORAGE       0.33     0.33     0  00:00       0.019       0.019       0.192
  MH4452071            STORAGE       0.07     2.44     0  01:06     0.00395        0.14       0.171
  MH4454876            STORAGE       0.01     0.26     0  02:07    0.000765      0.0148       0.065
  MH4455429            STORAGE       0.06     0.48     0  02:13     0.00338      0.0272       0.085
  MH4448762            STORAGE       0.16     0.91     0  01:49     0.00926      0.0518       0.323
  MH4454901            STORAGE       0.04     0.34     0  00:18     0.00253      0.0198       0.071
  MH1624202            STORAGE       0.02     0.19     0  01:11     0.00134       0.011       0.164
  MH4454195            STORAGE       0.02     0.38     0  01:37     0.00112      0.0217       0.128
  MH1626450            STORAGE       0.04     0.17     0  00:03     0.00253     0.00973       0.261
  MH1626578            STORAGE       0.07     0.45     0  01:06     0.00417      0.0259       0.303
  MH4429411            STORAGE       0.15     0.15     0  00:00     0.00844     0.00844       0.266
  MH4501851            STORAGE       0.01     7.79     0  10:13     0.00033       0.439       0.101
  MH4456372            STORAGE       0.09     0.59     0  03:04     0.00494      0.0334       0.073
  MH5216010            STORAGE       0.07     0.07     0  00:00     0.00429     0.00429       0.047
  MH4498407            STORAGE       0.00     0.60     0  03:11     0.00028      0.0341       0.019
  MH4453748            STORAGE       0.02     0.04     0  00:01    0.000963     0.00217       0.065
  MH4427312            STORAGE       0.10     0.67     0  01:01     0.00554      0.0387       0.119
  MH4451113            STORAGE       0.09     1.37     0  01:21     0.00492      0.0787       0.097
  MH4450100            STORAGE       0.02     0.13     0  01:04     0.00124     0.00772       0.135
  MH4450180            STORAGE       0.05     0.24     0  01:16     0.00314      0.0136       0.231
  MH4429323            STORAGE       0.10     0.23     0  00:44     0.00587      0.0131       0.412
  MH4449920            STORAGE       0.03     0.42     0  01:44     0.00177       0.024       0.080
  MH1790382            STORAGE       0.06     0.19     0  00:06     0.00365      0.0109       0.341
  MH4455602            STORAGE       0.05     1.16     0  10:55     0.00313      0.0657       0.070
  MH4429471            STORAGE       0.15     0.39     0  00:35     0.00843      0.0224       0.449
  MH4451886            STORAGE       0.09    51.15     0  16:00     0.00531        2.84       0.221
  MH4450802            STORAGE       0.04     0.17     0  00:06     0.00235     0.00976       0.353
  MH4447506            STORAGE       0.04     0.13     0  00:04     0.00251     0.00726       0.274
  MH4429499            STORAGE       0.10     7.06     0  01:16     0.00582       0.405       0.184
  MH4447691            STORAGE       0.04    16.17     0  13:41     0.00256       0.916       0.079
  MH4449485            STORAGE       0.00     3.75     0  01:02    0.000278       0.216       0.085
  MH5233531            STORAGE       0.02     1.89     0  03:33    0.000902       0.108       0.075
  MH4428146            STORAGE       0.15     0.44     0  00:26     0.00844      0.0254       0.164
  MH4428096            STORAGE       0.09    10.37     0  01:12     0.00538       0.592       0.182
  MH4450167            STORAGE       0.14     0.51     0  01:31     0.00783      0.0291       0.270
  MH1630330            STORAGE       0.22     1.73     0  01:30      0.0124      0.0985       0.195
  MH1630926            STORAGE       0.14     1.87     0  01:43     0.00798       0.106       0.717
  MH4500043            STORAGE       0.06     1.85     0  03:25     0.00343       0.105       0.078
  MH4454993            STORAGE       0.06     1.80     0  01:18     0.00358       0.103       0.100
  MH1629888            STORAGE       0.09     1.44     0  01:12     0.00519      0.0821       0.311
  MH4427714            STORAGE       0.13     0.35     0  00:24      0.0076      0.0201       0.166
  MH4450332            STORAGE       0.05     0.32     0  01:23     0.00281      0.0182       0.155
  MH4452952            STORAGE       0.01     0.50     0  00:00    0.000363      0.0282       0.051
  MH4426188            STORAGE       0.11     0.55     0  00:03     0.00639      0.0302       0.218
  MH4426979            STORAGE       0.14     0.34     0  00:54     0.00807      0.0196       0.136
  MH4455191            STORAGE       0.12     3.03     0  04:19     0.00674       0.173       0.081
  MH4454312            STORAGE       0.07     0.28     0  00:05     0.00375      0.0157       0.198
  MH4427849            STORAGE       0.15     0.35     0  00:42     0.00856      0.0199       0.278
  MH1625959            STORAGE       0.03     1.06     0  01:51     0.00196      0.0606       0.035
  MH4498291            STORAGE       0.13     0.13     0  00:00      0.0072      0.0072       0.292
  MH5164627            STORAGE       0.05     0.05     0  00:00     0.00303     0.00303       0.133
  MH4453850            STORAGE       0.07     0.19     0  00:53     0.00429       0.011       0.142
  MH4454009            STORAGE       0.04     0.24     0  00:10     0.00249      0.0135       0.403
  MH4453031            STORAGE       0.11     0.16     0  00:04     0.00612     0.00917       0.120
  MH1626189            STORAGE       0.11    83.01     0  15:58     0.00635         4.5       0.130
  MH4499059            STORAGE       0.05     0.94     0  02:56     0.00301      0.0534       0.084
  MH4451673            STORAGE       0.18     0.64     0  04:56      0.0106      0.0365       0.337
  MH4447346            STORAGE       0.02     0.16     0  00:04    0.000923     0.00904       0.188
  MH4427659            STORAGE       0.10     0.10     0  00:00     0.00566     0.00566       0.060
  MH4453098            STORAGE       0.13    62.07     0  15:59     0.00758        3.42       0.261
  MH4502186            STORAGE       0.05    95.95     0  15:59     0.00307         5.2       0.061
  MH4500625            STORAGE       0.11     0.19     0  00:54     0.00611      0.0109       0.399
  MH4429420            STORAGE       0.05     0.75     0  02:11     0.00282      0.0428       0.058
  MH4450396            STORAGE       0.10     0.20     0  00:02     0.00589      0.0114       0.222
  MH4499406            STORAGE       0.04     1.10     0  01:22     0.00241      0.0627       0.084
  MH4456777            STORAGE       0.06     2.54     0  04:07     0.00353       0.144       0.069
  MH4428638            STORAGE       0.14     0.59     0  00:15     0.00807      0.0335       0.262
  MH8707824            STORAGE       0.04     0.30     0  00:42     0.00243       0.017       0.096
  MH4454398            STORAGE       0.02     0.04     0  00:12    0.000929     0.00239       0.012
  MH4453185            STORAGE       0.02     0.09     0  00:05    0.000959     0.00504       0.267
  MH4450847            STORAGE       0.02     0.39     0  01:01    0.000973      0.0224       0.100
  MH4428583            STORAGE       0.17     0.79     0  00:45        0.01      0.0451       0.273
  MH4455943            STORAGE       0.08     0.24     0  00:05     0.00443      0.0135       0.305
  MH4426728            STORAGE       0.08     9.80     0  01:02     0.00433       0.564       0.053
  MH4427741            STORAGE       0.06     0.28     0  02:36     0.00365      0.0163       0.085
  MH4452541            STORAGE       0.05     8.12     0  02:10     0.00286       0.461       0.039
  MH4449796            STORAGE       0.10     3.97     0  03:37     0.00559       0.226       0.182
  MH4450269            STORAGE       0.06     0.06     0  00:00     0.00351     0.00351       0.046
  MH4447355            STORAGE       0.12     0.12     0  00:00     0.00709     0.00709       0.436
  MH4448029            STORAGE       0.06     0.18     0  01:41     0.00322      0.0103       0.233
  MH4452462            STORAGE       0.15     0.68     0  01:25     0.00854       0.039       0.170
  MH4448626            STORAGE       0.07     0.70     0  00:53     0.00386      0.0399       0.241
  MH4428137            STORAGE       0.01     0.49     0  00:45    0.000643       0.028       0.073
  MH1630702            STORAGE       0.07     0.07     0  00:00     0.00424     0.00424       0.226
  MH4454116            STORAGE       0.09    66.78     0  15:59     0.00547        3.66       0.081
  MH4452110            STORAGE       0.07     0.12     0  00:03     0.00381     0.00689       0.383
  MH4428968            STORAGE       0.12     0.44     0  01:45     0.00679      0.0255       0.312
  MH4500689            STORAGE       0.04     3.54     0  05:27     0.00241       0.201       0.143
  MH1623436            STORAGE       0.20     0.20     0  00:00      0.0118      0.0118       0.103
  MH4454395            STORAGE       0.09     0.09     0  00:00     0.00527     0.00527       0.518
  MH4449866            STORAGE       0.09     0.19     0  00:02     0.00505       0.011       0.120
  MH4449011            STORAGE       0.09    16.35     0  05:42     0.00536       0.923       0.230
  MH4452760            STORAGE       0.03     0.03     0  00:00     0.00198     0.00198       0.019
  MH4447668            STORAGE       0.05     0.13     0  00:05     0.00284     0.00733       0.084
  MH4448929            STORAGE       0.09     2.41     0  06:10     0.00541       0.138       0.074
  MH4448474            STORAGE       0.11     3.04     0  01:53     0.00612       0.174       0.232
  MH4429086            STORAGE       0.07     1.01     0  01:46     0.00394      0.0579       0.161
  MH4320244            STORAGE       0.05     0.67     0  01:49     0.00283      0.0382       0.259
  MH4429268            STORAGE       0.20     0.20     0  00:00      0.0113      0.0113       0.304
  MH4451870            STORAGE       0.16     0.16     0  00:00     0.00927     0.00927       0.465
  MH4453213            STORAGE       0.11     2.02     0  00:05     0.00658       0.113       0.180
  MH4428067            STORAGE       0.24     0.24     0  00:00      0.0141      0.0141       0.155
  MH4453837            STORAGE       0.08     2.22     0  01:04     0.00466       0.127       0.128
  MH4451967            STORAGE       0.11     1.64     0  05:33     0.00647      0.0929       0.097
  MH4449503            STORAGE       0.20     0.59     0  01:35      0.0113      0.0339       0.634
  MH4428188            STORAGE       0.14     0.62     0  00:45     0.00784      0.0359       0.101
  MH4449778            STORAGE       0.15     0.15     0  00:00     0.00849     0.00849       0.395
  MH4447452            STORAGE       0.18     3.70     0  02:37      0.0106       0.209       0.156
  MH4427588            STORAGE       0.05    10.15     0  01:07     0.00267       0.582       0.103
  MH4450776            STORAGE       0.20     0.20     0  00:00      0.0118      0.0118       0.414
  MH4453095            STORAGE       0.11     0.11     0  00:00     0.00611     0.00611       0.216
  X385                 OUTFALL       0.00     0.02     0  00:32           0      0.0014       0.000
  X570                 OUTFALL       0.00     0.10     0  00:25           0     0.00565       0.000
  OUT                  OUTFALL       0.00    99.95     0  15:57           0        5.39       0.000
  X902                 OUTFALL       0.00     0.01     0  00:45           0    0.000297       0.000
  
  
  **********************
  Node Surcharge Summary
  **********************
  
  Surcharging occurs when water rises above the top of the highest conduit.
  ---------------------------------------------------------------------
                                               Max. Height   Min. Depth
                                   Hours       Above Crown    Below Rim
  Node                 Type      Surcharged         Meters       Meters
  ---------------------------------------------------------------------
  N271                 JUNCTION       14.43          0.005        4.189
  N366                 JUNCTION       15.23          0.199        2.162
  N367                 JUNCTION       15.14          0.119        2.444
  N419                 JUNCTION       15.18          0.373        2.521
  N422                 JUNCTION       15.09          0.321        3.455
  N649                 JUNCTION       14.77          0.135        4.021
  N877                 JUNCTION       14.91          0.128        2.036
  N991                 JUNCTION       15.28          0.278        2.160
  N1001                JUNCTION       15.37          0.491        2.063
  
  
  *********************
  Node Flooding Summary
  *********************
  
  No nodes were flooded.
  
  
  **********************
  Storage Volume Summary
  **********************
  
  ------------------------------------------------------------------------------------------------
                         Average    Avg   Evap  Exfil     Maximum    Max    Time of Max    Maximum
                          Volume   Pcnt   Pcnt   Pcnt      Volume   Pcnt     Occurrence    Outflow
  Storage Unit           1000 m³   Full   Loss   Loss     1000 m³   Full    days hr:min        LPS
  ------------------------------------------------------------------------------------------------
  MH4454411                0.000    1.4    0.0    0.0       0.000    1.4       0  01:09       2.58
  MH4450314                0.000    0.7    0.0    0.0       0.000    0.7       0  00:01       1.04
  MH4428367                0.000    0.3    0.0    0.0       0.000    0.3       0  00:55       0.40
  MH4428606                0.000    0.5    0.0    0.0       0.000    0.5       0  08:13       1.03
  MH4454744                0.000    0.3    0.0    0.0       0.000    0.3       0  00:44       0.07
  MH4452397                0.000    0.3    0.0    0.0       0.000    0.3       0  00:31       0.16
  MH4453133                0.000    1.6    0.0    0.0       0.000    1.6       0  04:20       2.73
  MH4447602                0.000    0.5    0.0    0.0       0.000    0.5       0  02:20       0.16
  MH4429312                0.000    1.7    0.0    0.0       0.000    1.7       0  04:58       4.68
  MH4453788                0.000    0.7    0.0    0.0       0.000    0.7       0  00:53       0.12
  MH4456108                0.000    0.7    0.0    0.0       0.000    0.7       0  02:15       0.82
  MH4454209                0.000    1.0    0.0    0.0       0.000    1.0       0  00:13       2.23
  MH1624017                0.000    0.6    0.0    0.0       0.000    0.6       0  01:10       0.40
  MH1623826                0.000    0.5    0.0    0.0       0.000    0.5       0  01:11       0.48
  MH4429136                0.000    1.7    0.0    0.0       0.000    1.7       0  08:04       6.56
  MH4501201                0.000    1.9    0.0    0.0       0.000    1.9       0  03:10       3.94
  MH4501544                0.000    7.1    0.0    0.0       0.000    7.5       0  15:59      83.30
  MH4454640                0.000    1.1    0.0    0.0       0.000    1.1       0  03:02       2.86
  MH4453512                0.000    1.8    0.0    0.0       0.000    1.8       0  02:12       3.22
  MH4452154                0.000    1.7    0.0    0.0       0.000    1.8       0  04:51       1.38
  MH4452217                0.000    2.0    0.0    0.0       0.000    2.1       0  05:06       1.48
  MH4446824                0.000    1.2    0.0    0.0       0.000    1.2       0  02:58       2.03
  MH4453931                0.000    0.5    0.0    0.0       0.000    0.5       0  02:04       0.34
  MH4456468                0.000    0.4    0.0    0.0       0.000    0.4       0  00:50       0.11
  MH4502097                0.000    7.3    0.0    0.0       0.000    7.7       0  15:59      87.60
  MH4447369                0.000    0.7    0.0    0.0       0.000    0.7       0  00:52       0.50
  MH4448345                0.000    2.0    0.0    0.0       0.000    2.0       0  04:20      16.45
  MH4448419                0.000    3.4    0.0    0.0       0.000    3.5       0  04:24      16.57
  MH4449083                0.000    0.3    0.0    0.0       0.000    0.3       0  00:43       0.20
  MH4499116                0.000    0.6    0.0    0.0       0.000    0.6       0  01:32       1.06
  MH4454674                0.000    0.6    0.0    0.0       0.000    0.6       0  00:56       0.32
  MH4427688                0.000    0.5    0.0    0.0       0.000    0.5       0  01:00       1.54
  MH4448753                0.000    0.5    0.0    0.0       0.000    0.5       0  01:43       0.11
  MH1627682                0.000    0.6    0.0    0.0       0.000    0.6       0  01:22       0.67
  MH4452538                0.000    0.5    0.0    0.0       0.000    0.5       0  00:46       0.40
  MH5118586                0.000    0.6    0.0    0.0       0.000    0.6       0  03:41       1.25
  MH4452724                0.000    0.7    0.0    0.0       0.000    0.7       0  01:01       0.26
  MH4448853                0.000    1.6    0.0    0.0       0.000    1.6       0  02:40       4.06
  MH4500422                0.000    0.6    0.0    0.0       0.000    0.7       0  03:15       1.98
  MH4449806                0.000    1.1    0.0    0.0       0.000    1.1       0  02:04       1.54
  MH4450137                0.000    1.3    0.0    0.0       0.000    1.3       0  02:10       1.79
  MH4428117                0.000    0.1    0.0    0.0       0.000    0.1       0  00:18       0.07
  MH4428139                0.000    0.2    0.0    0.0       0.000    0.2       0  00:57       0.23
  MH4455909                0.000    5.4    0.0    0.0       0.000    5.6       0  15:59      79.13
  MH4451823                0.000    1.1    0.0    0.0       0.000    1.1       0  05:32       1.41
  MH4450787                0.000    0.3    0.0    0.0       0.000    0.3       0  00:06       0.18
  MH4428026                0.000    0.4    0.0    0.0       0.000    0.4       0  01:35       0.69
  MH4501866                0.000    3.7    0.0    0.0       0.000    3.8       0  05:34       8.15
  MH1627986                0.000    0.8    0.0    0.0       0.000    0.8       0  01:12       0.78
  MH4499632                0.000    0.7    0.0    0.0       0.000    0.8       0  03:27       1.72
  MH4429035                0.000    0.3    0.0    0.0       0.000    0.3       0  01:04       0.30
  MH4449704                0.000    1.0    0.0    0.0       0.000    1.0       0  04:42       1.14
  MH4449118                0.000    1.0    0.0    0.0       0.000    1.0       0  04:41       1.62
  MH1629281                0.000    0.7    0.0    0.0       0.000    0.7       0  01:31       1.22
  MH4454718                0.000    0.4    0.0    0.0       0.000    0.4       0  02:07       0.24
  MH4451287                0.000    1.7    0.0    0.0       0.000    1.7       0  02:01       7.71
  MH4450219                0.000    0.6    0.0    0.0       0.000    0.6       0  01:52       0.73
  MH4449321                0.000    0.6    0.0    0.0       0.000    0.6       0  01:09       0.64
  MH4448509                0.000    0.7    0.0    0.0       0.000    0.7       0  01:04       0.41
  MH4428524                0.000    1.9    0.0    0.0       0.000    1.9       0  01:48      13.26
  MH1627084                0.000    0.7    0.0    0.0       0.000    0.7       0  01:08       0.55
  MH4455762                0.000    0.9    0.0    0.0       0.000    0.9       0  01:00       0.29
  MH4452721                0.000    1.0    0.0    0.0       0.000    1.0       0  01:38       2.43
  MH4447128                0.000    0.9    0.0    0.0       0.000    0.9       0  01:43       0.61
  MH4447726                0.000    0.8    0.0    0.0       0.000    0.8       0  01:46       1.11
  MH4428268                0.000    1.0    0.0    0.0       0.000    1.0       0  01:36       2.60
  MH4428636                0.000    1.4    0.0    0.0       0.000    1.4       0  01:21       3.32
  MH4452977                0.000    1.0    0.0    0.0       0.000    1.0       0  01:22       0.39
  MH1632309                0.000    4.6    0.0    0.0       0.000    4.8       0  15:57      99.90
  MH4500035                0.000    1.6    0.0    0.0       0.000    1.6       0  01:19       3.96
  MH4451759                0.000    0.2    0.0    0.0       0.000    0.2       0  00:48       0.12
  MH4454490                0.000    0.6    0.0    0.0       0.000    0.6       0  07:28       1.31
  MH4447880                0.000    1.5    0.0    0.0       0.000    1.5       0  02:30       2.18
  MH4499417                0.000    1.1    0.0    0.0       0.000    1.1       0  15:10       3.03
  MH4453579                0.000    9.6    0.0    0.0       0.000   10.0       0  15:57      66.40
  MH4451531                0.000    0.5    0.0    0.0       0.000    0.5       0  00:47       0.11
  MH4449785                0.000    3.6    0.0    0.0       0.000    3.7       0  07:44      22.94
  MH4447416                0.000    0.5    0.0    0.0       0.000    0.5       0  01:11       0.36
  MH4453124                0.000    0.8    0.0    0.0       0.000    0.8       0  01:12       1.68
  MH5228371                0.000    0.2    0.0    0.0       0.000    0.2       0  00:46       0.07
  MH6153571                0.000    6.4    0.0    0.0       0.000    6.6       0  15:58      81.09
  MH4427425                0.000    0.4    0.0    0.0       0.000    0.4       0  02:35       0.22
  MH7465841                0.000    2.3    0.0    0.0       0.000    2.3       0  01:43      14.28
  MH4451971                0.000    0.5    0.0    0.0       0.000    0.5       0  00:43       0.35
  MH4450757                0.000    2.0    0.0    0.0       0.000    2.0       0  03:39       6.49
  MH4447684                0.000    0.4    0.0    0.0       0.000    0.4       0  00:48       0.51
  MH4449173                0.000    3.0    0.0    0.0       0.000    3.1       0  04:16      18.14
  MH4451058                0.000    0.8    0.0    0.0       0.000    0.8       0  01:27       1.66
  MH4452032                0.000    0.6    0.0    0.0       0.000    0.6       0  01:30       0.25
  MH4451840                0.000    0.8    0.0    0.0       0.000    0.8       0  04:56       0.45
  MH1790845                0.000    0.8    0.0    0.0       0.000    0.8       0  03:03       0.50
  MH4456553                0.000    6.0    0.0    0.0       0.000    6.3       0  15:59      79.38
  MH4449510                0.000    1.4    0.0    0.0       0.000    1.4       0  02:20       4.46
  MH4428713                0.000    0.7    0.0    0.0       0.000    0.7       0  01:19       0.49
  MH4428995                0.000    1.4    0.0    0.0       0.000    1.4       0  01:25       0.62
  MH4447351                0.000    0.5    0.0    0.0       0.000    0.5       0  02:06       0.50
  MH4450170                0.000    1.4    0.0    0.0       0.000    1.4       0  01:37       5.37
  MH4500254                0.000    0.5    0.0    0.0       0.000    0.5       0  00:59       0.23
  MH4448662                0.000    0.5    0.0    0.0       0.000    0.5       0  01:23       0.36
  MH4429357                0.000    2.9    0.0    0.0       0.000    2.9       0  02:07       3.27
  MH5286735                0.000    0.3    0.0    0.0       0.000    0.3       0  00:45       0.08
  MH4449860                0.000    1.2    0.0    0.0       0.000    1.2       0  01:04       0.11
  MH4452919                0.000    0.4    0.0    0.0       0.000    0.4       0  01:20       0.13
  MH4450449                0.000    3.4    0.0    0.0       0.000    3.5       0  02:09      41.21
  MH4450581                0.000    3.3    0.0    0.0       0.000    3.4       0  16:00      41.35
  MH6042164                0.000    0.6    0.0    0.0       0.000    0.6       0  01:23       0.67
  MH1625395                0.000    0.8    0.0    0.0       0.000    0.8       0  01:15       0.57
  MH4447397                0.000    0.9    0.0    0.0       0.000    0.9       0  01:42       0.50
  MH5241467                0.000    0.8    0.0    0.0       0.000    0.8       0  01:46       0.57
  MH4455121                0.000    5.2    0.0    0.0       0.000    5.5       0  15:59      74.51
  MH4428765                0.000    0.6    0.0    0.0       0.000    0.6       0  01:00       0.18
  MH1624138                0.000    6.1    0.0    0.0       0.000    6.4       0  15:59      82.03
  MH4452902                0.000    0.7    0.0    0.0       0.000    0.7       0  00:00       1.36
  MH4452980                0.000    0.6    0.0    0.0       0.000    0.6       0  15:03       1.81
  MH4451333                0.000    0.3    0.0    0.0       0.000    0.3       0  00:22       0.09
  MH1623974                0.000    0.7    0.0    0.0       0.000    0.7       0  01:29       0.44
  MH4428320                0.000    0.6    0.0    0.0       0.000    0.6       0  00:09       0.35
  MH1632398                0.000    5.1    0.0    0.0       0.000    5.4       0  15:57      99.95
  MH4447643                0.000    3.7    0.0    0.0       0.000    3.8       0  13:19      16.13
  MH4452081                0.000    0.6    0.0    0.0       0.000    0.6       0  01:26       1.74
  MH4429013                0.000    1.7    0.0    0.0       0.000    1.7       0  09:46       4.01
  MH4429468                0.000    0.7    0.0    0.0       0.000    0.7       0  01:24       0.27
  MH4446883                0.000    0.7    0.0    0.0       0.000    0.7       0  01:25       0.38
  MH4451092                0.000    0.7    0.0    0.0       0.000    0.7       0  01:27       1.78
  MH4448796                0.000    0.4    0.0    0.0       0.000    0.4       0  00:48       0.17
  MH4500902                0.000    1.1    0.0    0.0       0.000    1.1       0  03:15       3.81
  MH4449330                0.000    0.5    0.0    0.0       0.000    0.5       0  01:55       0.14
  MH4450211                0.000    0.4    0.0    0.0       0.000    0.4       0  01:05       0.44
  MH4453770                0.000    1.3    0.0    0.0       0.000    1.3       0  07:45       0.26
  MH4429527                0.000    0.7    0.0    0.0       0.000    0.7       0  01:30       0.36
  MH4450975                0.000    0.5    0.0    0.0       0.000    0.5       0  01:02       0.37
  MH4450207                0.000    0.5    0.0    0.0       0.000    0.5       0  01:28       0.28
  MH4453740                0.000    0.5    0.0    0.0       0.000    0.5       0  06:10       0.62
  MH4429179                0.000    1.2    0.0    0.0       0.000    1.2       0  00:13       0.82
  MH4452527                0.000   12.9    0.0    0.0       0.000   13.5       0  16:00      51.72
  MH4452680                0.000   11.1    0.0    0.0       0.000   11.6       0  15:58      53.53
  MH1624769                0.000    6.2    0.0    0.0       0.000    6.5       0  15:59      82.61
  MH4454629                0.000    1.4    0.0    0.0       0.000    1.4       0  05:05       3.20
  MH1624494                0.000    0.7    0.0    0.0       0.000    0.7       0  01:15       0.64
  MH4451143                0.000    0.6    0.0    0.0       0.000    0.6       0  00:07       0.26
  MH4450922                0.001   16.8    0.0    0.0       0.001   17.8       0  16:00      48.26
  MH4451207                0.001   20.7    0.0    0.0       0.001   21.7       0  15:59      49.89
  MH8963773                0.000    2.3    0.0    0.0       0.000    2.4       0  05:54       3.51
  MH4454643                0.000    0.6    0.0    0.0       0.000    0.6       0  03:03       0.58
  MH4426971                0.000    0.1    0.0    0.0       0.000    0.1       0  00:31       0.07
  MH4453970                0.000    1.4    0.0    0.0       0.000    1.4       0  08:30       0.63
  MH4498454                0.000    0.8    0.0    0.0       0.000    0.8       0  03:09       0.78
  MH4429503                0.000    3.4    0.0    0.0       0.000    3.4       0  03:01      15.46
  MH4429645                0.000    1.2    0.0    0.0       0.000    1.2       0  02:20       1.55
  MH4452011                0.000   13.1    0.0    0.0       0.000   14.1       0  15:59       0.62
  MH4451871                0.000   15.1    0.0    0.0       0.000   16.2       0  15:59       1.59
  MH4449103                0.000    2.3    0.0    0.0       0.000    2.3       0  04:15      17.96
  MH4499048                0.000    0.2    0.0    0.0       0.000    0.2       0  00:46       0.18
  MH4499729                0.000    0.8    0.0    0.0       0.000    0.8       0  01:25       1.18
  MH4456532                0.000    1.0    0.0    0.0       0.000    1.0       0  01:31       3.58
  MH4454376                0.000    6.4    0.0    0.0       0.000    6.7       0  16:00      70.30
  MH4499323                0.000    0.3    0.0    0.0       0.000    0.3       0  00:47       0.18
  MH1623928                0.000    6.1    0.0    0.0       0.000    6.4       0  15:59      81.26
  MH4428920                0.000    0.4    0.0    0.0       0.000    0.4       0  00:41       0.26
  MH4449849                0.000    0.5    0.0    0.0       0.000    0.6       0  00:25       0.55
  MH4455780                0.000    0.7    0.0    0.0       0.000    0.8       0  08:08       2.21
  MH4429019                0.000    1.8    0.0    0.0       0.000    1.8       0  02:00      14.18
  MH4447394                0.000    2.8    0.0    0.0       0.000    2.8       0  03:39      14.72
  MH4453315                0.000    0.5    0.0    0.0       0.000    0.5       0  01:22       0.09
  MH4453553                0.000    0.4    0.0    0.0       0.000    0.4       0  05:06       0.50
  MH4428426                0.000    0.3    0.0    0.0       0.000    0.3       0  00:41       0.30
  MH4428245                0.000    0.5    0.0    0.0       0.000    0.5       0  08:00       0.64
  MH4450378                0.000    3.8    0.0    0.0       0.000    3.9       0  09:39      23.70
  MH4450554                0.000    3.5    0.0    0.0       0.000    3.6       0  09:40      23.75
  MH1631057                0.000    4.2    0.0    0.0       0.000    4.4       0  16:00      97.90
  MH1631514                0.000    4.2    0.0    0.0       0.000    4.4       0  15:56      99.80
  MH4427095                0.000    2.1    0.0    0.0       0.000    2.1       0  01:05      10.01
  MH4455516                0.000    0.4    0.0    0.0       0.000    0.4       0  01:07       0.26
  MH1623725                0.000    2.1    0.0    0.0       0.000    2.1       0  02:09       1.26
  MH4456551                0.000    1.0    0.0    0.0       0.000    1.1       0  02:46       1.93
  MH4453489                0.000    3.7    0.0    0.0       0.000    3.8       0  15:58       3.43
  MH4449436                0.000    0.3    0.0    0.0       0.000    0.3       0  01:09       0.55
  MH4455808                0.000    0.5    0.0    0.0       0.000    0.5       0  01:29       0.75
  MH4450920                0.000    1.0    0.0    0.0       0.000    1.0       0  01:20       1.28
  MH4451516                0.000    0.9    0.0    0.0       0.000    0.9       0  01:17       2.05
  MH4452994                0.000    2.0    0.0    0.0       0.000    2.0       0  01:35       2.95
  MH4452189                0.000   18.6    0.0    0.0       0.000   19.5       0  15:59      51.39
  MH4449882                0.000    0.8    0.0    0.0       0.000    0.9       0  04:41       0.13
  MH1629073                0.000    0.5    0.0    0.0       0.000    0.5       0  00:07       0.34
  MH4429320                0.000    0.7    0.0    0.0       0.000    0.7       0  00:33       0.13
  MH4451945                0.000    2.1    0.0    0.0       0.000    2.1       0  02:12       7.95
  MH4452809                0.000    0.6    0.0    0.0       0.000    0.6       0  01:01       0.17
  MH4452632                0.000    0.9    0.0    0.0       0.000    0.9       0  01:22       0.40
  MH4453981                0.000    0.3    0.0    0.0       0.000    0.3       0  00:33       0.11
  MH4320104                0.000    0.4    0.0    0.0       0.000    0.4       0  01:39       0.54
  MH4426673                0.000    0.3    0.0    0.0       0.000    0.3       0  00:45       0.13
  MH4450077                0.000    0.2    0.0    0.0       0.000    0.2       0  01:05       0.32
  MH4428836                0.000    1.3    0.0    0.0       0.000    1.3       0  02:21       1.32
  MH4429107                0.000    1.9    0.0    0.0       0.000    1.9       0  02:07       2.33
  MH4429656                0.000    0.9    0.0    0.0       0.000    0.9       0  01:52       0.60
  MH4450617                0.000    0.6    0.0    0.0       0.000    0.6       0  01:30       0.31
  MH4448392                0.000    0.6    0.0    0.0       0.000    0.6       0  01:06       0.22
  MH4448813                0.000    0.8    0.0    0.0       0.000    0.8       0  01:35       0.39
  MH4449913                0.000    3.0    0.0    0.0       0.000    3.1       0  11:15      17.28
  MH4427309                0.000    0.3    0.0    0.0       0.000    0.3       0  00:44       0.42
  MH1625316                0.000    1.0    0.0    0.0       0.000    1.0       0  01:15       1.00
  MH4429584                0.000    0.3    0.0    0.0       0.000    0.3       0  00:39       0.07
  MH4429544                0.000    0.4    0.0    0.0       0.000    0.4       0  01:12       0.10
  MH4452946                0.000    1.4    0.0    0.0       0.000    1.4       0  02:12       2.53
  MH4428797                0.000    0.4    0.0    0.0       0.000    0.5       0  01:01       0.52
  MH4451468                0.000    0.7    0.0    0.0       0.000    0.7       0  02:22       0.75
  MH4450391                0.000    2.0    0.0    0.0       0.000    2.0       0  01:33       6.06
  MH4450531                0.000    2.5    0.0    0.0       0.000    2.6       0  16:00       6.62
  MH1629194                0.000    5.4    0.0    0.0       0.000    5.7       0  15:59      97.19
  MH4449977                0.000    0.9    0.0    0.0       0.000    0.9       0  02:17       0.68
  MH4454125                0.000    2.0    0.0    0.0       0.000    2.0       0  06:38       0.43
  MH4453047                0.000    0.4    0.0    0.0       0.000    0.4       0  04:58       0.19
  MH4455813                0.000    0.7    0.0    0.0       0.000    0.7       0  01:29       0.67
  MH4451576                0.000    0.3    0.0    0.0       0.000    0.3       0  00:37       0.17
  MH4450193                0.000    3.8    0.0    0.0       0.000    3.8       0  09:11      23.38
  MH4449635                0.000    0.5    0.0    0.0       0.000    0.5       0  01:01       0.54
  MH4454657                0.000    0.6    0.0    0.0       0.000    0.6       0  06:09       0.92
  MH4428800                0.000    0.2    0.0    0.0       0.000    0.2       0  00:48       0.33
  MH4452071                0.000    1.0    0.0    0.0       0.000    1.0       0  01:14       2.44
  MH4454876                0.000    0.4    0.0    0.0       0.000    0.4       0  02:09       0.26
  MH4455429                0.000    0.4    0.0    0.0       0.000    0.4       0  02:14       0.48
  MH4448762                0.000    1.1    0.0    0.0       0.000    1.2       0  01:50       0.91
  MH4454901                0.000    0.3    0.0    0.0       0.000    0.3       0  00:20       0.34
  MH1624202                0.000    0.4    0.0    0.0       0.000    0.4       0  01:12       0.19
  MH4454195                0.000    1.1    0.0    0.0       0.000    1.2       0  01:40       0.38
  MH1626450                0.000    0.4    0.0    0.0       0.000    0.4       0  01:36       0.17
  MH1626578                0.000    0.7    0.0    0.0       0.000    0.7       0  01:20       0.45
  MH4429411                0.000    0.4    0.0    0.0       0.000    0.4       0  01:08       0.15
  MH4501851                0.000    3.8    0.0    0.0       0.000    3.8       0  08:59       7.79
  MH4456372                0.000    0.7    0.0    0.0       0.000    0.7       0  03:04       0.59
  MH5216010                0.000    0.2    0.0    0.0       0.000    0.2       0  00:24       0.07
  MH4498407                0.000    0.6    0.0    0.0       0.000    0.6       0  03:11       0.60
  MH4453748                0.000    0.3    0.0    0.0       0.000    0.3       0  00:44       0.04
  MH4427312                0.000    0.4    0.0    0.0       0.000    0.4       0  01:05       0.67
  MH4451113                0.000    0.7    0.0    0.0       0.000    0.7       0  01:20       1.37
  MH4450100                0.000    0.4    0.0    0.0       0.000    0.4       0  01:16       0.13
  MH4450180                0.000    0.7    0.0    0.0       0.000    0.7       0  01:22       0.24
  MH4429323                0.000    0.4    0.0    0.0       0.000    0.4       0  01:36       0.23
  MH4449920                0.000    0.4    0.0    0.0       0.000    0.4       0  02:07       0.42
  MH1790382                0.000    0.5    0.0    0.0       0.000    0.5       0  01:36       0.19
  MH4455602                0.000    0.6    0.0    0.0       0.000    0.6       0  06:09       1.16
  MH4429471                0.000    0.8    0.0    0.0       0.000    0.8       0  01:41       0.39
  MH4451886                0.001   24.5    0.0    0.0       0.001   25.7       0  16:00      51.15
  MH4450802                0.000    0.3    0.0    0.0       0.000    0.3       0  01:19       0.17
  MH4447506                0.000    0.3    0.0    0.0       0.000    0.3       0  01:06       0.13
  MH4429499                0.000    2.0    0.0    0.0       0.000    2.0       0  02:03       7.06
  MH4447691                0.000    3.7    0.0    0.0       0.000    3.8       0  04:07      16.17
  MH4449485                0.000    1.5    0.0    0.0       0.000    1.5       0  03:02       3.75
  MH5233531                0.000    0.9    0.0    0.0       0.000    0.9       0  01:31       1.89
  MH4428146                0.000    0.5    0.0    0.0       0.000    0.5       0  00:44       0.44
  MH4428096                0.000    5.6    0.0    0.0       0.000    5.7       0  00:15      10.40
  MH4450167                0.000    0.7    0.0    0.0       0.000    0.7       0  01:29       0.51
  MH1630330                0.000    1.3    0.0    0.0       0.000    1.3       0  01:43       1.73
  MH1630926                0.000    1.4    0.0    0.0       0.000    1.6       0  00:59       2.09
  MH4500043                0.000    0.6    0.0    0.0       0.000    0.6       0  03:14       1.85
  MH4454993                0.000    0.8    0.0    0.0       0.000    0.8       0  04:15       1.80
  MH1629888                0.000    0.9    0.0    0.0       0.000    0.9       0  01:27       1.44
  MH4427714                0.000    0.4    0.0    0.0       0.000    0.4       0  00:41       0.35
  MH4450332                0.000    1.2    0.0    0.0       0.000    1.2       0  01:31       0.32
  MH4452952                0.000    0.7    0.0    0.0       0.000    0.7       0  00:23       0.49
  MH4426188                0.000    0.5    0.0    0.0       0.000    0.5       0  00:50       0.52
  MH4426979                0.000    0.4    0.0    0.0       0.000    0.4       0  01:00       0.34
  MH4455191                0.000    0.9    0.0    0.0       0.000    0.9       0  01:09       3.03
  MH4454312                0.000    0.5    0.0    0.0       0.000    0.5       0  00:50       0.27
  MH4427849                0.000    0.4    0.0    0.0       0.000    0.4       0  01:12       0.35
  MH1625959                0.000    1.2    0.0    0.0       0.000    1.2       0  01:51       1.06
  MH4498291                0.000    0.4    0.0    0.0       0.000    0.4       0  01:11       0.13
  MH5164627                0.000    0.5    0.0    0.0       0.000    0.5       0  00:54       0.05
  MH4453850                0.000    0.8    0.0    0.0       0.000    0.9       0  00:09       0.20
  MH4454009                0.000    0.9    0.0    0.0       0.000    1.0       0  01:37       0.24
  MH4453031                0.000    0.5    0.0    0.0       0.000    0.5       0  00:41       0.16
  MH1626189                0.000    7.0    0.0    0.0       0.000    7.4       0  15:59      83.01
  MH4499059                0.000    0.7    0.0    0.0       0.000    0.7       0  03:11       0.94
  MH4451673                0.000    0.8    0.0    0.0       0.000    0.8       0  04:56       0.64
  MH4447346                0.000    0.5    0.0    0.0       0.000    0.5       0  00:46       0.16
  MH4427659                0.000    0.2    0.0    0.0       0.000    0.2       0  00:25       0.10
  MH4453098                0.000   14.0    0.0    0.0       0.000   14.5       0  15:59      62.07
  MH4502186                0.000    7.5    0.0    0.0       0.000    7.8       0  15:59      95.95
  MH4500625                0.000    0.7    0.0    0.0       0.000    0.7       0  01:33       0.19
  MH4429420                0.000    0.5    0.0    0.0       0.000    0.5       0  02:14       0.75
  MH4450396                0.000    0.3    0.0    0.0       0.000    0.3       0  00:55       0.20
  MH4499406                0.000    0.7    0.0    0.0       0.000    0.7       0  02:12       1.10
  MH4456777                0.000    0.8    0.0    0.0       0.000    0.8       0  07:52       2.54
  MH4428638                0.000    1.4    0.0    0.0       0.000    1.5       0  00:16       0.59
  MH8707824                0.000    0.7    0.0    0.0       0.000    0.7       0  00:43       0.30
  MH4454398                0.000    0.4    0.0    0.0       0.000    0.4       0  00:29       0.04
  MH4453185                0.000    0.4    0.0    0.0       0.000    0.4       0  00:45       0.09
  MH4450847                0.000    0.5    0.0    0.0       0.000    0.5       0  01:13       0.39
  MH4428583                0.000    1.0    0.0    0.0       0.000    1.0       0  01:04       0.79
  MH4455943                0.000    0.5    0.0    0.0       0.000    0.5       0  01:07       0.24
  MH4426728                0.000    1.8    0.0    0.0       0.000    1.8       0  00:01       9.80
  MH4427741                0.000    0.3    0.0    0.0       0.000    0.3       0  02:36       0.28
  MH4452541                0.000    2.1    0.0    0.0       0.000    2.1       0  02:16       8.12
  MH4449796                0.000    1.5    0.0    0.0       0.000    1.5       0  03:37       3.97
  MH4450269                0.000    0.2    0.0    0.0       0.000    0.2       0  00:25       0.06
  MH4447355                0.000    0.6    0.0    0.0       0.000    0.6       0  01:41       0.12
  MH4448029                0.000    0.7    0.0    0.0       0.000    0.7       0  01:50       0.18
  MH4452462                0.000    1.1    0.0    0.0       0.000    1.1       0  01:43       0.68
  MH4448626                0.000    0.7    0.0    0.0       0.000    0.7       0  01:01       0.70
  MH4428137                0.000    0.4    0.0    0.0       0.000    0.4       0  00:45       0.49
  MH1630702                0.000    0.3    0.0    0.0       0.000    0.4       0  00:23       0.07
  MH4454116                0.000    7.8    0.0    0.0       0.000    8.2       0  16:00      66.78
  MH4452110                0.000    0.6    0.0    0.0       0.000    0.6       0  01:27       0.12
  MH4428968                0.000    0.6    0.0    0.0       0.000    0.6       0  01:45       0.44
  MH4500689                0.000    2.4    0.0    0.0       0.000    2.4       0  10:05       3.54
  MH1623436                0.000    1.9    0.0    0.0       0.000    1.9       0  00:04       0.20
  MH4454395                0.000    0.5    0.0    0.0       0.000    0.6       0  02:07       0.09
  MH4449866                0.000    0.4    0.0    0.0       0.000    0.4       0  00:34       0.19
  MH4449011                0.000    3.9    0.0    0.0       0.000    4.0       0  02:55      16.35
  MH4452760                0.000    0.1    0.0    0.0       0.000    0.1       0  00:20       0.03
  MH4447668                0.000    0.7    0.0    0.0       0.000    0.7       0  00:37       0.13
  MH4448929                0.000    1.3    0.0    0.0       0.000    1.3       0  06:40       2.41
  MH4448474                0.000    1.6    0.0    0.0       0.000    1.6       0  02:30       3.04
  MH4429086                0.000    0.7    0.0    0.0       0.000    0.7       0  02:11       1.01
  MH4320244                0.000    0.5    0.0    0.0       0.000    0.5       0  01:49       0.67
  MH4429268                0.000    0.8    0.0    0.0       0.000    0.8       0  01:17       0.20
  MH4451870                0.000    0.5    0.0    0.0       0.000    0.5       0  00:33       0.16
  MH4453213                0.000    1.2    0.0    0.0       0.000    1.2       0  00:07       2.00
  MH4428067                0.000    0.3    0.0    0.0       0.000    0.3       0  00:42       0.24
  MH4453837                0.000    1.0    0.0    0.0       0.000    1.1       0  06:11       2.22
  MH4451967                0.000    0.8    0.0    0.0       0.000    0.8       0  04:54       1.64
  MH4449503                0.000    1.1    0.0    0.0       0.000    1.1       0  02:15       0.59
  MH4428188                0.000    0.5    0.0    0.0       0.000    0.5       0  00:47       0.62
  MH4449778                0.000    0.5    0.0    0.0       0.000    0.5       0  01:38       0.15
  MH4447452                0.000    2.1    0.0    0.0       0.000    2.1       0  06:42       3.70
  MH4427588                0.000    3.0    0.0    0.0       0.000    3.0       0  01:11      10.15
  MH4450776                0.000    0.4    0.0    0.0       0.000    0.4       0  01:18       0.20
  MH4453095                0.000    0.4    0.0    0.0       0.000    0.4       0  01:04       0.11
  
  
  ***********************
  Outfall Loading Summary
  ***********************
  
  -----------------------------------------------------------
                         Flow       Avg       Max       Total
                         Freq      Flow      Flow      Volume
  Outfall Node           Pcnt       LPS       LPS    10^6 ltr
  -----------------------------------------------------------
  X385                   0.00      0.00      0.00       0.001
  X570                  99.91      0.10      0.10       0.006
  OUT                   99.77     93.72     99.95       5.386
  X902                   0.00      0.00      0.00       0.000
  -----------------------------------------------------------
  System                49.92     93.82    100.08       5.393
  
  
  ********************
  Link Flow Summary
  ********************
  
  -----------------------------------------------------------------------------
                                 Maximum  Time of Max   Maximum    Max/    Max/
                                  |Flow|   Occurrence   |Veloc|    Full    Full
  Link                 Type          LPS  days hr:min     m/sec    Flow   Depth
  -----------------------------------------------------------------------------
  P4433449             PUMP         1.53     0  05:33                          
  P1495438             PUMP         1.06     0  01:51                          
  N0>N1                CONDUIT     96.05     0  15:59      1.01    0.64    0.58
  MH4454411>N3         CONDUIT      2.58     0  01:09      0.47    0.08    0.20
  N4>MH4450314         CONDUIT      0.04     0  00:40      0.20    0.00    0.03
  N8>N9                CONDUIT      0.08     0  00:26      0.25    0.00    0.05
  N10>MH4428367        CONDUIT      0.27     0  00:36      0.53    0.01    0.07
  MH4428606>N13        CONDUIT      1.03     0  01:36      0.61    0.05    0.15
  MH4454744>N15        CONDUIT      0.07     0  00:43      0.18    0.00    0.06
  N18>MH4452397        CONDUIT      0.15     0  00:11      0.37    0.01    0.06
  N20>MH4453133        CONDUIT      2.58     0  01:34      0.47    0.08    0.20
  N22>MH4447602        CONDUIT      0.06     0  00:40      0.23    0.00    0.06
  MH4429312>N25        CONDUIT      4.68     0  01:22      0.72    0.34    0.40
  N26>MH4453788        CONDUIT      0.09     0  00:03      0.27    0.01    0.07
  N28>MH4456108        CONDUIT      0.64     0  02:01      0.60    0.02    0.11
  N30>N31              CONDUIT      0.12     0  00:21      0.40    0.00    0.05
  N32>N33              CONDUIT      0.06     0  00:01      0.36    0.00    0.04
  N34>N35              CONDUIT      0.30     0  01:03      0.25    0.01    0.07
  N38>MH4454209        CONDUIT      2.19     0  00:11      0.53    0.06    0.17
  MH1624017>MH1623826  CONDUIT      0.40     0  01:10      0.37    0.03    0.11
  MH4429136>N43        CONDUIT      6.56     0  01:14      0.78    0.52    0.52
  MH4501201>N45        CONDUIT      3.94     0  03:10      0.41    0.08    0.19
  MH1623826>N46        CONDUIT      0.48     0  00:45      0.39    0.03    0.12
  N47>MH4501544        CONDUIT     83.07     0  15:58      0.85    0.66    0.59
  N49>N50              CONDUIT      0.31     0  05:07      0.46    0.01    0.08
  N51>MH4454640        CONDUIT      2.24     0  00:16      0.47    0.06    0.18
  N53>MH4453512        CONDUIT      2.84     0  01:30      0.47    0.09    0.21
  MH4452154>MH4452217  CONDUIT      1.38     0  04:51      0.32    0.05    0.16
  N59>MH4446824        CONDUIT      1.16     0  01:56      0.46    0.05    0.20
  N61>N62              CONDUIT      0.44     0  01:11      0.34    0.03    0.12
  N63>N64              CONDUIT      8.21     0  01:58      1.06    0.42    0.45
  MH4453931>N66        CONDUIT      0.34     0  02:04      0.34    0.02    0.11
  N67>MH4456468        CONDUIT      0.05     0  00:02      0.23    0.00    0.05
  N69>MH4502097        CONDUIT     83.38     0  15:58      0.88    0.65    0.57
  N71>N72              CONDUIT      3.64     0  01:12      1.06    0.04    0.14
  N73>MH4447369        CONDUIT      0.47     0  00:00      0.62    0.02    0.09
  MH4448345>MH4448419  CONDUIT     16.45     0  04:11      0.79    0.30    0.52
  N77>MH4449083        CONDUIT      0.11     0  00:03      0.37    0.00    0.05
  N13>MH4429136        CONDUIT      1.15     0  01:36      0.42    0.05    0.21
  N79>MH4499116        CONDUIT      0.25     0  00:31      0.39    0.01    0.10
  N81>N82              CONDUIT      0.07     0  00:02      0.27    0.01    0.05
  N83>MH4454674        CONDUIT      0.27     0  00:49      0.30    0.02    0.10
  N85>MH4427688        CONDUIT      0.54     0  00:48      0.71    0.02    0.09
  N87>MH4448753        CONDUIT      0.03     0  00:02      0.20    0.00    0.05
  N89>MH1627682        CONDUIT      0.55     0  01:32      0.32    0.05    0.15
  MH4452538>MH5118586  CONDUIT      0.40     0  00:44      0.44    0.01    0.10
  N33>MH4452724        CONDUIT      0.12     0  00:40      0.36    0.00    0.07
  MH4448853>N97        CONDUIT      4.06     0  02:40      0.44    0.17    0.29
  N98>MH4500422        CONDUIT      1.97     0  03:06      0.92    0.02    0.10
  N100>N101            CONDUIT      2.40     0  04:03      1.10    0.07    0.18
  MH4449806>MH4450137  CONDUIT      1.54     0  02:07      0.35    0.18    0.29
  MH4428117>MH4428139  CONDUIT      0.07     0  00:18      0.37    0.00    0.04
  N106>MH4455909       CONDUIT     74.80     0  15:56      0.97    0.73    0.66
  N108>MH5118586       CONDUIT      0.24     0  01:05      0.38    0.01    0.10
  N109>MH4451823       CONDUIT      0.24     0  00:05      0.41    0.01    0.18
  MH4450787>N112       CONDUIT      0.18     0  00:06      0.34    0.01    0.07
  N113>MH4428026       CONDUIT      0.41     0  01:28      0.56    0.01    0.09
  MH4501866>N116       CONDUIT      8.15     0  04:20      0.51    0.17    0.28
  N119>MH1627986       CONDUIT      0.73     0  01:05      0.35    0.02    0.10
  MH4499632>N122       CONDUIT      1.72     0  03:01      0.41    0.05    0.16
  MH4429035>N124       CONDUIT      0.30     0  01:04      0.44    0.01    0.08
  MH4454674>N125       CONDUIT      0.32     0  00:56      0.30    0.02    0.11
  MH4449704>MH4449118  CONDUIT      1.14     0  04:40      0.38    0.09    0.23
  N128>MH1629281       CONDUIT      0.22     0  00:07      0.26    0.02    0.14
  N82>MH4454718        CONDUIT      0.09     0  00:23      0.25    0.01    0.06
  N131>MH4451287       CONDUIT      0.59     0  01:10      0.26    0.03    0.26
  N133>N134            CONDUIT      0.07     0  00:26      0.20    0.00    0.05
  N137>MH4450219       CONDUIT      0.58     0  01:47      0.45    0.02    0.12
  N139>MH4449321       CONDUIT      0.47     0  01:07      0.35    0.04    0.13
  MH4448509>N142       CONDUIT      0.41     0  01:04      0.32    0.03    0.12
  N143>MH4428524       CONDUIT     10.47     0  01:38      0.75    0.95    0.73
  N145>MH1627084       CONDUIT      0.29     0  00:42      0.32    0.02    0.11
  MH1627084>N147       CONDUIT      0.55     0  01:08      0.36    0.01    0.08
  N148>N79             CONDUIT      0.24     0  00:39      0.46    0.01    0.07
  N149>N150            CONDUIT      3.34     0  03:09      1.00    0.04    0.14
  N151>MH4455762       CONDUIT      0.29     0  00:57      0.27    0.02    0.16
  N153>N154            CONDUIT      0.14     0  00:03      0.33    0.01    0.07
  N155>MH4452721       CONDUIT      0.26     0  01:12      0.46    0.01    0.07
  N157>N158            CONDUIT      0.41     0  01:01      0.45    0.02    0.10
  N159>MH4453931       CONDUIT      0.21     0  00:42      0.33    0.01    0.09
  MH4447128>MH4447726  CONDUIT      0.61     0  01:43      0.29    0.05    0.18
  MH1627986>N162       CONDUIT      0.78     0  01:12      0.30    0.03    0.12
  MH4501544>N69        CONDUIT     83.30     0  15:58      0.85    0.66    0.59
  N46>N163             CONDUIT      0.55     0  00:48      0.42    0.03    0.17
  N166>MH4428268       CONDUIT      1.75     0  00:59      0.66    0.06    0.21
  N168>MH4428636       CONDUIT      0.50     0  00:56      0.72    0.01    0.08
  N170>N171            CONDUIT      0.19     0  01:11      0.23    0.02    0.09
  N172>MH4452977       CONDUIT      0.27     0  01:11      0.25    0.02    0.12
  N176>MH1632309       CONDUIT     99.89     0  15:57      1.90    0.50    0.48
  N178>MH4500035       CONDUIT      3.86     0  01:15      0.81    0.05    0.18
  N180>N181            CONDUIT      2.13     0  02:23      0.60    0.14    0.26
  MH4451759>N183       CONDUIT      0.12     0  00:48      0.61    0.00    0.04
  N184>N59             CONDUIT      1.10     0  01:56      0.66    0.05    0.15
  MH4454490>N186       CONDUIT      1.31     0  01:22      0.88    0.04    0.14
  N112>N187            CONDUIT      0.19     0  00:21      0.35    0.01    0.07
  N188>MH4447880       CONDUIT      1.80     0  02:15      0.57    0.13    0.25
  MH4499417>N191       CONDUIT      3.03     0  04:30      0.64    0.07    0.18
  N192>MH4453579       CONDUIT      0.79     0  00:46      0.31    0.03    0.26
  N194>MH4451531       CONDUIT      0.06     0  00:01      0.34    0.00    0.05
  MH4449785>N197       CONDUIT     22.94     0  07:44      0.74    0.87    0.73
  N198>MH4447416       CONDUIT      0.28     0  00:52      0.37    0.02    0.09
  N202>MH4453124       CONDUIT      1.26     0  00:55      0.81    0.04    0.14
  MH5228371>N205       CONDUIT      0.07     0  00:45      0.23    0.00    0.05
  N206>MH6153571       CONDUIT     79.92     0  15:59      0.84    0.61    0.58
  N208>N209            CONDUIT      8.04     0  02:03      1.06    0.41    0.44
  N210>N211            CONDUIT     97.73     0  15:57      1.03    0.64    0.58
  N212>MH4427425       CONDUIT      0.06     0  00:01      0.37    0.00    0.05
  N216>N131            CONDUIT      0.49     0  00:59      0.42    0.03    0.12
  MH7465841>N220       CONDUIT     14.28     0  04:23      1.65    0.17    0.27
  N221>N222            CONDUIT      0.09     0  00:15      0.32    0.00    0.05
  MH4451971>N224       CONDUIT      0.35     0  00:43      0.49    0.01    0.08
  N225>MH4450757       CONDUIT      5.52     0  01:36      1.04    0.23    0.34
  N228>N229            CONDUIT      0.11     0  00:22      0.24    0.01    0.06
  N230>N231            CONDUIT      0.38     0  02:13      0.48    0.02    0.09
  N232>MH4451971       CONDUIT      0.24     0  00:34      0.43    0.01    0.07
  MH4447684>N234       CONDUIT      0.51     0  00:46      0.61    0.01    0.09
  MH4449173>MH4449785  CONDUIT     18.14     0  04:15      0.68    0.69    0.67
  N238>N239            CONDUIT      0.02     0  00:01      0.16    0.00    0.05
  N240>MH4451058       CONDUIT      1.37     0  00:33      0.78    0.05    0.16
  MH4452032>MH4451840  CONDUIT      0.25     0  01:30      0.26    0.01    0.11
  N244>MH1790845       CONDUIT      0.27     0  01:36      0.26    0.02    0.13
  N246>N247            CONDUIT      0.93     0  01:25      0.35    0.03    0.12
  N248>N61             CONDUIT      0.32     0  01:10      0.31    0.02    0.11
  MH4456553>N250       CONDUIT     79.38     0  15:59      0.84    0.63    0.57
  N251>MH4449510       CONDUIT      0.20     0  01:46      0.22    0.01    0.11
  MH4428713>MH4428995  CONDUIT      0.49     0  01:19      0.37    0.03    0.14
  N255>MH4447351       CONDUIT      0.34     0  02:05      0.45    0.01    0.09
  MH4450170>N225       CONDUIT      5.37     0  01:36      1.09    0.22    0.32
  MH4447880>N258       CONDUIT      2.18     0  02:30      0.62    0.16    0.27
  MH4500254>N260       CONDUIT      0.23     0  00:58      0.29    0.01    0.09
  N261>MH4448662       CONDUIT      0.26     0  01:15      0.30    0.02    0.10
  N263>MH5228371       CONDUIT      0.03     0  00:01      0.31    0.00    0.03
  MH4429357>N265       CONDUIT      3.27     0  02:07      0.44    0.12    0.24
  MH5286735>N267       CONDUIT      0.08     0  00:45      0.21    0.00    0.06
  N268>N269            CONDUIT      3.19     0  01:10      1.07    0.03    0.13
  N270>N271            CONDUIT      0.54     0  01:41      0.31    0.02    0.56
  N272>MH4449860       CONDUIT      0.07     0  00:02      0.33    0.00    0.06
  MH5118586>N202       CONDUIT      1.25     0  01:00      0.87    0.04    0.14
  N274>N275            CONDUIT      0.11     0  00:37      0.28    0.00    0.06
  N45>N276             CONDUIT      4.08     0  03:15      0.41    0.08    0.20
  N277>N278            CONDUIT      0.04     0  00:15      0.28    0.00    0.03
  N125>N279            CONDUIT      0.41     0  00:53      0.34    0.03    0.12
  N280>N281            CONDUIT      0.29     0  01:43      0.42    0.01    0.08
  MH4452919>MH4453133  CONDUIT      0.13     0  01:20      0.28    0.01    0.06
  MH4450449>MH4450581  CONDUIT     41.21     0  02:12      1.01    0.60    0.57
  N285>MH6042164       CONDUIT      0.05     0  00:02      0.26    0.00    0.07
  N287>MH1625395       CONDUIT      0.11     0  00:02      0.39    0.01    0.09
  MH4447397>MH5241467  CONDUIT      0.50     0  01:42      0.28    0.05    0.16
  N293>N294            CONDUIT      0.09     0  00:18      0.31    0.00    0.05
  N295>MH4449321       CONDUIT      0.05     0  00:31      0.25    0.00    0.04
  N296>N297            CONDUIT      0.84     0  01:44      0.70    0.03    0.12
  N298>N299            CONDUIT      0.07     0  00:31      0.23    0.00    0.05
  N300>MH4455121       CONDUIT      3.30     0  01:15      0.50    0.10    0.64
  MH4450219>N302       CONDUIT      0.73     0  01:53      0.46    0.04    0.15
  N303>MH4428765       CONDUIT      0.16     0  00:59      0.40    0.01    0.06
  N307>MH1624138       CONDUIT      0.67     0  01:23      0.45    0.04    0.14
  MH4452902>MH4452980  CONDUIT      1.36     0  00:00      1.14    0.04    0.13
  N311>MH4451333       CONDUIT      0.08     0  00:21      0.31    0.00    0.04
  MH1623974>N314       CONDUIT      0.44     0  01:29      0.35    0.03    0.12
  MH4428139>MH4428320  CONDUIT      0.23     0  00:57      0.57    0.01    0.06
  MH1632309>MH1632398  CONDUIT     99.90     0  15:57      1.67    0.31    0.40
  N317>N318            CONDUIT      0.10     0  00:22      0.22    0.01    0.07
  N319>MH4447643       CONDUIT     15.52     0  01:56      0.51    0.38    0.45
  N321>N322            CONDUIT      2.10     0  01:23      0.56    0.04    0.13
  MH4452081>N324       CONDUIT      1.74     0  01:26      1.01    0.05    0.15
  MH4447416>MH4447726  CONDUIT      0.36     0  01:11      0.39    0.02    0.10
  N325>MH4429357       CONDUIT      2.39     0  02:07      0.47    0.22    0.33
  MH4429013>N327       CONDUIT      4.01     0  01:19      0.67    0.29    0.37
  MH4448419>N328       CONDUIT     16.57     0  04:12      0.59    0.77    0.66
  MH4429468>MH4446883  CONDUIT      0.27     0  01:24      0.29    0.02    0.11
  N331>N332            CONDUIT      0.07     0  00:22      0.21    0.00    0.06
  MH4451058>MH4451092  CONDUIT      1.66     0  01:04      0.82    0.06    0.17
  MH4452217>N334       CONDUIT      1.48     0  05:06      0.30    0.07    0.32
  MH4448796>N336       CONDUIT      0.17     0  00:48      0.26    0.01    0.08
  N337>MH4500902       CONDUIT      0.36     0  01:38      0.49    0.02    0.09
  N339>MH4454411       CONDUIT      2.34     0  01:07      0.45    0.07    0.19
  N340>N341            CONDUIT      0.69     0  01:16      0.66    0.02    0.11
  MH4448753>MH4449330  CONDUIT      0.11     0  01:43      0.27    0.01    0.06
  N343>MH4450211       CONDUIT      0.41     0  01:02      0.59    0.01    0.08
  N345>N346            CONDUIT      0.07     0  00:47      0.13    0.01    0.08
  N347>MH4453770       CONDUIT      0.15     0  01:04      0.26    0.01    0.16
  MH4429527>MH4447397  CONDUIT      0.36     0  01:28      0.28    0.03    0.14
  N353>N354            CONDUIT      0.14     0  00:24      0.41    0.00    0.05
  MH4450975>N356       CONDUIT      0.37     0  01:02      0.30    0.02    0.12
  N357>MH4451840       CONDUIT      0.10     0  00:47      0.25    0.01    0.06
  MH4450207>MH4449806  CONDUIT      0.28     0  01:28      0.40    0.01    0.08
  MH4453740>N340       CONDUIT      0.62     0  01:17      0.63    0.02    0.10
  MH4429179>N361       CONDUIT      0.82     0  00:14      0.36    0.08    0.19
  N362>N363            CONDUIT      0.09     0  00:02      0.33    0.01    0.05
  MH4449083>N364       CONDUIT      0.20     0  00:41      0.41    0.01    0.07
  MH4448662>N365       CONDUIT      0.36     0  01:23      0.33    0.02    0.11
  N366>N367            CONDUIT     51.46     0  15:59      0.73    1.71    1.00
  MH4452527>MH4452680  CONDUIT     51.72     0  15:59      0.73    1.66    1.00
  N163>MH1624769       CONDUIT      0.57     0  01:33      0.43    0.04    0.49
  MH4454629>N300       CONDUIT      3.20     0  01:10      0.51    0.10    0.22
  N372>MH1624494       CONDUIT      0.32     0  01:39      0.50    0.01    0.08
  N375>N230            CONDUIT      0.32     0  02:10      0.45    0.01    0.08
  MH4451143>MH4450975  CONDUIT      0.26     0  00:08      0.30    0.02    0.10
  MH4450922>MH4451207  CONDUIT     48.26     0  15:59      0.80    0.71    1.00
  N379>MH8963773       CONDUIT      0.08     0  01:13      0.26    0.00    0.05
  N66>MH4454643        CONDUIT      0.49     0  01:09      0.41    0.03    0.12
  MH4454209>N51        CONDUIT      2.23     0  00:14      0.52    0.06    0.17
  MH4456108>N382       CONDUIT      0.82     0  02:05      0.57    0.04    0.14
  N383>MH4454744       CONDUIT      0.04     0  00:02      0.26    0.00    0.04
  MH4426971>X385       CONDUIT      0.02     0  00:32      0.20    0.00    0.03
  MH4453970>N192       CONDUIT      0.63     0  01:43      0.27    0.02    0.11
  N387>MH4453512       CONDUIT      0.30     0  02:13      0.34    0.02    0.10
  N389>MH6153571       CONDUIT      1.04     0  02:20      0.65    0.05    0.15
  MH4498454>N391       CONDUIT      0.78     0  03:04      0.48    0.05    0.15
  N394>MH4429503       CONDUIT     14.45     0  05:07      1.14    0.27    0.36
  MH4429645>N397       CONDUIT      1.55     0  02:20      0.59    0.11    0.23
  MH4452011>MH4451871  CONDUIT      1.59     0  00:51      0.23    0.07    1.00
  N328>MH4449103       CONDUIT     16.69     0  04:32      0.73    0.78    0.56
  N401>MH4502097       CONDUIT      4.26     0  01:07      0.55    0.06    0.25
  N278>MH4499048       CONDUIT      0.09     0  00:21      0.43    0.00    0.05
  N403>MH4428524       CONDUIT      2.29     0  00:00      1.78    0.07    0.29
  MH4499729>N405       CONDUIT      1.18     0  01:25      0.67    0.05    0.16
  N406>MH4456532       CONDUIT      0.28     0  00:53      0.43    0.01    0.08
  N408>MH4454376       CONDUIT      3.50     0  00:48      0.54    0.11    0.44
  MH1629281>N411       CONDUIT      1.22     0  01:11      0.45    0.03    0.12
  N412>MH4499323       CONDUIT      0.12     0  00:02      0.64    0.00    0.05
  N414>MH1623928       CONDUIT     81.21     0  15:59      0.84    0.64    0.58
  N416>MH4428920       CONDUIT      0.16     0  00:22      0.42    0.01    0.07
  MH4453124>N418       CONDUIT      1.68     0  01:02      0.94    0.05    0.16
  MH4451871>N419       CONDUIT      2.99     0  00:51      0.34    0.11    1.00
  N422>MH4450922       CONDUIT      6.70     0  15:59      0.77    0.43    1.00
  MH4449849>MH4449785  CONDUIT      0.55     0  00:26      0.34    0.05    0.22
  MH4455780>N426       CONDUIT      2.21     0  04:03      1.05    0.07    0.18
  MH4450757>N427       CONDUIT      6.49     0  01:56      1.15    0.27    0.36
  N3>MH4454629         CONDUIT      2.58     0  08:22      0.44    0.08    0.21
  MH4429019>MH7465841  CONDUIT     14.18     0  01:42      1.54    0.17    0.28
  N222>N148            CONDUIT      0.19     0  00:32      0.42    0.01    0.06
  N431>N432            CONDUIT      3.05     0  01:23      0.45    0.10    0.23
  N25>MH4447394        CONDUIT      4.86     0  01:25      0.72    0.35    0.41
  N434>N98             CONDUIT      1.89     0  03:08      0.97    0.02    0.10
  MH1624138>MH1624769  CONDUIT     82.03     0  15:57      0.84    0.66    0.59
  MH4453315>MH4453553  CONDUIT      0.09     0  01:22      0.17    0.01    0.08
  MH4428426>MH4428245  CONDUIT      0.13     0  00:41      0.35    0.01    0.05
  N439>N440            CONDUIT      4.10     0  02:17      0.64    0.32    0.39
  MH4450378>MH4450554  CONDUIT     23.70     0  09:40      0.82    0.91    0.68
  MH1631057>MH1631514  CONDUIT     97.90     0  15:57      1.78    0.56    0.50
  MH6153571>N414       CONDUIT     81.09     0  15:58      0.85    0.63    0.58
  N445>N446            CONDUIT      0.02     0  00:00      0.16    0.00    0.05
  N447>MH4427095       CONDUIT      9.90     0  01:03      0.99    0.71    0.63
  MH4427688>N166       CONDUIT      1.54     0  00:59      0.81    0.06    0.16
  N450>MH4455516       CONDUIT      0.13     0  00:03      0.28    0.01    0.08
  MH1623725>N453       CONDUIT      1.26     0  02:08      0.50    0.08    0.20
  N455>N456            CONDUIT      0.13     0  00:23      0.40    0.00    0.06
  N72>N178             CONDUIT      3.73     0  01:12      1.06    0.04    0.14
  N457>N287            CONDUIT      0.06     0  00:00      0.32    0.00    0.05
  N458>MH4456551       CONDUIT      1.46     0  01:18      0.49    0.10    0.23
  MH4428995>N460       CONDUIT      0.62     0  01:25      0.32    0.06    0.17
  N461>N416            CONDUIT      0.06     0  00:14      0.25    0.00    0.04
  N341>MH4454490       CONDUIT      0.78     0  01:23      0.61    0.03    0.12
  N432>MH4453489       CONDUIT      3.10     0  01:29      0.42    0.12    0.32
  MH4449436>N464       CONDUIT      0.55     0  01:09      0.51    0.02    0.11
  N465>MH4448509       CONDUIT      0.24     0  00:45      0.25    0.02    0.11
  MH4428920>N466       CONDUIT      0.26     0  00:41      0.38    0.01    0.09
  N467>N468            CONDUIT      0.04     0  00:03      0.41    0.00    0.04
  MH4455808>N470       CONDUIT      0.75     0  01:21      0.49    0.04    0.14
  N471>N472            CONDUIT      0.94     0  01:37      0.41    0.08    0.19
  N473>MH1623974       CONDUIT      0.13     0  00:45      0.26    0.01    0.09
  N474>MH4450920       CONDUIT      1.10     0  00:01      0.60    0.03    0.13
  MH4451516>N477       CONDUIT      2.05     0  01:15      0.89    0.08    0.19
  MH4452994>N431       CONDUIT      2.95     0  01:23      0.54    0.28    0.35
  MH4452189>N366       CONDUIT     51.39     0  15:59      0.73    1.69    1.00
  MH4449882>MH4449704  CONDUIT      0.13     0  04:41      0.11    0.04    0.12
  MH1629073>N157       CONDUIT      0.34     0  00:07      0.44    0.02    0.10
  MH1623928>MH1624138  CONDUIT     81.26     0  15:59      0.83    0.63    0.59
  N482>MH4452721       CONDUIT      1.90     0  01:23      0.68    0.05    0.22
  N361>MH4429503       CONDUIT      0.90     0  01:30      0.39    0.08    0.19
  N483>MH4429320       CONDUIT      0.05     0  00:01      0.26    0.00    0.05
  MH4451945>N208       CONDUIT      7.95     0  04:21      1.05    0.41    0.44
  N486>N487            CONDUIT      0.29     0  00:40      0.46    0.01    0.08
  N488>N489            CONDUIT      1.01     0  00:00      0.71    0.06    0.17
  MH4453489>MH4453579  CONDUIT      3.43     0  00:38      0.48    0.14    0.59
  MH4427095>N490       CONDUIT     10.01     0  01:08      0.93    0.72    0.64
  N491>N492            CONDUIT      0.09     0  00:08      0.42    0.00    0.05
  MH4452809>MH4452632  CONDUIT      0.17     0  01:01      0.20    0.02    0.11
  N498>MH5286735       CONDUIT      0.03     0  00:01      0.23    0.00    0.04
  N499>MH4456553       CONDUIT     79.28     0  15:59      0.84    0.62    0.57
  MH4453981>N501       CONDUIT      0.11     0  00:33      0.28    0.00    0.06
  N354>N108            CONDUIT      0.20     0  01:05      0.47    0.01    0.06
  MH4456532>N71        CONDUIT      3.58     0  01:11      1.05    0.04    0.14
  N505>MH4450207       CONDUIT      0.10     0  01:08      0.19    0.01    0.07
  MH4320104>N507       CONDUIT      0.54     0  01:39      0.30    0.02    0.09
  MH4447351>N510       CONDUIT      0.50     0  01:53      0.55    0.02    0.10
  N336>N511            CONDUIT      0.27     0  00:49      0.30    0.02    0.10
  MH4426673>N515       CONDUIT      0.12     0  00:45      0.29    0.01    0.06
  MH4450077>N517       CONDUIT      0.32     0  01:05      0.46    0.01    0.08
  MH4428836>MH4429107  CONDUIT      1.32     0  01:48      0.42    0.10    0.26
  MH4453553>MH4453740  CONDUIT      0.50     0  01:23      0.55    0.02    0.10
  N522>MH4450170       CONDUIT      0.63     0  01:27      0.23    0.04    0.23
  MH4429656>MH4447643  CONDUIT      0.60     0  01:52      0.36    0.06    0.16
  MH4450617>N343       CONDUIT      0.31     0  01:36      0.42    0.02    0.09
  MH4448392>MH4448813  CONDUIT      0.22     0  01:06      0.28    0.01    0.10
  MH4449913>N530       CONDUIT     17.28     0  11:15      0.56    0.42    0.45
  MH4427309>N85        CONDUIT      0.42     0  00:43      0.65    0.01    0.08
  N532>N533            CONDUIT      0.13     0  00:04      0.28    0.01    0.07
  N534>MH1625316       CONDUIT      0.66     0  01:15      0.28    0.06    0.19
  MH4450137>N536       CONDUIT      1.79     0  02:08      0.39    0.20    0.31
  MH4429584>MH4429544  CONDUIT      0.07     0  00:39      0.24    0.00    0.05
  N426>N100            CONDUIT      2.30     0  05:26      1.06    0.07    0.18
  MH4452721>MH4452946  CONDUIT      2.43     0  01:38      0.47    0.08    0.19
  N542>MH4428797       CONDUIT      0.04     0  00:22      0.32    0.00    0.03
  N544>MH4451468       CONDUIT      0.40     0  00:25      0.44    0.01    0.13
  MH4450391>MH4450531  CONDUIT      6.06     0  01:35      0.76    0.44    0.56
  N1>MH1629194         CONDUIT     96.13     0  15:59      1.01    0.63    0.58
  N62>MH6042164        CONDUIT      0.54     0  01:16      0.45    0.04    0.12
  N549>N307            CONDUIT      0.64     0  01:18      0.43    0.04    0.14
  MH4453579>N550       CONDUIT     66.40     0  15:53      0.88    0.76    0.65
  MH4449977>N552       CONDUIT      0.68     0  02:17      0.45    0.04    0.14
  N553>N554            CONDUIT     13.39     0  15:24      1.92    0.36    0.42
  MH1625395>N549       CONDUIT      0.57     0  01:14      0.41    0.04    0.13
  N557>MH4454125       CONDUIT      0.05     0  00:58      0.19    0.00    0.04
  N559>N560            CONDUIT      0.15     0  00:33      0.27    0.01    0.08
  N561>MH1629281       CONDUIT      0.98     0  01:31      0.35    0.03    0.12
  N562>N563            CONDUIT      0.82     0  00:45      0.58    0.04    0.14
  N564>MH4453047       CONDUIT      0.03     0  00:11      0.20    0.00    0.04
  N517>MH4449436       CONDUIT      0.39     0  01:05      0.44    0.02    0.10
  N566>MH4428268       CONDUIT      0.74     0  02:43      0.81    0.02    0.10
  N567>MH4455813       CONDUIT      0.36     0  01:12      0.24    0.02    0.14
  N569>MH4499632       CONDUIT      0.70     0  01:48      0.24    0.02    0.13
  MH4451576>N573       CONDUIT      0.17     0  00:37      0.34    0.01    0.07
  N574>MH4499417       CONDUIT      2.61     0  04:45      0.87    0.08    0.23
  MH4452980>N576       CONDUIT      1.81     0  00:18      1.14    0.01    0.15
  N577>MH4452527       CONDUIT      0.14     0  00:36      0.26    0.01    0.83
  N578>MH4447394       CONDUIT      7.16     0  01:56      0.69    0.67    0.57
  N581>MH4499729       CONDUIT      0.04     0  00:48      0.21    0.00    0.04
  N582>MH4450193       CONDUIT      0.26     0  00:44      0.45    0.01    0.34
  N511>MH4449635       CONDUIT      0.41     0  00:56      0.37    0.02    0.12
  N585>MH4454657       CONDUIT      0.38     0  04:15      0.31    0.02    0.12
  N587>MH4450757       CONDUIT      0.90     0  01:56      0.33    0.05    0.26
  MH4428800>MH4429035  CONDUIT      0.16     0  00:48      0.36    0.01    0.07
  MH6042164>N589       CONDUIT      0.67     0  01:17      0.63    0.02    0.11
  N302>N587            CONDUIT      0.81     0  01:47      0.47    0.05    0.15
  N592>N268            CONDUIT      3.11     0  01:08      1.06    0.03    0.13
  MH4447369>N593       CONDUIT      0.50     0  00:51      0.40    0.03    0.13
  N477>MH4452071       CONDUIT      2.12     0  01:06      0.88    0.08    0.21
  N191>N595            CONDUIT      3.09     0  04:43      0.64    0.07    0.18
  N596>MH4451516       CONDUIT      1.85     0  01:14      0.85    0.07    0.18
  N560>N145            CONDUIT      0.24     0  00:42      0.30    0.02    0.09
  N597>N246            CONDUIT      0.82     0  01:32      0.33    0.03    0.11
  MH4449118>MH4448345  CONDUIT      1.62     0  04:40      0.39    0.13    0.40
  MH4447394>N599       CONDUIT     14.72     0  02:25      0.62    0.63    0.58
  N405>N600            CONDUIT      1.25     0  02:25      0.69    0.06    0.16
  MH4454876>N375       CONDUIT      0.26     0  02:08      0.41    0.01    0.08
  N231>MH4455429       CONDUIT      0.42     0  02:13      0.56    0.02    0.09
  MH4450554>MH4450449  CONDUIT     23.75     0  09:40      0.86    0.91    0.66
  MH4448762>N605       CONDUIT      0.91     0  01:49      0.34    0.09    0.21
  MH1632398>OUT        CONDUIT     99.95     0  15:57      1.58    0.37    0.42
  N607>MH4454901       CONDUIT      0.14     0  00:18      0.54    0.00    0.04
  N609>N610            CONDUIT      2.00     0  01:20      0.59    0.13    0.25
  N15>N611             CONDUIT      0.13     0  00:45      0.25    0.01    0.07
  N612>MH1624202       CONDUIT      0.13     0  01:11      0.30    0.01    0.06
  N614>MH1629073       CONDUIT      0.20     0  00:43      0.33    0.01    0.08
  N615>N585            CONDUIT      0.33     0  04:37      0.38    0.02    0.10
  N31>MH4454901        CONDUIT      0.16     0  00:27      0.41    0.01    0.07
  MH4429503>N319       CONDUIT     15.46     0  13:36      0.54    0.38    0.43
  MH4428524>N553       CONDUIT     13.26     0  01:45      1.91    0.36    0.42
  N616>MH4454195       CONDUIT      0.07     0  00:03      0.13    0.00    0.07
  MH4453512>N618       CONDUIT      3.22     0  02:12      0.51    0.10    0.22
  N530>MH4450449       CONDUIT     17.35     0  00:44      0.58    0.42    0.45
  N619>MH4499632       CONDUIT      0.99     0  03:21      0.53    0.06    0.16
  N260>N620            CONDUIT      0.27     0  00:53      0.33    0.02    0.10
  N211>MH1631057       CONDUIT     97.82     0  15:59      1.20    0.64    0.51
  N621>MH1626450       CONDUIT      0.13     0  00:03      0.45    0.01    0.06
  N623>MH1626578       CONDUIT      0.05     0  00:02      0.24    0.00    0.09
  N625>N626            CONDUIT      4.52     0  01:25      0.89    0.23    0.33
  MH4429411>MH4429136  CONDUIT      0.15     0  01:08      0.10    0.01    0.16
  N276>MH4501851       CONDUIT      4.14     0  03:22      0.32    0.09    0.24
  N630>N631            CONDUIT      0.13     0  00:57      0.17    0.01    0.09
  N632>MH4452538       CONDUIT      0.28     0  00:31      0.51    0.01    0.07
  N633>N232            CONDUIT      0.17     0  00:24      0.37    0.01    0.06
  N634>N488            CONDUIT      1.14     0  00:00      1.22    0.04    0.15
  N554>MH4429019       CONDUIT     13.46     0  15:24      1.94    0.36    0.41
  MH1790845>MH4456372  CONDUIT      0.50     0  03:04      0.33    0.05    0.15
  MH5216010>N353       CONDUIT      0.07     0  00:24      0.30    0.00    0.04
  N640>N8              CONDUIT      0.05     0  00:21      0.26    0.00    0.04
  MH4498407>MH4498454  CONDUIT      0.60     0  03:04      0.44    0.03    0.13
  N324>N482            CONDUIT      1.81     0  01:26      1.02    0.05    0.16
  N642>MH4453748       CONDUIT      0.02     0  00:01      0.26    0.00    0.03
  N644>MH4429136       CONDUIT      5.86     0  01:11      4.91    0.06    0.34
  N645>N339            CONDUIT      2.27     0  01:06      0.46    0.07    0.18
  N124>MH4429312       CONDUIT      0.42     0  01:10      0.54    0.02    0.12
  N646>MH4452632       CONDUIT      0.12     0  01:18      0.24    0.01    0.07
  N647>MH4427312       CONDUIT      0.43     0  01:01      0.60    0.01    0.08
  N649>MH4450922       CONDUIT     41.45     0  15:57      1.04    0.61    1.00
  MH4449103>MH4449173  CONDUIT     17.96     0  04:15      0.85    0.39    0.53
  MH4446883>MH4429656  CONDUIT      0.38     0  01:25      0.29    0.03    0.15
  N318>N83             CONDUIT      0.21     0  00:46      0.27    0.01    0.09
  N650>N28             CONDUIT      0.55     0  02:01      0.73    0.01    0.09
  N552>MH4449704       CONDUIT      0.76     0  02:28      0.37    0.04    0.17
  MH4455909>N499       CONDUIT     79.13     0  15:56      0.84    0.62    0.57
  MH4451113>N652       CONDUIT      1.37     0  01:20      0.69    0.02    0.10
  MH4450100>MH4450180  CONDUIT      0.13     0  01:16      0.51    0.00    0.04
  N655>N656            CONDUIT      0.19     0  01:26      0.37    0.01    0.07
  N599>MH4448345       CONDUIT     14.82     0  04:20      0.78    0.64    0.48
  MH4429323>N658       CONDUIT      0.23     0  01:36      0.27    0.01    0.09
  N659>N660            CONDUIT      0.08     0  00:17      0.36    0.00    0.05
  MH4449920>N137       CONDUIT      0.42     0  01:44      0.46    0.02    0.10
  N662>MH1790382       CONDUIT      0.13     0  00:06      0.27    0.01    0.08
  N664>N665            CONDUIT      0.04     0  00:21      0.12    0.00    0.06
  N666>MH4455602       CONDUIT      1.10     0  10:55      0.70    0.06    0.14
  N668>MH4452902       CONDUIT      1.56     0  00:00      2.07    0.05    0.14
  MH4429471>MH4447128  CONDUIT      0.39     0  01:41      0.35    0.03    0.11
  N271>MH4455121       CONDUIT      0.84     0  00:49      0.14    0.03    1.00
  N670>MH4451886       CONDUIT      0.21     0  00:32      0.30    0.01    1.00
  N672>MH4499417       CONDUIT      0.35     0  00:51      0.54    0.01    0.08
  N673>N674            CONDUIT      0.31     0  00:57      0.37    0.02    0.10
  N675>MH4447394       CONDUIT      2.57     0  02:21      0.53    0.18    0.38
  N676>MH4447128       CONDUIT      0.05     0  00:19      0.21    0.00    0.10
  MH4501851>MH4501866  CONDUIT      7.79     0  10:17      0.49    0.16    0.28
  N677>MH4450802       CONDUIT      0.13     0  00:06      0.36    0.01    0.07
  N281>MH4449920       CONDUIT      0.39     0  01:44      0.49    0.02    0.09
  MH4447506>N261       CONDUIT      0.13     0  01:06      0.20    0.01    0.08
  MH4428245>MH4428606  CONDUIT      0.64     0  08:01      0.51    0.02    0.12
  N43>MH4429499        CONDUIT      6.71     0  01:16      0.73    0.54    0.56
  MH4447643>MH4447691  CONDUIT     16.13     0  13:41      0.50    0.41    0.47
  N683>N280            CONDUIT      0.16     0  01:55      0.32    0.01    0.07
  MH4446824>N180       CONDUIT      2.03     0  02:24      0.59    0.13    0.25
  MH4447602>MH4429645  CONDUIT      0.16     0  02:20      0.26    0.01    0.08
  MH4453770>N615       CONDUIT      0.26     0  06:43      0.12    0.13    0.17
  N489>MH4449485       CONDUIT      1.01     0  00:17      0.49    0.07    0.26
  N685>N686            CONDUIT      0.06     0  00:04      0.31    0.00    0.04
  MH4429499>N578       CONDUIT      7.06     0  01:41      0.69    0.65    0.61
  N687>N688            CONDUIT      0.07     0  00:08      0.32    0.00    0.05
  N150>MH4500902       CONDUIT      3.39     0  03:09      0.86    0.04    0.16
  MH5233531>N690       CONDUIT      1.89     0  01:23      0.54    0.03    0.12
  N691>MH4448762       CONDUIT      0.75     0  01:49      0.32    0.07    0.19
  N652>N692            CONDUIT      1.48     0  03:01      0.79    0.06    0.16
  N693>N675            CONDUIT      2.49     0  02:40      0.60    0.18    0.29
  MH4456468>N694       CONDUIT      0.11     0  00:50      0.21    0.01    0.07
  N695>MH4428146       CONDUIT      0.30     0  00:26      0.59    0.01    0.08
  N698>N699            CONDUIT      0.74     0  01:02      0.26    0.05    0.22
  N700>MH4428096       CONDUIT     10.27     0  01:12      1.07    0.56    0.67
  N702>MH4450167       CONDUIT      0.06     0  00:53      0.22    0.00    0.04
  N704>N705            CONDUIT      2.07     0  01:03      0.72    0.10    0.22
  N706>MH5118586       CONDUIT      0.50     0  00:55      0.60    0.02    0.09
  MH1630330>MH1630926  CONDUIT      1.73     0  01:43      0.36    0.06    0.20
  MH4500043>N434       CONDUIT      1.85     0  03:06      0.97    0.02    0.09
  N229>N128            CONDUIT      0.20     0  00:33      0.35    0.01    0.09
  MH4454993>MH5233531  CONDUIT      1.80     0  01:23      0.53    0.03    0.12
  MH4455762>N270       CONDUIT      0.29     0  01:00      0.32    0.00    0.06
  N711>MH4448853       CONDUIT      3.87     0  02:40      0.43    0.16    0.28
  MH1626450>MH4501544  CONDUIT      0.17     0  01:36      0.36    0.01    0.41
  N713>MH4456551       CONDUIT      0.42     0  00:45      0.30    0.02    0.17
  N714>MH4454490       CONDUIT      0.45     0  00:22      0.52    0.02    0.11
  N715>MH4454195       CONDUIT      0.06     0  00:45      0.21    0.00    0.04
  N716>MH4450077       CONDUIT      0.13     0  00:41      0.33    0.01    0.07
  MH4453133>N717       CONDUIT      2.73     0  10:11      0.48    0.09    0.20
  N411>MH1629888       CONDUIT      1.35     0  01:12      0.43    0.03    0.14
  N719>MH1626578       CONDUIT      0.33     0  01:06      0.27    0.03    0.13
  N720>N18             CONDUIT      0.10     0  00:29      0.22    0.01    0.07
  MH4427714>N722       CONDUIT      0.35     0  00:41      0.56    0.01    0.08
  N723>MH4450314       CONDUIT      1.00     0  00:00      1.36    0.03    0.13
  MH4450332>MH4450167  CONDUIT      0.32     0  01:31      0.24    0.03    0.13
  N725>MH4498407       CONDUIT      0.59     0  03:11      0.50    0.03    0.12
  N717>N53             CONDUIT      2.78     0  01:51      0.49    0.09    0.20
  N453>N458            CONDUIT      1.38     0  01:17      0.52    0.09    0.21
  N492>MH4427714       CONDUIT      0.22     0  00:24      0.57    0.01    0.06
  N726>N727            CONDUIT      0.65     0  00:10      0.45    0.04    0.14
  N728>MH1623725       CONDUIT      0.07     0  00:39      0.21    0.00    0.12
  MH4450167>MH4449849  CONDUIT      0.51     0  01:30      0.33    0.04    0.15
  N729>MH4452952       CONDUIT      0.01     0  00:16      0.12    0.00    0.04
  N247>MH1629194       CONDUIT      1.02     0  01:46      0.38    0.03    0.13
  N250>N206            CONDUIT     79.91     0  15:58      0.85    0.62    0.57
  N734>N735            CONDUIT      0.17     0  00:26      0.34    0.01    0.07
  MH4449510>N625       CONDUIT      4.46     0  01:24      0.90    0.23    0.32
  N736>MH4449913       CONDUIT      0.75     0  01:30      0.40    0.06    0.16
  N737>N738            CONDUIT      3.15     0  01:57      0.60    0.24    0.34
  MH4450581>N649       CONDUIT     41.35     0  15:58      1.01    0.60    1.00
  N472>MH4455780       CONDUIT      1.03     0  01:37      0.43    0.08    0.19
  N741>MH4426188       CONDUIT      0.44     0  00:03      0.56    0.02    0.11
  N327>MH4429312       CONDUIT      4.10     0  01:23      0.65    0.30    0.39
  N515>MH4426979       CONDUIT      0.20     0  00:54      0.35    0.01    0.07
  N745>MH4455191       CONDUIT      2.92     0  04:19      0.69    0.08    0.16
  MH4454312>N748       CONDUIT      0.27     0  00:50      0.34    0.02    0.09
  N749>MH4455121       CONDUIT     70.56     0  15:59      0.85    0.99    0.70
  N750>N700            CONDUIT     10.20     0  01:08      1.06    0.55    0.53
  N751>MH4427849       CONDUIT      0.09     0  00:27      0.34    0.00    0.06
  N753>MH4452994       CONDUIT      2.81     0  01:18      0.66    0.13    0.30
  N754>N34             CONDUIT      0.25     0  00:28      0.24    0.01    0.07
  N755>MH4453970       CONDUIT      0.51     0  01:40      0.16    0.05    0.13
  N756>MH1625959       CONDUIT      1.03     0  01:51      0.40    0.10    0.20
  N427>N758            CONDUIT      6.62     0  01:45      1.16    0.27    0.36
  N275>MH4427309       CONDUIT      0.21     0  00:37      0.37    0.01    0.07
  N762>MH4447369       CONDUIT      0.06     0  00:45      0.08    0.00    0.08
  MH5241467>N691       CONDUIT      0.57     0  01:46      0.28    0.06    0.17
  MH4452977>N763       CONDUIT      0.39     0  01:22      0.27    0.04    0.14
  N764>MH4429323       CONDUIT      0.13     0  00:44      0.29    0.01    0.07
  MH4498291>MH4498454  CONDUIT      0.13     0  01:11      0.36    0.01    0.05
  MH4453748>N766       CONDUIT      0.04     0  00:44      0.09    0.00    0.06
  MH5164627>N630       CONDUIT      0.05     0  00:54      0.12    0.01    0.06
  MH4452724>N768       CONDUIT      0.26     0  00:59      0.29    0.02    0.10
  MH4453850>MH4454009  CONDUIT      0.20     0  00:10      0.25    0.02    0.11
  N234>N771            CONDUIT      0.70     0  00:43      0.69    0.02    0.11
  N772>MH4453031       CONDUIT      0.05     0  00:04      0.17    0.00    0.06
  MH1626189>N47        CONDUIT     83.01     0  15:59      0.85    0.65    0.59
  N777>N778            CONDUIT      0.06     0  00:03      0.30    0.00    0.04
  N779>MH4428606       CONDUIT      0.13     0  00:00      0.00    0.00    0.02
  MH4456551>N609       CONDUIT      1.93     0  01:19      0.58    0.13    0.24
  N205>N780            CONDUIT      0.14     0  00:30      0.33    0.01    0.06
  N781>MH4449118       CONDUIT      0.20     0  01:07      0.38    0.01    0.07
  N391>MH4499059       CONDUIT      0.82     0  02:56      0.47    0.05    0.16
  N783>N337            CONDUIT      0.27     0  00:50      0.44    0.01    0.08
  MH4451673>MH4451871  CONDUIT      0.64     0  01:36      0.30    0.06    1.00
  N460>MH4429357       CONDUIT      0.73     0  01:29      0.27    0.07    0.26
  MH4454901>N714       CONDUIT      0.34     0  00:20      0.49    0.01    0.08
  N363>N446            CONDUIT      0.09     0  00:03      0.20    0.01    0.07
  N787>MH4451945       CONDUIT      7.83     0  02:03      1.12    0.32    0.42
  N788>MH5241467       CONDUIT      0.05     0  01:01      0.19    0.00    0.05
  N789>N670            CONDUIT      0.13     0  00:04      0.31    0.01    0.07
  MH4447346>N198       CONDUIT      0.16     0  00:46      0.25    0.01    0.08
  MH4455602>MH4455780  CONDUIT      1.16     0  08:50      0.72    0.03    0.15
  N501>N791            CONDUIT      0.20     0  00:37      0.36    0.01    0.07
  MH4450314>N792       CONDUIT      1.04     0  00:02      0.85    0.04    0.14
  MH4427659>X570       CONDUIT      0.10     0  00:25      0.35    0.00    0.04
  MH4454376>N794       CONDUIT     70.30     0  15:58      0.74    0.99    0.80
  N795>MH4447506       CONDUIT      0.09     0  00:04      0.32    0.00    0.06
  MH4450193>MH4450378  CONDUIT     23.38     0  09:11      0.72    0.90    0.77
  N796>MH4499059       CONDUIT      0.06     0  00:34      0.30    0.00    0.04
  N563>MH4428836       CONDUIT      0.93     0  01:05      0.60    0.04    0.14
  MH4428026>N566       CONDUIT      0.69     0  01:13      0.77    0.02    0.10
  MH1626578>N89        CONDUIT      0.45     0  01:20      0.28    0.04    0.15
  N269>MH4456532       CONDUIT      3.25     0  01:12      1.01    0.04    0.13
  N279>MH4454657       CONDUIT      0.46     0  01:31      0.36    0.03    0.14
  MH4453098>N798       CONDUIT     62.07     0  15:59      0.62    1.12    0.85
  N799>MH4428836       CONDUIT      0.08     0  01:54      0.20    0.01    0.06
  MH4502097>MH4502186  CONDUIT     87.60     0  15:59      0.94    0.58    0.57
  MH4499323>N783       CONDUIT      0.18     0  00:46      0.34    0.01    0.07
  N778>MH4456108       CONDUIT      0.06     0  00:49      0.27    0.00    0.04
  N801>N612            CONDUIT      0.10     0  00:05      0.31    0.01    0.06
  N804>MH1626189       CONDUIT     82.90     0  15:58      0.86    0.64    0.59
  MH4500625>N806       CONDUIT      0.19     0  01:33      0.23    0.02    0.10
  MH4499048>N807       CONDUIT      0.18     0  00:46      0.38    0.01    0.06
  N808>N809            CONDUIT      0.10     0  00:02      0.27    0.01    0.06
  N611>MH4454411       CONDUIT      0.19     0  01:08      0.31    0.01    0.08
  MH4429420>N296       CONDUIT      0.75     0  01:43      0.68    0.03    0.11
  MH4449330>N683       CONDUIT      0.14     0  01:55      0.36    0.01    0.06
  N811>MH4451143       CONDUIT      0.11     0  00:29      0.47    0.00    0.04
  MH4455516>N567       CONDUIT      0.26     0  01:07      0.29    0.02    0.10
  N294>N814            CONDUIT      0.16     0  00:33      0.32    0.01    0.07
  MH4455429>N650       CONDUIT      0.48     0  02:01      0.72    0.01    0.08
  N815>MH4452081       CONDUIT      1.67     0  03:02      0.96    0.05    0.16
  MH4454009>MH4454195  CONDUIT      0.24     0  01:37      0.27    0.02    0.10
  N816>MH4428797       CONDUIT      0.30     0  00:43      0.51    0.01    0.08
  N817>MH4450396       CONDUIT      0.10     0  00:02      0.30    0.01    0.06
  MH4447691>N819       CONDUIT     16.17     0  11:43      0.51    0.45    0.46
  MH4499059>N619       CONDUIT      0.94     0  03:11      0.51    0.06    0.16
  MH4499406>MH4499729  CONDUIT      1.10     0  01:15      0.65    0.05    0.15
  N101>MH4456777       CONDUIT      2.47     0  04:07      1.11    0.07    0.18
  N792>N822            CONDUIT      1.12     0  00:03      0.80    0.04    0.14
  N823>MH4428638       CONDUIT      0.45     0  00:15      0.29    0.04    0.14
  MH4428426>N816       CONDUIT      0.17     0  00:41      0.40    0.01    0.06
  MH8707824>N827       CONDUIT      0.30     0  00:43      0.38    0.01    0.09
  MH4452397>N632       CONDUIT      0.16     0  00:29      0.35    0.01    0.06
  N828>N408            CONDUIT      3.37     0  01:34      0.52    0.11    0.22
  N829>MH4449882       CONDUIT      0.08     0  00:03      0.28    0.00    0.11
  N830>MH4454398       CONDUIT      0.03     0  00:12      0.24    0.00    0.02
  N832>MH4452952       CONDUIT      0.49     0  00:00      1.05    0.02    0.11
  MH4450211>N833       CONDUIT      0.44     0  01:05      0.57    0.01    0.09
  N834>MH4453185       CONDUIT      0.07     0  00:05      0.29    0.00    0.05
  N836>MH4452721       CONDUIT      0.20     0  01:23      0.30    0.01    0.08
  N837>N616            CONDUIT      0.04     0  00:01      0.11    0.00    0.04
  N838>N772            CONDUIT      0.05     0  00:02      0.27    0.00    0.04
  N839>N840            CONDUIT      0.26     0  00:34      0.30    0.02    0.10
  N224>N706            CONDUIT      0.38     0  00:45      0.50    0.02    0.09
  N674>MH4450847       CONDUIT      0.37     0  01:01      0.40    0.02    0.10
  MH4429544>MH4429656  CONDUIT      0.10     0  01:12      0.23    0.01    0.07
  N842>MH4428583       CONDUIT      0.61     0  00:45      0.51    0.02    0.13
  N845>MH4455943       CONDUIT      0.16     0  00:05      0.32    0.01    0.08
  MH4453047>N49        CONDUIT      0.19     0  04:58      0.34    0.01    0.07
  N768>N847            CONDUIT      0.33     0  01:01      0.32    0.02    0.11
  MH4426728>N447       CONDUIT      9.80     0  01:08      1.05    0.69    0.62
  N849>MH4450180       CONDUIT      0.05     0  00:02      0.26    0.00    0.07
  MH4427425>MH4427741  CONDUIT      0.22     0  02:36      0.47    0.01    0.06
  N763>N851            CONDUIT      0.48     0  01:16      0.29    0.04    0.15
  MH1790382>N244       CONDUIT      0.19     0  01:36      0.24    0.02    0.10
  N158>N210            CONDUIT     97.62     0  15:59      1.02    0.64    0.58
  MH4451531>MH4451759  CONDUIT      0.11     0  00:48      0.35    0.01    0.05
  N419>MH4451207       CONDUIT      3.21     0  00:46      0.38    0.12    1.00
  MH4429320>N853       CONDUIT      0.13     0  00:33      0.22    0.01    0.07
  N332>MH1627084       CONDUIT      0.19     0  00:51      0.31    0.01    0.10
  N854>N228            CONDUIT      0.06     0  00:11      0.25    0.00    0.05
  N855>MH4500254       CONDUIT      0.14     0  00:02      0.39    0.01    0.07
  N533>MH1623974       CONDUIT      0.18     0  00:51      0.24    0.01    0.10
  MH4449485>MH4449510  CONDUIT      3.75     0  01:03      0.71    0.25    0.34
  N209>MH4452541       CONDUIT      8.07     0  02:10      1.06    0.41    0.45
  N64>MH4453098        CONDUIT      8.32     0  02:05      1.07    0.42    0.94
  N536>MH4450391       CONDUIT      1.85     0  02:11      0.29    0.21    0.39
  MH4454640>N745       CONDUIT      2.86     0  01:08      0.53    0.08    0.20
  N857>MH4427688       CONDUIT      0.77     0  00:55      0.56    0.02    0.13
  N858>MH4426728       CONDUIT      9.70     0  00:00      0.87    0.70    0.61
  MH1624494>N534       CONDUIT      0.64     0  01:39      0.34    0.06    0.17
  N738>MH4449796       CONDUIT      3.25     0  02:00      0.57    0.25    0.36
  N862>N863            CONDUIT      0.04     0  00:11      0.16    0.00    0.05
  N865>N753            CONDUIT      2.68     0  01:10      0.83    0.12    0.24
  MH4450269>N133       CONDUIT      0.06     0  00:25      0.32    0.00    0.04
  MH4447355>MH4448029  CONDUIT      0.12     0  01:41      0.28    0.01    0.06
  N869>N865            CONDUIT      2.56     0  01:21      0.80    0.12    0.24
  MH4452680>MH4453098  CONDUIT     53.53     0  15:59      0.53    0.97    0.85
  MH4428268>N870       CONDUIT      2.60     0  01:14      0.76    0.13    0.25
  N871>N401            CONDUIT      4.14     0  00:27      0.54    0.06    0.17
  N873>N874            CONDUIT      0.07     0  00:27      0.20    0.00    0.06
  MH4428146>N842       CONDUIT      0.44     0  00:43      0.52    0.02    0.10
  MH4428800>MH4428606  CONDUIT      0.17     0  00:48      0.42    0.01    0.06
  N694>N875            CONDUIT      0.17     0  01:05      0.24    0.01    0.08
  MH4452462>N877       CONDUIT      0.68     0  01:19      0.33    0.06    1.00
  N878>MH4448626       CONDUIT      0.63     0  00:53      0.44    0.04    0.14
  MH1629194>N158       CONDUIT     97.19     0  15:59      1.02    0.63    0.58
  N97>MH4449785        CONDUIT      4.14     0  09:38      0.49    0.17    0.26
  N722>MH4428137       CONDUIT      0.48     0  00:45      0.68    0.01    0.08
  MH1630702>MH1630330  CONDUIT      0.07     0  00:25      0.23    0.01    0.06
  MH4451823>N183       CONDUIT      1.41     0  05:33      0.99    0.15    0.14
  N886>MH4447684       CONDUIT      0.47     0  00:48      0.66    0.01    0.08
  N887>MH4501201       CONDUIT      3.89     0  03:00      0.62    0.07    0.22
  N116>N888            CONDUIT      8.25     0  04:37      0.51    0.17    0.29
  N890>MH4454640       CONDUIT      0.59     0  03:03      0.46    0.03    0.13
  MH4454116>MH4454376  CONDUIT     66.78     0  15:59      0.77    0.76    0.73
  MH4428765>MH4428713  CONDUIT      0.18     0  01:00      0.29    0.01    0.08
  MH4428797>MH4429013  CONDUIT      0.52     0  01:02      0.66    0.02    0.09
  N892>MH4449083       CONDUIT      0.02     0  00:01      0.22    0.00    0.04
  MH1627682>N597       CONDUIT      0.67     0  01:32      0.30    0.02    0.11
  N893>N804            CONDUIT     82.74     0  15:59      0.86    0.64    0.58
  MH4451092>N596       CONDUIT      1.78     0  01:04      0.86    0.07    0.18
  N894>MH4451468       CONDUIT      0.11     0  00:05      0.11    0.02    0.14
  N197>MH4450193       CONDUIT     23.06     0  08:32      0.73    0.89    0.74
  N895>MH4452110       CONDUIT      0.05     0  00:03      0.17    0.01    0.07
  N658>MH4428968       CONDUIT      0.33     0  01:45      0.31    0.02    0.11
  N122>MH4500043       CONDUIT      1.79     0  03:25      0.58    0.05    0.13
  N322>MH4455909       CONDUIT      2.18     0  00:53      0.57    0.04    0.27
  N863>MH4428836       CONDUIT      0.15     0  00:27      0.37    0.01    0.13
  N595>MH4500689       CONDUIT      3.13     0  04:50      0.50    0.07    0.21
  N899>N666            CONDUIT      1.00     0  04:24      0.54    0.05    0.16
  MH4452952>MH4452980  CONDUIT      0.49     0  00:25      0.37    0.03    0.13
  MH4452110>MH4452032  CONDUIT      0.12     0  01:29      0.22    0.01    0.07
  MH4500902>N887       CONDUIT      3.81     0  03:13      0.82    0.07    0.17
  N382>N389            CONDUIT      0.97     0  02:07      0.62    0.04    0.14
  MH1623436>N372       CONDUIT      0.20     0  00:04      0.45    0.01    0.07
  N142>N139            CONDUIT      0.42     0  01:06      0.31    0.03    0.13
  MH4427741>N113       CONDUIT      0.28     0  01:28      0.53    0.01    0.07
  MH4454395>MH4454718  CONDUIT      0.09     0  02:07      0.24    0.01    0.06
  MH4428096>N143       CONDUIT     10.40     0  00:17      0.80    0.98    0.82
  MH4426673>X902       CONDUIT      0.01     0  00:45      0.00    0.00    0.01
  N903>MH4500625       CONDUIT      0.08     0  00:54      0.21    0.01    0.07
  MH1630926>MH1631514  CONDUIT      2.09     0  01:06      0.37    0.10    0.31
  N690>N321            CONDUIT      1.99     0  01:23      0.55    0.03    0.13
  N699>MH4449485       CONDUIT      2.74     0  01:02      0.74    0.18    0.31
  MH4451840>MH4451673  CONDUIT      0.45     0  04:56      0.27    0.04    0.15
  MH4449866>N582       CONDUIT      0.19     0  00:34      0.40    0.01    0.07
  N771>MH4446824       CONDUIT      0.77     0  00:45      0.56    0.03    0.18
  N468>MH4427312       CONDUIT      0.15     0  00:25      0.45    0.01    0.07
  MH4449011>N906       CONDUIT     16.35     0  02:55      0.55    0.40    0.44
  MH4426971>N274       CONDUIT      0.04     0  00:31      0.19    0.00    0.04
  MH4452760>N908       CONDUIT      0.03     0  00:20      0.18    0.00    0.04
  N909>MH4447668       CONDUIT      0.08     0  00:05      0.22    0.01    0.06
  N365>MH4449510       CONDUIT      0.44     0  01:32      0.34    0.03    0.13
  N154>MH1625316       CONDUIT      0.22     0  00:45      0.32    0.01    0.11
  N853>MH4429471       CONDUIT      0.24     0  00:35      0.36    0.01    0.10
  N618>N828            CONDUIT      3.30     0  01:36      0.51    0.10    0.22
  N258>MH4448929       CONDUIT      2.32     0  06:10      0.58    0.17    0.28
  N660>MH4428713       CONDUIT      0.17     0  00:32      0.41    0.01    0.09
  N912>N913            CONDUIT      0.28     0  00:41      0.49    0.01    0.07
  N914>MH4429107       CONDUIT      0.94     0  01:10      0.37    0.07    0.24
  N915>MH4429499       CONDUIT      0.26     0  00:30      0.49    0.01    0.21
  N827>N713            CONDUIT      0.40     0  00:44      0.46    0.02    0.10
  MH4449321>N736       CONDUIT      0.64     0  01:09      0.37    0.05    0.16
  N916>MH4448392       CONDUIT      0.08     0  00:02      0.24    0.01    0.07
  MH4449635>N522       CONDUIT      0.54     0  01:01      0.41    0.03    0.13
  MH4448474>N737       CONDUIT      3.04     0  02:30      0.60    0.23    0.33
  MH4429086>N184       CONDUIT      1.01     0  01:57      0.63    0.04    0.15
  N919>N871            CONDUIT      4.04     0  01:19      0.53    0.06    0.17
  N847>MH4453124       CONDUIT      0.34     0  01:02      0.33    0.02    0.11
  MH4320244>N569       CONDUIT      0.67     0  01:49      0.33    0.02    0.10
  N921>MH4454116       CONDUIT      0.16     0  00:46      0.23    0.02    0.37
  N550>N922            CONDUIT     66.53     0  15:53      0.87    0.75    0.65
  N314>N923            CONDUIT      0.52     0  00:54      0.38    0.04    0.38
  N171>MH4453489       CONDUIT      0.20     0  01:15      0.25    0.02    0.09
  MH4447668>N465       CONDUIT      0.13     0  00:37      0.19    0.01    0.08
  MH4452071>N869       CONDUIT      2.44     0  01:08      0.79    0.11    0.23
  N924>MH4429645       CONDUIT      1.43     0  00:00      0.98    0.07    0.20
  MH4455191>N592       CONDUIT      3.03     0  01:08      1.05    0.03    0.13
  N925>MH4429420       CONDUIT      0.70     0  02:11      0.67    0.02    0.11
  N926>N387            CONDUIT      0.23     0  00:50      0.32    0.02    0.09
  N929>N38             CONDUIT      2.08     0  00:10      0.50    0.06    0.17
  MH1624202>MH1624494  CONDUIT      0.19     0  01:03      0.15    0.02    0.13
  N870>MH4428636       CONDUIT      2.71     0  01:18      0.63    0.14    0.29
  MH4450396>N673       CONDUIT      0.20     0  00:55      0.29    0.01    0.08
  MH4453185>MH4453098  CONDUIT      0.09     0  00:45      0.24    0.01    0.35
  N464>MH4448474       CONDUIT      0.72     0  01:09      0.43    0.03    0.22
  MH4447726>N930       CONDUIT      1.11     0  01:45      0.42    0.09    0.21
  N931>MH4449704       CONDUIT      0.15     0  02:17      0.33    0.01    0.06
  MH4451287>N787       CONDUIT      7.71     0  02:01      1.21    0.32    0.39
  MH4453031>N926       CONDUIT      0.16     0  00:41      0.26    0.01    0.08
  N888>MH4502186       CONDUIT      8.42     0  01:14      0.57    0.17    0.32
  MH4452946>N20        CONDUIT      2.53     0  12:03      0.48    0.08    0.19
  N487>N704            CONDUIT      2.01     0  01:47      0.72    0.10    0.22
  MH4450920>MH4451113  CONDUIT      1.28     0  01:21      0.49    0.04    0.12
  MH4429268>MH4429468  CONDUIT      0.20     0  01:17      0.33    0.01    0.08
  N908>MH4452946       CONDUIT      0.10     0  00:04      0.40    0.00    0.17
  N573>MH4452071       CONDUIT      0.25     0  01:02      0.38    0.01    0.15
  N299>N607            CONDUIT      0.12     0  00:15      0.39    0.01    0.05
  N466>MH4429179       CONDUIT      0.37     0  00:56      0.44    0.02    0.10
  N938>MH4429019       CONDUIT      0.65     0  00:25      0.38    0.05    0.15
  MH4427312>N857       CONDUIT      0.67     0  00:54      0.73    0.02    0.10
  N688>N915            CONDUIT      0.22     0  00:04      0.58    0.01    0.06
  N939>MH1624202       CONDUIT      0.04     0  00:01      0.47    0.00    0.06
  N758>MH4451287       CONDUIT      6.70     0  01:56      1.11    0.28    0.37
  N940>MH4449796       CONDUIT      0.62     0  03:37      0.44    0.02    0.24
  N267>MH4455813       CONDUIT      0.22     0  01:25      0.36    0.01    0.08
  N605>MH4449806       CONDUIT      1.08     0  02:13      0.40    0.10    0.21
  MH4426188>N726       CONDUIT      0.52     0  00:50      0.39    0.04    0.13
  MH4500689>N941       CONDUIT      3.54     0  04:46      0.45    0.14    0.25
  N942>N106            CONDUIT     74.69     0  15:55      1.01    0.73    0.64
  MH4451870>MH4452189  CONDUIT      0.16     0  00:33      0.27    0.01    1.00
  N589>N944            CONDUIT      0.75     0  01:22      0.68    0.03    0.11
  MH4453213>N929       CONDUIT      2.00     0  00:08      0.47    0.07    0.17
  N851>MH4452462       CONDUIT      0.53     0  01:25      0.29    0.05    0.16
  N930>MH4449103       CONDUIT      1.26     0  01:48      0.40    0.10    0.44
  MH4428067>N10        CONDUIT      0.14     0  00:42      0.38    0.00    0.05
  N705>MH4453837       CONDUIT      2.13     0  01:04      0.64    0.11    0.24
  N187>N544            CONDUIT      0.30     0  00:22      0.55    0.01    0.07
  MH4455121>N942       CONDUIT     74.51     0  16:00      1.00    0.74    0.64
  MH4451967>MH4452154  CONDUIT      0.47     0  04:56      0.33    0.04    0.13
  MH4448813>MH4449503  CONDUIT      0.39     0  01:35      0.30    0.03    0.14
  N686>MH4428139       CONDUIT      0.06     0  00:06      0.48    0.00    0.03
  N941>N950            CONDUIT      3.61     0  04:50      0.44    0.14    0.26
  N951>MH8707824       CONDUIT      0.25     0  00:42      0.29    0.02    0.10
  MH4453837>N645       CONDUIT      2.22     0  01:05      0.45    0.07    0.18
  N952>MH4453970       CONDUIT      0.06     0  00:48      0.22    0.00    0.11
  MH4454125>N755       CONDUIT      0.43     0  01:40      0.11    0.04    0.16
  MH4428188>N562       CONDUIT      0.62     0  00:45      0.49    0.03    0.13
  MH4454657>N899       CONDUIT      0.92     0  04:18      0.56    0.05    0.15
  N510>N925            CONDUIT      0.60     0  02:11      0.61    0.02    0.10
  N220>N394            CONDUIT     14.37     0  01:42      1.40    0.14    0.31
  MH4428636>N954       CONDUIT      3.32     0  01:19      0.64    0.24    0.34
  MH4449778>MH4450137  CONDUIT      0.15     0  01:38      0.31    0.01    0.06
  N956>MH4450332       CONDUIT      0.03     0  00:02      0.21    0.00    0.08
  MH1629888>MH1630330  CONDUIT      1.44     0  01:30      0.42    0.05    0.14
  MH4500422>N600       CONDUIT      1.98     0  03:12      0.71    0.02    0.12
  N957>MH4428026       CONDUIT      0.17     0  00:45      0.46    0.01    0.05
  N814>N406            CONDUIT      0.24     0  00:38      0.42    0.01    0.08
  N877>MH4451886       CONDUIT      0.81     0  00:33      0.37    0.08    1.00
  N906>MH4449913       CONDUIT     16.43     0  02:58      0.54    0.40    0.44
  N35>MH4320104        CONDUIT      0.36     0  01:14      0.24    0.01    0.08
  N959>N345            CONDUIT      0.05     0  00:03      0.19    0.00    0.05
  N960>N961            CONDUIT      0.14     0  00:38      0.21    0.01    0.10
  N962>MH4451058       CONDUIT      0.28     0  01:16      0.36    0.02    0.09
  MH4453788>MH4453850  CONDUIT      0.12     0  00:53      0.17    0.01    0.09
  N963>MH4453579       CONDUIT     62.29     0  15:57      0.73    1.13    0.72
  N964>MH4429179       CONDUIT      0.05     0  00:53      0.20    0.00    0.04
  MH4450847>N216       CONDUIT      0.39     0  01:14      0.38    0.02    0.11
  N507>MH4320244       CONDUIT      0.62     0  01:49      0.32    0.02    0.10
  MH8963773>MH4447452  CONDUIT      3.51     0  02:37      0.41    0.16    0.27
  N966>MH4451516       CONDUIT      0.13     0  01:13      0.31    0.01    0.06
  MH4450531>N422       CONDUIT      6.62     0  16:00      0.84    0.43    1.00
  N656>MH4447880       CONDUIT      0.27     0  01:17      0.35    0.01    0.17
  N954>MH4429013       CONDUIT      3.40     0  01:20      0.61    0.25    0.35
  N147>N119            CONDUIT      0.62     0  01:08      0.36    0.01    0.09
  N334>MH4452680       CONDUIT      1.83     0  00:35      0.33    0.09    0.76
  N967>MH4452011       CONDUIT      0.55     0  02:19      0.30    0.05    1.00
  N806>MH4501866       CONDUIT      0.27     0  02:03      0.28    0.02    0.10
  N735>N968            CONDUIT      0.29     0  00:06      0.45    0.01    0.08
  N346>MH4429179       CONDUIT      0.26     0  01:03      0.29    0.02    0.14
  MH4454195>MH4454125  CONDUIT      0.38     0  01:40      0.14    0.02    0.12
  MH4447452>N711       CONDUIT      3.70     0  02:36      0.43    0.15    0.27
  N791>N486            CONDUIT      0.29     0  00:40      0.46    0.01    0.08
  MH4427588>N750       CONDUIT     10.15     0  01:07      1.04    0.59    0.54
  MH4448029>N255       CONDUIT      0.18     0  01:50      0.28    0.01    0.08
  N913>N886            CONDUIT      0.40     0  00:42      0.58    0.01    0.08
  N181>MH4448474       CONDUIT      2.22     0  01:53      0.51    0.15    0.29
  N961>N719            CONDUIT      0.27     0  01:08      0.26    0.03    0.11
  N970>N971            CONDUIT      0.08     0  00:27      0.15    0.01    0.08
  N972>N720            CONDUIT      0.04     0  00:22      0.15    0.00    0.05
  MH4428583>N914       CONDUIT      0.79     0  01:03      0.41    0.06    0.17
  N809>MH1625395       CONDUIT      0.14     0  00:35      0.28    0.01    0.10
  MH4451333>N633       CONDUIT      0.09     0  00:22      0.28    0.00    0.05
  N794>N749            CONDUIT     70.45     0  15:59      0.76    0.99    0.78
  N840>MH1624017       CONDUIT      0.37     0  00:36      0.40    0.02    0.11
  MH4500035>N919       CONDUIT      3.96     0  01:19      0.53    0.06    0.16
  N974>MH4452809       CONDUIT      0.11     0  00:02      0.34    0.01    0.07
  N975>N976            CONDUIT      0.05     0  00:00      0.26    0.00    0.04
  MH4454718>MH4454876  CONDUIT      0.24     0  02:07      0.43    0.01    0.07
  N470>N471            CONDUIT      0.81     0  01:22      0.42    0.04    0.16
  N50>MH4453553        CONDUIT      0.33     0  05:07      0.50    0.01    0.08
  N780>N155            CONDUIT      0.22     0  00:33      0.44    0.01    0.07
  MH4451468>MH4452154  CONDUIT      0.75     0  02:22      0.26    0.03    0.14
  MH4452632>N967       CONDUIT      0.40     0  01:22      0.26    0.04    0.44
  N727>MH4426728       CONDUIT      0.73     0  01:02      0.44    0.05    0.15
  N950>MH4501851       CONDUIT      3.65     0  10:13      0.50    0.14    0.24
  N600>N149            CONDUIT      3.28     0  03:12      1.00    0.04    0.14
  MH1624769>N893       CONDUIT     82.61     0  15:58      0.86    0.64    0.58
  N822>N240            CONDUIT      1.26     0  00:32      0.79    0.05    0.15
  N766>N921            CONDUIT      0.12     0  00:07      0.20    0.01    0.08
  MH1625316>N756       CONDUIT      1.00     0  01:15      0.36    0.10    0.21
  MH4426979>N647       CONDUIT      0.34     0  01:00      0.52    0.01    0.08
  N456>N839            CONDUIT      0.26     0  00:32      0.50    0.01    0.08
  N446>MH4454312       CONDUIT      0.21     0  00:05      0.37    0.01    0.08
  MH4428968>N977       CONDUIT      0.44     0  01:45      0.37    0.03    0.12
  N978>N695            CONDUIT      0.19     0  00:18      0.58    0.01    0.06
  N807>N672            CONDUIT      0.28     0  00:46      0.50    0.01    0.07
  N610>MH4455909       CONDUIT      2.04     0  00:52      0.60    0.13    0.51
  N979>N980            CONDUIT      0.18     0  00:05      0.35    0.01    0.08
  N418>N487            CONDUIT      1.72     0  06:52      0.90    0.06    0.16
  N364>N912            CONDUIT      0.25     0  00:41      0.44    0.01    0.07
  N593>N878            CONDUIT      0.56     0  00:51      0.43    0.04    0.14
  MH4450776>MH4450378  CONDUIT      0.20     0  01:18      0.36    0.01    0.37
  MH4429107>N325       CONDUIT      2.33     0  02:07      0.50    0.20    0.31
  MH4456777>N574       CONDUIT      2.54     0  04:42      1.12    0.07    0.19
  N923>N250            CONDUIT      1.02     0  01:08      0.39    0.07    0.67
  N265>MH8963773       CONDUIT      3.41     0  02:30      0.42    0.14    0.26
  MH4427849>MH4428245  CONDUIT      0.35     0  01:12      0.44    0.01    0.09
  MH4455813>MH4455808  CONDUIT      0.67     0  01:29      0.37    0.06    0.16
  N944>MH4499116       CONDUIT      0.76     0  01:21      0.61    0.03    0.12
  MH4454398>N298       CONDUIT      0.04     0  00:28      0.17    0.00    0.04
  N874>N836            CONDUIT      0.13     0  00:50      0.27    0.01    0.07
  N397>N188            CONDUIT      1.74     0  02:20      0.58    0.13    0.24
  MH4428638>N938       CONDUIT      0.59     0  00:18      0.35    0.05    0.16
  N875>N151            CONDUIT      0.27     0  00:55      0.32    0.02    0.09
  MH4453095>N170       CONDUIT      0.11     0  01:04      0.16    0.01    0.08
  N984>MH4447346       CONDUIT      0.15     0  00:04      0.39    0.01    0.07
  MH4450802>MH4450920  CONDUIT      0.17     0  01:19      0.30    0.01    0.07
  N833>N940            CONDUIT      0.54     0  03:35      0.63    0.02    0.10
  MH4449796>N439       CONDUIT      3.97     0  02:13      0.63    0.31    0.38
  N985>N159            CONDUIT      0.05     0  00:19      0.17    0.00    0.06
  N819>MH4449011       CONDUIT     16.26     0  05:42      0.54    0.41    0.44
  MH4428320>N823       CONDUIT      0.35     0  00:11      0.26    0.04    0.13
  N986>N685            CONDUIT      0.04     0  00:00      0.33    0.00    0.03
  N987>N699            CONDUIT      2.40     0  00:00      0.88    0.10    0.22
  N922>MH4454116       CONDUIT     66.54     0  15:59      0.86    0.76    0.66
  N977>MH4428524       CONDUIT      0.53     0  01:46      0.40    0.04    0.13
  MH4455943>N248       CONDUIT      0.24     0  01:07      0.28    0.02    0.09
  MH4499116>MH4499406  CONDUIT      1.06     0  01:22      0.69    0.04    0.14
  MH4448626>N698       CONDUIT      0.70     0  01:01      0.44    0.05    0.15
  MH4454643>N890       CONDUIT      0.58     0  03:02      0.45    0.03    0.13
  N990>N251            CONDUIT      0.12     0  00:05      0.26    0.01    0.07
  N367>MH4452527       CONDUIT     51.48     0  15:59      0.73    1.70    1.00
  N980>MH4454629       CONDUIT      0.19     0  01:23      0.29    0.01    0.08
  MH4451886>N991       CONDUIT     51.15     0  15:59      0.72    1.65    1.00
  N971>N951            CONDUIT      0.22     0  00:06      0.24    0.02    0.11
  N626>MH4450170       CONDUIT      4.62     0  04:34      0.95    0.24    0.33
  N631>MH1625395       CONDUIT      0.25     0  00:59      0.24    0.02    0.12
  N297>MH4429086       CONDUIT      0.94     0  01:46      0.67    0.03    0.13
  N992>MH4446883       CONDUIT      0.07     0  01:33      0.20    0.01    0.06
  MH4450180>MH4450332  CONDUIT      0.24     0  01:22      0.28    0.02    0.09
  MH4448929>N693       CONDUIT      2.41     0  05:12      0.58    0.18    0.29
  MH1631514>N176       CONDUIT     99.80     0  15:57      1.92    0.42    0.48
  N748>N994            CONDUIT      0.32     0  01:11      0.38    0.02    0.10
  N186>MH4454993       CONDUIT      1.38     0  01:14      0.69    0.04    0.17
  N995>N754            CONDUIT      0.21     0  00:06      0.26    0.01    0.06
  N996>N811            CONDUIT      0.09     0  00:02      0.47    0.00    0.04
  N991>MH4452189       CONDUIT     51.19     0  16:00      0.72    1.67    1.00
  N692>N815            CONDUIT      1.60     0  01:24      0.85    0.06    0.16
  MH1625959>N997       CONDUIT      1.06     0  01:51      1.11    0.07    0.11
  N998>N734            CONDUIT      0.03     0  00:12      0.14    0.00    0.05
  N798>N963            CONDUIT     62.21     0  16:00      0.65    1.10    0.81
  MH4428137>MH4428188  CONDUIT      0.49     0  00:45      0.53    0.01    0.10
  MH4428067>MH4427849  CONDUIT      0.10     0  00:42      0.36    0.00    0.05
  N490>MH4427588       CONDUIT     10.10     0  01:07      0.92    0.73    0.60
  N999>N614            CONDUIT      0.12     0  00:19      0.30    0.01    0.06
  N239>MH5233531       CONDUIT      0.08     0  03:28      0.23    0.01    0.06
  N968>MH4454993       CONDUIT      0.35     0  00:59      0.45    0.02    0.09
  N1000>MH4448796      CONDUIT      0.13     0  00:04      0.34    0.01    0.07
  N1001>MH4451886      CONDUIT     50.08     0  15:59      0.71    1.65    1.00
  N620>MH4500689       CONDUIT      0.37     0  01:13      0.36    0.02    0.11
  N9>MH4429527         CONDUIT      0.15     0  00:41      0.26    0.01    0.09
  N162>N561            CONDUIT      0.90     0  01:17      0.31    0.03    0.13
  N994>MH4454629       CONDUIT      0.34     0  01:32      0.39    0.02    0.10
  N1002>N347           CONDUIT      0.02     0  00:22      0.08    0.00    0.05
  N356>MH4450531       CONDUIT      0.49     0  01:16      0.28    0.05    0.40
  MH4451207>N1001      CONDUIT     49.89     0  15:59      0.71    1.64    1.00
  MH4449860>MH4450100  CONDUIT      0.11     0  01:04      0.27    0.01    0.06
  MH4502186>N0         CONDUIT     95.95     0  15:59      1.01    0.63    0.58
  N576>MH4453213       CONDUIT      1.90     0  00:05      0.47    0.09    0.19
  N665>N962            CONDUIT      0.19     0  00:05      0.34    0.01    0.08
  N976>MH4449866       CONDUIT      0.10     0  00:02      0.34    0.00    0.06
  MH4449503>MH4449977  CONDUIT      0.59     0  02:15      0.36    0.05    0.15
  N1003>N655           CONDUIT      0.06     0  03:10      0.09    0.02    0.08
  N1005>N172           CONDUIT      0.19     0  00:05      0.23    0.02    0.10
  N1006>MH7465841      CONDUIT      0.09     0  01:08      0.25    0.01    0.06
  MH4456372>N725       CONDUIT      0.59     0  02:53      0.49    0.03    0.12
  N1007>MH4449118      CONDUIT      0.17     0  01:01      0.39    0.01    0.06
  MH4428367>N168       CONDUIT      0.40     0  00:52      0.64    0.01    0.08
  N1009>MH4452154      CONDUIT      0.14     0  01:25      0.27    0.01    0.07
  MH4452541>N63        CONDUIT      8.12     0  02:03      1.05    0.41    0.45
  N440>MH4450391       CONDUIT      4.14     0  02:17      0.58    0.32    0.43
  N134>MH4450617       CONDUIT      0.16     0  00:37      0.30    0.01    0.08
  MH4427659>MH4427741  CONDUIT      0.00     0  00:00      0.00    0.00    0.03
  MH4451967>MH4451823  CONDUIT      1.17     0  04:48      0.44    0.04    0.21
  MH4429019>MH4429086  CONDUIT      0.00     0  00:00      0.00    0.00    0.06
  MH4428638>N461       CONDUIT      0.00     0  00:00      0.00    0.00    0.01
  
  
  ***************************
  Flow Classification Summary
  ***************************
  
  -------------------------------------------------------------------------------------
                      Adjusted    ---------- Fraction of Time in Flow Class ---------- 
                       /Actual         Up    Down  Sub   Sup   Up    Down  Norm  Inlet 
  Conduit               Length    Dry  Dry   Dry   Crit  Crit  Crit  Crit  Ltd   Ctrl  
  -------------------------------------------------------------------------------------
  N0>N1                   1.00   0.00  0.00  0.00  1.00  0.00  0.00  0.00  0.01  0.00
  MH4454411>N3            1.00   0.00  0.00  0.00  1.00  0.00  0.00  0.00  0.98  0.00
  N4>MH4450314            1.00   0.00  0.00  0.00  0.00  0.00  0.00  1.00  0.00  0.00
  N8>N9                   1.00   0.00  0.00  0.00  0.00  1.00  0.00  0.00  1.00  0.00
  N10>MH4428367           1.00   0.00  0.00  0.00  0.00  1.00  0.00  0.00  1.00  0.00
  MH4428606>N13           1.00   0.00  0.00  0.00  0.00  1.00  0.00  0.00  0.99  0.00
  MH4454744>N15           1.00   0.00  0.00  0.00  1.00  0.00  0.00  0.00  1.00  0.00
  N18>MH4452397           1.00   0.00  0.00  0.00  0.00  1.00  0.00  0.00  0.00  0.00
  N20>MH4453133           1.00   0.00  0.00  0.00  1.00  0.00  0.00  0.00  0.99  0.00
  N22>MH4447602           1.00   0.00  0.00  0.00  1.00  0.00  0.00  0.00  1.00  0.00
  MH4429312>N25           1.00   0.00  0.00  0.00  0.00  1.00  0.00  0.00  0.98  0.00
  N26>MH4453788           1.00   0.00  0.00  0.00  1.00  0.00  0.00  0.00  1.00  0.00
  N28>MH4456108           1.00   0.00  0.00  0.00  0.00  1.00  0.00  0.00  1.00  0.00
  N30>N31                 1.00   0.00  0.00  0.00  0.00  1.00  0.00  0.00  1.00  0.00
  N32>N33                 1.00   0.00  0.00  0.00  0.00  1.00  0.00  0.00  1.00  0.00
  N34>N35                 1.00   0.00  0.00  0.00  1.00  0.00  0.00  0.00  0.99  0.00
  N38>MH4454209           1.00   0.00  0.00  0.00  0.99  0.01  0.00  0.00  0.99  0.00
  MH1624017>MH1623826     1.00   0.00  0.00  0.00  0.00  1.00  0.00  0.00  0.99  0.00
  MH4429136>N43           1.00   0.00  0.00  0.00  1.00  0.00  0.00  0.00  0.99  0.00
  MH4501201>N45           1.00   0.00  0.00  0.00  1.00  0.00  0.00  0.00  0.99  0.00
  MH1623826>N46           1.00   0.00  0.00  0.00  0.00  1.00  0.00  0.00  1.00  0.00
  N47>MH4501544           1.00   0.00  0.00  0.00  1.00  0.00  0.00  0.00  0.02  0.00
  N49>N50                 1.00   0.00  0.00  0.00  0.00  1.00  0.00  0.00  0.00  0.00
  N51>MH4454640           1.00   0.00  0.00  0.00  1.00  0.00  0.00  0.00  1.00  0.00
  N53>MH4453512           1.00   0.00  0.00  0.00  1.00  0.00  0.00  0.00  0.99  0.00
  MH4452154>MH4452217     1.00   0.00  0.00  0.00  1.00  0.00  0.00  0.00  1.00  0.00
  N59>MH4446824           1.00   0.00  0.00  0.00  0.01  0.99  0.00  0.00  1.00  0.00
  N61>N62                 1.00   0.00  0.00  0.00  0.99  0.01  0.00  0.00  1.00  0.00
  N63>N64                 1.00   0.00  0.00  0.00  0.00  1.00  0.00  0.00  0.97  0.00
  MH4453931>N66           1.00   0.00  0.00  0.00  0.00  1.00  0.00  0.00  1.00  0.00
  N67>MH4456468           1.00   0.00  0.00  0.00  1.00  0.00  0.00  0.00  1.00  0.00
  N69>MH4502097           1.00   0.00  0.00  0.00  1.00  0.00  0.00  0.00  0.03  0.00
  N71>N72                 1.00   0.00  0.00  0.00  0.00  1.00  0.00  0.00  0.99  0.00
  N73>MH4447369           1.00   0.00  0.00  0.00  0.00  0.00  0.00  1.00  0.00  0.00
  MH4448345>MH4448419     1.00   0.00  0.00  0.00  1.00  0.00  0.00  0.00  1.00  0.00
  N77>MH4449083           1.00   0.00  0.00  0.00  0.00  1.00  0.00  0.00  1.00  0.00
  N13>MH4429136           1.00   0.00  0.00  0.00  1.00  0.00  0.00  0.00  1.00  0.00
  N79>MH4499116           1.00   0.00  0.00  0.00  0.99  0.01  0.00  0.00  1.00  0.00
  N81>N82                 1.00   0.00  0.00  0.00  1.00  0.00  0.00  0.00  1.00  0.00
  N83>MH4454674           1.00   0.00  0.00  0.00  0.99  0.01  0.00  0.00  0.99  0.00
  N85>MH4427688           1.00   0.00  0.00  0.00  0.00  0.00  0.00  1.00  0.00  0.00
  N87>MH4448753           1.00   0.00  0.00  0.00  1.00  0.00  0.00  0.00  1.00  0.00
  N89>MH1627682           1.00   0.00  0.00  0.00  1.00  0.00  0.00  0.00  0.00  0.00
  MH4452538>MH5118586     1.00   0.00  0.00  0.00  0.00  1.00  0.00  0.00  1.00  0.00
  N33>MH4452724           1.00   0.00  0.00  0.00  1.00  0.00  0.00  0.00  1.00  0.00
  MH4448853>N97           1.00   0.00  0.00  0.00  1.00  0.00  0.00  0.00  0.97  0.00
  N98>MH4500422           1.00   0.00  0.00  0.00  0.00  1.00  0.00  0.00  1.00  0.00
  N100>N101               1.00   0.00  0.00  0.00  0.00  1.00  0.00  0.00  0.99  0.00
  MH4449806>MH4450137     1.00   0.00  0.00  0.00  1.00  0.00  0.00  0.00  0.99  0.00
  MH4428117>MH4428139     1.00   0.00  0.00  0.00  0.00  1.00  0.00  0.00  1.00  0.00
  N106>MH4455909          1.00   0.00  0.00  0.00  1.00  0.00  0.00  0.00  1.00  0.00
  N108>MH5118586          1.00   0.00  0.00  0.00  0.99  0.01  0.00  0.00  1.00  0.00
  N109>MH4451823          1.00   0.00  0.00  0.00  0.99  0.01  0.00  0.00  0.99  0.00
  MH4450787>N112          1.00   0.00  0.00  0.00  0.00  1.00  0.00  0.00  0.99  0.00
  N113>MH4428026          1.00   0.00  0.00  0.00  0.00  1.00  0.00  0.00  1.00  0.00
  MH4501866>N116          1.00   0.00  0.00  0.00  1.00  0.00  0.00  0.00  0.97  0.00
  N119>MH1627986          1.00   0.00  0.00  0.00  0.99  0.01  0.00  0.00  0.99  0.00
  MH4499632>N122          1.00   0.00  0.00  0.00  1.00  0.00  0.00  0.00  0.99  0.00
  MH4429035>N124          1.00   0.00  0.00  0.00  0.00  1.00  0.00  0.00  1.00  0.00
  MH4454674>N125          1.00   0.00  0.00  0.00  1.00  0.00  0.00  0.00  1.00  0.00
  MH4449704>MH4449118     1.00   0.00  0.00  0.00  1.00  0.00  0.00  0.00  1.00  0.00
  N128>MH1629281          1.00   0.00  0.00  0.00  1.00  0.00  0.00  0.00  0.99  0.00
  N82>MH4454718           1.00   0.00  0.00  0.00  1.00  0.00  0.00  0.00  1.00  0.00
  N131>MH4451287          1.00   0.00  0.00  0.00  1.00  0.00  0.00  0.00  1.00  0.00
  N133>N134               1.00   0.00  0.00  0.00  1.00  0.00  0.00  0.00  1.00  0.00
  N137>MH4450219          1.00   0.00  0.00  0.00  0.00  1.00  0.00  0.00  1.00  0.00
  N139>MH4449321          1.00   0.00  0.00  0.00  0.00  0.00  0.00  1.00  0.00  0.00
  MH4448509>N142          1.00   0.00  0.00  0.00  0.99  0.01  0.00  0.00  0.99  0.00
  N143>MH4428524          1.00   0.00  0.00  0.00  0.00  0.00  0.00  1.00  0.00  0.00
  N145>MH1627084          1.00   0.00  0.00  0.00  0.99  0.01  0.00  0.00  0.99  0.00
  MH1627084>N147          1.00   0.00  0.00  0.00  0.00  1.00  0.00  0.00  0.99  0.00
  N148>N79                1.00   0.00  0.00  0.00  0.00  1.00  0.00  0.00  0.99  0.00
  N149>N150               1.00   0.00  0.00  0.00  0.00  1.00  0.00  0.00  0.97  0.00
  N151>MH4455762          1.00   0.00  0.00  0.00  1.00  0.00  0.00  0.00  1.00  0.00
  N153>N154               1.00   0.00  0.00  0.00  0.99  0.01  0.00  0.00  1.00  0.00
  N155>MH4452721          1.00   0.00  0.00  0.00  0.00  0.00  0.00  1.00  0.00  0.00
  N157>N158               1.00   0.00  0.00  0.00  0.00  0.00  0.00  1.00  0.00  0.00
  N159>MH4453931          1.00   0.00  0.00  0.00  0.99  0.01  0.00  0.00  1.00  0.00
  MH4447128>MH4447726     1.00   0.00  0.00  0.00  1.00  0.00  0.00  0.00  0.99  0.00
  MH1627986>N162          1.00   0.00  0.00  0.00  1.00  0.00  0.00  0.00  0.99  0.00
  MH4501544>N69           1.00   0.00  0.00  0.00  1.00  0.00  0.00  0.00  0.00  0.00
  N46>N163                1.00   0.00  0.00  0.00  0.91  0.09  0.00  0.00  0.99  0.00
  N166>MH4428268          1.00   0.00  0.00  0.00  0.00  1.00  0.00  0.00  1.00  0.00
  N168>MH4428636          1.00   0.00  0.00  0.00  0.00  0.00  0.00  1.00  0.00  0.00
  N170>N171               1.00   0.00  0.00  0.00  1.00  0.00  0.00  0.00  0.99  0.00
  N172>MH4452977          1.00   0.00  0.00  0.00  1.00  0.00  0.00  0.00  0.99  0.00
  N176>MH1632309          1.00   0.00  0.00  0.00  0.00  1.00  0.00  0.00  0.00  0.00
  N178>MH4500035          1.00   0.00  0.00  0.00  0.00  1.00  0.00  0.00  1.00  0.00
  N180>N181               1.00   0.00  0.00  0.00  0.00  1.00  0.00  0.00  0.99  0.00
  MH4451759>N183          1.00   0.00  0.00  0.00  0.00  0.00  0.00  1.00  0.00  0.00
  N184>N59                1.00   0.00  0.00  0.00  0.00  1.00  0.00  0.00  0.98  0.00
  MH4454490>N186          1.00   0.00  0.00  0.00  0.00  1.00  0.00  0.00  0.99  0.00
  N112>N187               1.00   0.00  0.00  0.00  0.00  1.00  0.00  0.00  0.00  0.00
  N188>MH4447880          1.00   0.00  0.00  0.00  0.99  0.01  0.00  0.00  0.99  0.00
  MH4499417>N191          1.00   0.00  0.00  0.00  0.00  1.00  0.00  0.00  0.98  0.00
  N192>MH4453579          1.00   0.00  0.00  0.00  0.95  0.00  0.00  0.05  0.95  0.00
  N194>MH4451531          1.00   0.00  0.00  0.00  1.00  0.00  0.00  0.00  1.00  0.00
  MH4449785>N197          1.00   0.00  0.00  0.00  1.00  0.00  0.00  0.00  0.98  0.00
  N198>MH4447416          1.00   0.00  0.00  0.00  0.00  1.00  0.00  0.00  0.99  0.00
  N202>MH4453124          1.00   0.00  0.00  0.00  0.00  1.00  0.00  0.00  1.00  0.00
  MH5228371>N205          1.00   0.00  0.00  0.00  0.00  1.00  0.00  0.00  1.00  0.00
  N206>MH6153571          1.00   0.00  0.00  0.00  1.00  0.00  0.00  0.00  0.01  0.00
  N208>N209               1.00   0.00  0.00  0.00  0.00  1.00  0.00  0.00  0.97  0.00
  N210>N211               1.00   0.00  0.00  0.00  1.00  0.00  0.00  0.00  0.00  0.00
  N212>MH4427425          1.00   0.00  0.00  0.00  0.99  0.01  0.00  0.00  1.00  0.00
  N216>N131               1.00   0.00  0.00  0.00  0.00  1.00  0.00  0.00  0.99  0.00
  MH7465841>N220          1.00   0.00  0.00  0.00  0.00  1.00  0.00  0.00  0.00  0.00
  N221>N222               1.00   0.00  0.00  0.00  0.00  1.00  0.00  0.00  1.00  0.00
  MH4451971>N224          1.00   0.00  0.00  0.00  0.00  1.00  0.00  0.00  0.99  0.00
  N225>MH4450757          1.00   0.00  0.00  0.00  0.00  1.00  0.00  0.00  0.99  0.00
  N228>N229               1.00   0.00  0.00  0.00  1.00  0.00  0.00  0.00  1.00  0.00
  N230>N231               1.00   0.00  0.00  0.00  0.00  1.00  0.00  0.00  0.99  0.00
  N232>MH4451971          1.00   0.00  0.00  0.00  0.00  1.00  0.00  0.00  0.99  0.00
  MH4447684>N234          1.00   0.00  0.00  0.00  0.00  1.00  0.00  0.00  1.00  0.00
  MH4449173>MH4449785     1.00   0.00  0.00  0.00  1.00  0.00  0.00  0.00  0.98  0.00
  N238>N239               1.00   0.00  0.00  0.00  1.00  0.00  0.00  0.00  1.00  0.00
  N240>MH4451058          1.00   0.00  0.00  0.00  0.00  1.00  0.00  0.00  0.99  0.00
  MH4452032>MH4451840     1.00   0.00  0.00  0.00  1.00  0.00  0.00  0.00  1.00  0.00
  N244>MH1790845          1.00   0.00  0.00  0.00  1.00  0.00  0.00  0.00  0.99  0.00
  N246>N247               1.00   0.00  0.00  0.00  1.00  0.00  0.00  0.00  0.98  0.00
  N248>N61                1.00   0.00  0.00  0.00  1.00  0.00  0.00  0.00  1.00  0.00
  MH4456553>N250          1.00   0.00  0.00  0.00  1.00  0.00  0.00  0.00  0.01  0.00
  N251>MH4449510          1.00   0.00  0.00  0.00  1.00  0.00  0.00  0.00  1.00  0.00
  MH4428713>MH4428995     1.00   0.00  0.00  0.00  0.99  0.01  0.00  0.00  0.99  0.00
  N255>MH4447351          1.00   0.00  0.00  0.00  0.00  1.00  0.00  0.00  1.00  0.00
  MH4450170>N225          1.00   0.00  0.00  0.00  0.00  1.00  0.00  0.00  0.99  0.00
  MH4447880>N258          1.00   0.00  0.00  0.00  0.00  1.00  0.00  0.00  0.99  0.00
  MH4500254>N260          1.00   0.00  0.00  0.00  1.00  0.00  0.00  0.00  1.00  0.00
  N261>MH4448662          1.00   0.00  0.00  0.00  0.99  0.01  0.00  0.00  0.99  0.00
  N263>MH5228371          1.00   0.00  0.00  0.00  0.99  0.01  0.00  0.00  1.00  0.00
  MH4429357>N265          1.00   0.00  0.00  0.00  1.00  0.00  0.00  0.00  0.99  0.00
  MH5286735>N267          1.00   0.00  0.00  0.00  1.00  0.00  0.00  0.00  1.00  0.00
  N268>N269               1.00   0.00  0.00  0.00  0.00  1.00  0.00  0.00  0.99  0.00
  N270>N271               1.00   0.00  0.00  0.00  0.99  0.01  0.00  0.00  0.99  0.00
  N272>MH4449860          1.00   0.00  0.00  0.00  1.00  0.00  0.00  0.00  1.00  0.00
  MH5118586>N202          1.00   0.00  0.00  0.00  0.00  1.00  0.00  0.00  0.99  0.00
  N274>N275               1.00   0.00  0.00  0.00  0.00  1.00  0.00  0.00  1.00  0.00
  N45>N276                1.00   0.00  0.00  0.00  1.00  0.00  0.00  0.00  0.96  0.00
  N277>N278               1.00   0.00  0.00  0.00  0.00  1.00  0.00  0.00  1.00  0.00
  N125>N279               1.00   0.00  0.00  0.00  0.99  0.01  0.00  0.00  0.99  0.00
  N280>N281               1.00   0.00  0.00  0.00  0.00  1.00  0.00  0.00  1.00  0.00
  MH4452919>MH4453133     1.00   0.00  0.00  0.00  0.00  0.00  0.00  1.00  0.00  0.00
  MH4450449>MH4450581     1.00   0.00  0.00  0.00  0.99  0.01  0.00  0.00  0.87  0.00
  N285>MH6042164          1.00   0.00  0.00  0.00  1.00  0.00  0.00  0.00  1.00  0.00
  N287>MH1625395          1.00   0.00  0.00  0.00  1.00  0.00  0.00  0.00  1.00  0.00
  MH4447397>MH5241467     1.00   0.00  0.00  0.00  1.00  0.00  0.00  0.00  0.99  0.00
  N293>N294               1.00   0.00  0.00  0.00  0.00  1.00  0.00  0.00  1.00  0.00
  N295>MH4449321          1.00   0.00  0.00  0.00  0.00  0.00  0.00  1.00  0.00  0.00
  N296>N297               1.00   0.00  0.00  0.00  0.00  1.00  0.00  0.00  1.00  0.00
  N298>N299               1.00   0.00  0.00  0.00  0.00  1.00  0.00  0.00  1.00  0.00
  N300>MH4455121          1.00   0.00  0.00  0.00  1.00  0.00  0.00  0.00  0.98  0.00
  MH4450219>N302          1.00   0.00  0.00  0.00  0.00  1.00  0.00  0.00  0.99  0.00
  N303>MH4428765          1.00   0.00  0.00  0.00  0.00  0.00  0.00  1.00  0.00  0.00
  N307>MH1624138          1.00   0.00  0.00  0.00  0.00  0.00  0.00  1.00  0.00  0.00
  MH4452902>MH4452980     1.00   0.00  0.00  0.00  0.00  1.00  0.00  0.00  0.00  0.00
  N311>MH4451333          1.00   0.00  0.00  0.00  0.00  0.00  0.00  1.00  0.00  0.00
  MH1623974>N314          1.00   0.00  0.00  0.00  0.99  0.01  0.00  0.00  0.99  0.00
  MH4428139>MH4428320     1.00   0.00  0.00  0.00  0.00  0.00  0.00  1.00  0.00  0.00
  MH1632309>MH1632398     1.00   0.00  0.00  0.00  0.01  0.99  0.00  0.00  0.05  0.00
  N317>N318               1.00   0.00  0.00  0.00  1.00  0.00  0.00  0.00  1.00  0.00
  N319>MH4447643          1.00   0.00  0.00  0.00  1.00  0.00  0.00  0.00  0.98  0.00
  N321>N322               1.00   0.00  0.00  0.00  0.00  1.00  0.00  0.00  0.98  0.00
  MH4452081>N324          1.00   0.00  0.00  0.00  0.00  1.00  0.00  0.00  0.99  0.00
  MH4447416>MH4447726     1.00   0.00  0.00  0.00  0.00  0.00  0.00  1.00  0.00  0.00
  N325>MH4429357          1.00   0.00  0.00  0.00  1.00  0.00  0.00  0.00  0.99  0.00
  MH4429013>N327          1.00   0.00  0.00  0.00  0.00  1.00  0.00  0.00  0.98  0.00
  MH4448419>N328          1.00   0.00  0.00  0.00  1.00  0.00  0.00  0.00  0.99  0.00
  MH4429468>MH4446883     1.00   0.00  0.00  0.00  0.00  0.00  0.00  1.00  0.00  0.00
  N331>N332               1.00   0.00  0.00  0.00  1.00  0.00  0.00  0.00  1.00  0.00
  MH4451058>MH4451092     1.00   0.00  0.00  0.00  0.00  1.00  0.00  0.00  1.00  0.00
  MH4452217>N334          1.00   0.00  0.00  0.00  1.00  0.00  0.00  0.00  0.98  0.00
  MH4448796>N336          1.00   0.00  0.00  0.00  1.00  0.00  0.00  0.00  1.00  0.00
  N337>MH4500902          1.00   0.00  0.00  0.00  0.00  0.00  0.00  1.00  0.00  0.00
  N339>MH4454411          1.00   0.00  0.00  0.00  1.00  0.00  0.00  0.00  0.99  0.00
  N340>N341               1.00   0.00  0.00  0.00  0.00  1.00  0.00  0.00  1.00  0.00
  MH4448753>MH4449330     1.00   0.00  0.00  0.00  0.00  0.00  0.00  1.00  0.00  0.00
  N343>MH4450211          1.00   0.00  0.00  0.00  0.00  1.00  0.00  0.00  0.99  0.00
  N345>N346               1.00   0.00  0.00  0.00  1.00  0.00  0.00  0.00  1.00  0.00
  N347>MH4453770          1.00   0.00  0.00  0.00  1.00  0.00  0.00  0.00  1.00  0.00
  MH4429527>MH4447397     1.00   0.00  0.00  0.00  1.00  0.00  0.00  0.00  0.99  0.00
  N353>N354               1.00   0.00  0.00  0.00  0.00  1.00  0.00  0.00  1.00  0.00
  MH4450975>N356          1.00   0.00  0.00  0.00  1.00  0.00  0.00  0.00  1.00  0.00
  N357>MH4451840          1.00   0.00  0.00  0.00  0.00  0.00  0.00  1.00  0.00  0.00
  MH4450207>MH4449806     1.00   0.00  0.00  0.00  0.00  0.00  0.00  1.00  0.00  0.00
  MH4453740>N340          1.00   0.00  0.00  0.00  0.00  1.00  0.00  0.00  0.99  0.00
  MH4429179>N361          1.00   0.00  0.00  0.00  1.00  0.00  0.00  0.00  0.99  0.00
  N362>N363               1.00   0.00  0.00  0.00  0.00  1.00  0.00  0.00  1.00  0.00
  MH4449083>N364          1.00   0.00  0.00  0.00  0.00  1.00  0.00  0.00  1.00  0.00
  MH4448662>N365          1.00   0.00  0.00  0.00  0.98  0.02  0.00  0.00  0.99  0.00
  N366>N367               1.00   0.00  0.00  0.00  1.00  0.00  0.00  0.00  0.00  0.00
  MH4452527>MH4452680     1.00   0.00  0.00  0.00  1.00  0.00  0.00  0.00  0.02  0.00
  N163>MH1624769          1.00   0.00  0.00  0.00  0.94  0.00  0.00  0.06  0.03  0.00
  MH4454629>N300          1.00   0.00  0.00  0.00  1.00  0.00  0.00  0.00  0.98  0.00
  N372>MH1624494          1.00   0.00  0.00  0.00  0.00  0.00  0.00  1.00  0.00  0.00
  N375>N230               1.00   0.00  0.00  0.00  0.00  1.00  0.00  0.00  1.00  0.00
  MH4451143>MH4450975     1.00   0.00  0.00  0.00  1.00  0.00  0.00  0.00  0.99  0.00
  MH4450922>MH4451207     1.00   0.00  0.00  0.00  0.99  0.00  0.00  0.01  0.03  0.00
  N379>MH8963773          1.00   0.00  0.00  0.00  0.00  0.00  0.00  1.00  0.00  0.00
  N66>MH4454643           1.00   0.00  0.00  0.00  0.00  1.00  0.00  0.00  0.99  0.00
  MH4454209>N51           1.00   0.00  0.00  0.00  0.00  1.00  0.00  0.00  0.98  0.00
  MH4456108>N382          1.00   0.00  0.00  0.00  0.00  1.00  0.00  0.00  1.00  0.00
  N383>MH4454744          1.00   0.00  0.00  0.00  1.00  0.00  0.00  0.00  1.00  0.00
  MH4426971>X385          1.00   0.00  0.00  0.00  0.00  1.00  0.00  0.00  0.00  0.00
  MH4453970>N192          1.00   0.00  0.00  0.00  1.00  0.00  0.00  0.00  0.99  0.00
  N387>MH4453512          1.00   0.00  0.00  0.00  0.00  0.00  0.00  1.00  0.00  0.00
  N389>MH6153571          1.00   0.00  0.00  0.00  0.00  0.00  0.00  1.00  0.00  0.00
  MH4498454>N391          1.00   0.00  0.00  0.00  0.00  1.00  0.00  0.00  0.99  0.00
  N394>MH4429503          1.00   0.00  0.00  0.00  0.00  0.00  0.00  1.00  0.00  0.00
  MH4429645>N397          1.00   0.00  0.00  0.00  0.00  1.00  0.00  0.00  1.00  0.00
  MH4452011>MH4451871     1.00   0.00  0.00  0.00  1.00  0.00  0.00  0.00  0.04  0.00
  N328>MH4449103          1.00   0.00  0.00  0.00  1.00  0.00  0.00  0.00  0.00  0.00
  N401>MH4502097          1.00   0.00  0.00  0.00  0.93  0.00  0.00  0.07  0.93  0.00
  N278>MH4499048          1.00   0.00  0.00  0.00  0.00  1.00  0.00  0.00  1.00  0.00
  N403>MH4428524          1.00   0.00  0.00  0.00  0.98  0.02  0.00  0.00  1.00  0.00
  MH4499729>N405          1.00   0.00  0.00  0.00  0.00  1.00  0.00  0.00  0.99  0.00
  N406>MH4456532          1.00   0.00  0.00  0.00  0.00  0.00  0.00  1.00  0.00  0.00
  N408>MH4454376          1.00   0.00  0.00  0.00  0.95  0.00  0.00  0.05  0.95  0.00
  MH1629281>N411          1.00   0.00  0.00  0.00  0.01  0.99  0.00  0.00  1.00  0.00
  N412>MH4499323          1.00   0.00  0.00  0.00  0.00  1.00  0.00  0.00  1.00  0.00
  N414>MH1623928          1.00   0.00  0.00  0.00  1.00  0.00  0.00  0.00  0.00  0.00
  N416>MH4428920          1.00   0.00  0.00  0.00  0.00  1.00  0.00  0.00  1.00  0.00
  MH4453124>N418          1.00   0.00  0.00  0.00  0.00  1.00  0.00  0.00  0.99  0.00
  MH4451871>N419          1.00   0.00  0.00  0.00  1.00  0.00  0.00  0.00  0.03  0.00
  N422>MH4450922          1.00   0.00  0.00  0.00  0.97  0.03  0.00  0.00  0.03  0.00
  MH4449849>MH4449785     1.00   0.00  0.00  0.00  0.97  0.00  0.00  0.03  0.97  0.00
  MH4455780>N426          1.00   0.00  0.00  0.00  0.00  1.00  0.00  0.00  1.00  0.00
  MH4450757>N427          1.00   0.00  0.00  0.00  0.00  1.00  0.00  0.00  0.99  0.00
  N3>MH4454629            1.00   0.00  0.00  0.00  1.00  0.00  0.00  0.00  0.01  0.00
  MH4429019>MH7465841     1.00   0.00  0.00  0.00  0.00  1.00  0.00  0.00  0.99  0.00
  N222>N148               1.00   0.00  0.00  0.00  0.00  1.00  0.00  0.00  1.00  0.00
  N431>N432               1.00   0.00  0.00  0.00  1.00  0.00  0.00  0.00  0.98  0.00
  N25>MH4447394           1.00   0.00  0.00  0.00  0.00  0.00  0.00  1.00  0.00  0.00
  N434>N98                1.00   0.00  0.00  0.00  0.00  1.00  0.00  0.00  1.00  0.00
  MH1624138>MH1624769     1.00   0.00  0.00  0.00  1.00  0.00  0.00  0.00  0.01  0.00
  MH4453315>MH4453553     1.00   0.00  0.00  0.00  1.00  0.00  0.00  0.00  1.00  0.00
  MH4428426>MH4428245     1.00   0.00  0.00  0.00  0.00  0.00  0.00  1.00  0.00  0.00
  N439>N440               1.00   0.00  0.00  0.00  0.99  0.01  0.00  0.00  0.97  0.00
  MH4450378>MH4450554     1.00   0.00  0.00  0.00  0.96  0.00  0.00  0.04  0.00  0.00
  MH1631057>MH1631514     1.00   0.00  0.00  0.00  0.01  0.99  0.00  0.00  0.02  0.00
  MH6153571>N414          1.00   0.00  0.00  0.00  1.00  0.00  0.00  0.00  0.00  0.00
  N445>N446               1.00   0.00  0.00  0.00  1.00  0.00  0.00  0.00  1.00  0.00
  N447>MH4427095          1.00   0.00  0.00  0.00  1.00  0.00  0.00  0.00  0.99  0.00
  MH4427688>N166          1.00   0.00  0.00  0.00  0.00  1.00  0.00  0.00  0.99  0.00
  N450>MH4455516          1.00   0.00  0.00  0.00  1.00  0.00  0.00  0.00  1.00  0.00
  MH1623725>N453          1.00   0.00  0.00  0.00  0.01  0.99  0.00  0.00  0.99  0.00
  N455>N456               1.00   0.00  0.00  0.00  0.00  1.00  0.00  0.00  1.00  0.00
  N72>N178                1.00   0.00  0.00  0.00  0.00  1.00  0.00  0.00  0.99  0.00
  N457>N287               1.00   0.00  0.00  0.00  1.00  0.00  0.00  0.00  1.00  0.00
  N458>MH4456551          1.00   0.00  0.00  0.00  0.01  0.99  0.00  0.00  0.99  0.00
  MH4428995>N460          1.00   0.00  0.00  0.00  1.00  0.00  0.00  0.00  0.99  0.00
  N461>N416               1.00   0.00  0.00  0.00  0.00  1.00  0.00  0.00  1.00  0.00
  N341>MH4454490          1.00   0.00  0.00  0.00  0.00  1.00  0.00  0.00  1.00  0.00
  N432>MH4453489          1.00   0.00  0.00  0.00  1.00  0.00  0.00  0.00  0.99  0.00
  MH4449436>N464          1.00   0.00  0.00  0.00  0.00  1.00  0.00  0.00  1.00  0.00
  N465>MH4448509          1.00   0.00  0.00  0.00  1.00  0.00  0.00  0.00  1.00  0.00
  MH4428920>N466          1.00   0.00  0.00  0.00  0.00  1.00  0.00  0.00  1.00  0.00
  N467>N468               1.00   0.00  0.00  0.00  0.00  1.00  0.00  0.00  1.00  0.00
  MH4455808>N470          1.00   0.00  0.00  0.00  0.00  1.00  0.00  0.00  0.99  0.00
  N471>N472               1.00   0.00  0.00  0.00  1.00  0.00  0.00  0.00  0.98  0.00
  N473>MH1623974          1.00   0.00  0.00  0.00  1.00  0.00  0.00  0.00  1.00  0.00
  N474>MH4450920          1.00   0.00  0.00  0.00  1.00  0.00  0.00  0.00  1.00  0.00
  MH4451516>N477          1.00   0.00  0.00  0.00  0.00  1.00  0.00  0.00  0.99  0.00
  MH4452994>N431          1.00   0.00  0.00  0.00  1.00  0.00  0.00  0.00  0.00  0.00
  MH4452189>N366          1.00   0.00  0.00  0.00  1.00  0.00  0.00  0.00  0.01  0.00
  MH4449882>MH4449704     1.00   0.00  0.00  0.00  0.00  0.00  0.00  1.00  0.00  0.00
  MH1629073>N157          1.00   0.00  0.00  0.00  0.00  1.00  0.00  0.00  0.99  0.00
  MH1623928>MH1624138     1.00   0.00  0.00  0.00  1.00  0.00  0.00  0.00  0.03  0.00
  N482>MH4452721          1.00   0.00  0.00  0.00  0.00  1.00  0.00  0.00  1.00  0.00
  N361>MH4429503          1.00   0.00  0.00  0.00  0.00  0.00  0.00  1.00  0.00  0.00
  N483>MH4429320          1.00   0.00  0.00  0.00  1.00  0.00  0.00  0.00  1.00  0.00
  MH4451945>N208          1.00   0.00  0.00  0.00  0.00  1.00  0.00  0.00  0.00  0.00
  N486>N487               1.00   0.00  0.00  0.00  0.00  0.00  0.00  1.00  0.00  0.00
  N488>N489               1.00   0.00  0.00  0.00  0.00  1.00  0.00  0.00  1.00  0.00
  MH4453489>MH4453579     1.00   0.00  0.00  0.00  0.96  0.00  0.00  0.04  0.01  0.00
  MH4427095>N490          1.00   0.00  0.00  0.00  0.99  0.01  0.00  0.00  0.99  0.00
  N491>N492               1.00   0.00  0.00  0.00  0.00  1.00  0.00  0.00  1.00  0.00
  MH4452809>MH4452632     1.00   0.00  0.00  0.00  1.00  0.00  0.00  0.00  1.00  0.00
  N498>MH5286735          1.00   0.00  0.00  0.00  1.00  0.00  0.00  0.00  1.00  0.00
  N499>MH4456553          1.00   0.00  0.00  0.00  1.00  0.00  0.00  0.00  0.00  0.00
  MH4453981>N501          1.00   0.00  0.00  0.00  0.00  1.00  0.00  0.00  1.00  0.00
  N354>N108               1.00   0.00  0.00  0.00  0.00  1.00  0.00  0.00  1.00  0.00
  MH4456532>N71           1.00   0.00  0.00  0.00  0.00  1.00  0.00  0.00  0.98  0.00
  N505>MH4450207          1.00   0.00  0.00  0.00  0.00  0.00  0.00  1.00  0.00  0.00
  MH4320104>N507          1.00   0.00  0.00  0.00  1.00  0.00  0.00  0.00  0.98  0.00
  MH4447351>N510          1.00   0.00  0.00  0.00  0.00  1.00  0.00  0.00  1.00  0.00
  N336>N511               1.00   0.00  0.00  0.00  0.99  0.01  0.00  0.00  1.00  0.00
  MH4426673>N515          1.00   0.00  0.00  0.00  0.00  1.00  0.00  0.00  1.00  0.00
  MH4450077>N517          1.00   0.00  0.00  0.00  0.00  1.00  0.00  0.00  0.99  0.00
  MH4428836>MH4429107     1.00   0.00  0.00  0.00  0.99  0.01  0.00  0.00  0.99  0.00
  MH4453553>MH4453740     1.00   0.00  0.00  0.00  0.00  1.00  0.00  0.00  1.00  0.00
  N522>MH4450170          1.00   0.00  0.00  0.00  1.00  0.00  0.00  0.00  1.00  0.00
  MH4429656>MH4447643     1.00   0.00  0.00  0.00  0.00  0.00  0.00  1.00  0.00  0.00
  MH4450617>N343          1.00   0.00  0.00  0.00  0.00  1.00  0.00  0.00  0.00  0.00
  MH4448392>MH4448813     1.00   0.00  0.00  0.00  1.00  0.00  0.00  0.00  1.00  0.00
  MH4449913>N530          1.00   0.00  0.00  0.00  1.00  0.00  0.00  0.00  0.97  0.00
  MH4427309>N85           1.00   0.00  0.00  0.00  0.00  1.00  0.00  0.00  0.99  0.00
  N532>N533               1.00   0.00  0.00  0.00  1.00  0.00  0.00  0.00  1.00  0.00
  N534>MH1625316          1.00   0.00  0.00  0.00  1.00  0.00  0.00  0.00  1.00  0.00
  MH4450137>N536          1.00   0.00  0.00  0.00  1.00  0.00  0.00  0.00  0.97  0.00
  MH4429584>MH4429544     1.00   0.00  0.00  0.00  0.00  0.00  0.00  1.00  0.00  0.00
  N426>N100               1.00   0.00  0.00  0.00  0.00  1.00  0.00  0.00  0.01  0.00
  MH4452721>MH4452946     1.00   0.00  0.00  0.00  1.00  0.00  0.00  0.00  0.98  0.00
  N542>MH4428797          1.00   0.00  0.00  0.00  0.00  0.00  0.00  1.00  0.00  0.00
  N544>MH4451468          1.00   0.00  0.00  0.00  0.99  0.01  0.00  0.00  1.00  0.00
  MH4450391>MH4450531     1.00   0.00  0.00  0.00  0.90  0.10  0.00  0.00  0.90  0.00
  N1>MH1629194            1.00   0.00  0.00  0.00  1.00  0.00  0.00  0.00  0.02  0.00
  N62>MH6042164           1.00   0.00  0.00  0.00  0.00  1.00  0.00  0.00  0.00  0.00
  N549>N307               1.00   0.00  0.00  0.00  0.00  1.00  0.00  0.00  0.99  0.00
  MH4453579>N550          1.00   0.00  0.00  0.00  1.00  0.00  0.00  0.00  0.01  0.00
  MH4449977>N552          1.00   0.00  0.00  0.00  0.00  1.00  0.00  0.00  1.00  0.00
  N553>N554               1.00   0.00  0.00  0.00  0.00  1.00  0.00  0.00  0.00  0.00
  MH1625395>N549          1.00   0.00  0.00  0.00  0.00  1.00  0.00  0.00  0.99  0.00
  N557>MH4454125          1.00   0.00  0.00  0.00  0.00  0.00  0.00  1.00  0.00  0.00
  N559>N560               1.00   0.00  0.00  0.00  1.00  0.00  0.00  0.00  1.00  0.00
  N561>MH1629281          1.00   0.00  0.00  0.00  1.00  0.00  0.00  0.00  0.00  0.00
  N562>N563               1.00   0.00  0.00  0.00  0.00  1.00  0.00  0.00  0.99  0.00
  N564>MH4453047          1.00   0.00  0.00  0.00  1.00  0.00  0.00  0.00  1.00  0.00
  N517>MH4449436          1.00   0.00  0.00  0.00  0.00  1.00  0.00  0.00  1.00  0.00
  N566>MH4428268          1.00   0.00  0.00  0.00  0.00  0.00  0.00  1.00  0.00  0.00
  N567>MH4455813          1.00   0.00  0.00  0.00  1.00  0.00  0.00  0.00  1.00  0.00
  N569>MH4499632          1.00   0.00  0.00  0.00  1.00  0.00  0.00  0.00  1.00  0.00
  MH4451576>N573          1.00   0.00  0.00  0.00  0.00  1.00  0.00  0.00  1.00  0.00
  N574>MH4499417          1.00   0.00  0.00  0.00  0.00  1.00  0.00  0.00  1.00  0.00
  MH4452980>N576          1.00   0.00  0.00  0.00  0.00  1.00  0.00  0.00  1.00  0.00
  N577>MH4452527          1.00   0.00  0.00  0.00  0.96  0.00  0.00  0.04  0.96  0.00
  N578>MH4447394          1.00   0.00  0.00  0.00  0.00  0.00  0.00  1.00  0.00  0.00
  N581>MH4499729          1.00   0.00  0.00  0.00  0.00  0.00  0.00  1.00  0.00  0.00
  N582>MH4450193          1.00   0.00  0.00  0.00  0.98  0.00  0.00  0.02  0.98  0.00
  N511>MH4449635          1.00   0.00  0.00  0.00  0.00  1.00  0.00  0.00  0.99  0.00
  N585>MH4454657          1.00   0.00  0.00  0.00  0.99  0.01  0.00  0.00  1.00  0.00
  N587>MH4450757          1.00   0.00  0.00  0.00  0.99  0.01  0.00  0.00  0.99  0.00
  MH4428800>MH4429035     1.00   0.00  0.00  0.00  0.00  1.00  0.00  0.00  1.00  0.00
  MH6042164>N589          1.00   0.00  0.00  0.00  0.00  1.00  0.00  0.00  1.00  0.00
  N302>N587               1.00   0.00  0.00  0.00  0.00  1.00  0.00  0.00  0.99  0.00
  N592>N268               1.00   0.00  0.00  0.00  0.00  1.00  0.00  0.00  0.99  0.00
  MH4447369>N593          1.00   0.00  0.00  0.00  0.00  1.00  0.00  0.00  1.00  0.00
  N477>MH4452071          1.00   0.00  0.00  0.00  0.00  1.00  0.00  0.00  0.99  0.00
  N191>N595               1.00   0.00  0.00  0.00  0.00  1.00  0.00  0.00  0.97  0.00
  N596>MH4451516          1.00   0.00  0.00  0.00  0.00  1.00  0.00  0.00  0.99  0.00
  N560>N145               1.00   0.00  0.00  0.00  0.99  0.01  0.00  0.00  1.00  0.00
  N597>N246               1.00   0.00  0.00  0.00  1.00  0.00  0.00  0.00  1.00  0.00
  MH4449118>MH4448345     1.00   0.00  0.00  0.00  0.99  0.01  0.00  0.00  0.99  0.00
  MH4447394>N599          1.00   0.00  0.00  0.00  1.00  0.00  0.00  0.00  0.98  0.00
  N405>N600               1.00   0.00  0.00  0.00  0.00  0.00  0.00  1.00  0.00  0.00
  MH4454876>N375          1.00   0.00  0.00  0.00  0.00  1.00  0.00  0.00  1.00  0.00
  N231>MH4455429          1.00   0.00  0.00  0.00  0.00  1.00  0.00  0.00  0.00  0.00
  MH4450554>MH4450449     1.00   0.00  0.00  0.00  0.00  0.00  0.00  1.00  0.00  0.00
  MH4448762>N605          1.00   0.00  0.00  0.00  1.00  0.00  0.00  0.00  0.98  0.00
  MH1632398>OUT           1.00   0.00  0.00  0.00  0.00  1.00  0.00  0.00  0.85  0.00
  N607>MH4454901          1.00   0.00  0.00  0.00  0.00  0.00  0.00  1.00  0.00  0.00
  N609>N610               1.00   0.00  0.00  0.00  0.00  1.00  0.00  0.00  0.98  0.00
  N15>N611                1.00   0.00  0.00  0.00  0.99  0.01  0.00  0.00  1.00  0.00
  N612>MH1624202          1.00   0.00  0.00  0.00  0.00  0.00  0.00  1.00  0.00  0.00
  N614>MH1629073          1.00   0.00  0.00  0.00  0.00  1.00  0.00  0.00  1.00  0.00
  N615>N585               1.00   0.00  0.00  0.00  0.00  1.00  0.00  0.00  1.00  0.00
  N31>MH4454901           1.00   0.00  0.00  0.00  0.00  1.00  0.00  0.00  1.00  0.00
  MH4429503>N319          1.00   0.00  0.00  0.00  1.00  0.00  0.00  0.00  0.00  0.00
  MH4428524>N553          1.00   0.00  0.00  0.00  0.00  1.00  0.00  0.00  0.99  0.00
  N616>MH4454195          1.00   0.00  0.00  0.00  1.00  0.00  0.00  0.00  1.00  0.00
  MH4453512>N618          1.00   0.00  0.00  0.00  1.00  0.00  0.00  0.00  0.98  0.00
  N530>MH4450449          1.00   0.00  0.00  0.00  0.98  0.00  0.00  0.02  0.00  0.00
  N619>MH4499632          1.00   0.00  0.00  0.00  0.00  0.00  0.00  1.00  0.00  0.00
  N260>N620               1.00   0.00  0.00  0.00  0.99  0.01  0.00  0.00  0.99  0.00
  N211>MH1631057          1.00   0.00  0.00  0.00  1.00  0.00  0.00  0.00  0.00  0.00
  N621>MH1626450          1.00   0.00  0.00  0.00  0.00  1.00  0.00  0.00  0.99  0.00
  N623>MH1626578          1.00   0.00  0.00  0.00  1.00  0.00  0.00  0.00  1.00  0.00
  N625>N626               1.00   0.00  0.00  0.00  0.00  1.00  0.00  0.00  1.00  0.00
  MH4429411>MH4429136     1.00   0.00  0.00  0.00  1.00  0.00  0.00  0.00  1.00  0.00
  N276>MH4501851          1.00   0.00  0.00  0.00  1.00  0.00  0.00  0.00  0.99  0.00
  N630>N631               1.00   0.00  0.00  0.00  1.00  0.00  0.00  0.00  1.00  0.00
  N632>MH4452538          1.00   0.00  0.00  0.00  0.00  1.00  0.00  0.00  0.99  0.00
  N633>N232               1.00   0.00  0.00  0.00  0.00  1.00  0.00  0.00  1.00  0.00
  N634>N488               1.00   0.00  0.00  0.00  0.00  1.00  0.00  0.00  1.00  0.00
  N554>MH4429019          1.00   0.00  0.00  0.00  0.00  0.00  0.00  1.00  0.00  0.00
  MH1790845>MH4456372     1.00   0.00  0.00  0.00  0.00  0.00  0.00  1.00  0.00  0.00
  MH5216010>N353          1.00   0.00  0.00  0.00  0.00  1.00  0.00  0.00  1.00  0.00
  N640>N8                 1.00   0.00  0.00  0.00  0.00  1.00  0.00  0.00  1.00  0.00
  MH4498407>MH4498454     1.00   0.00  0.00  0.00  0.01  0.99  0.00  0.00  1.00  0.00
  N324>N482               1.00   0.00  0.00  0.00  0.00  1.00  0.00  0.00  0.99  0.00
  N642>MH4453748          1.00   0.00  0.00  0.00  1.00  0.00  0.00  0.00  1.00  0.00
  N644>MH4429136          1.00   0.00  0.00  0.00  0.00  1.00  0.00  0.00  0.75  0.00
  N645>N339               1.00   0.00  0.00  0.00  1.00  0.00  0.00  0.00  0.99  0.00
  N124>MH4429312          1.00   0.00  0.00  0.00  0.97  0.01  0.00  0.01  0.99  0.00
  N646>MH4452632          1.00   0.00  0.00  0.00  0.00  0.00  0.00  1.00  0.00  0.00
  N647>MH4427312          1.00   0.00  0.00  0.00  0.00  0.00  0.00  1.00  0.00  0.00
  N649>MH4450922          1.00   0.00  0.00  0.00  0.96  0.00  0.00  0.04  0.02  0.00
  MH4449103>MH4449173     1.00   0.00  0.00  0.00  0.99  0.01  0.00  0.00  0.01  0.00
  MH4446883>MH4429656     1.00   0.00  0.00  0.00  1.00  0.00  0.00  0.00  0.99  0.00
  N318>N83                1.00   0.00  0.00  0.00  1.00  0.00  0.00  0.00  1.00  0.00
  N650>N28                1.00   0.00  0.00  0.00  0.00  1.00  0.00  0.00  1.00  0.00
  N552>MH4449704          1.00   0.00  0.00  0.00  1.00  0.00  0.00  0.00  1.00  0.00
  MH4455909>N499          1.00   0.00  0.00  0.00  1.00  0.00  0.00  0.00  0.76  0.00
  MH4451113>N652          1.00   0.00  0.00  0.00  0.00  1.00  0.00  0.00  1.00  0.00
  MH4450100>MH4450180     1.00   0.00  0.00  0.00  0.00  0.00  0.00  1.00  0.00  0.00
  N655>N656               1.00   0.00  0.00  0.00  0.00  1.00  0.00  0.00  1.00  0.00
  N599>MH4448345          1.00   0.00  0.00  0.00  1.00  0.00  0.00  0.00  0.00  0.00
  MH4429323>N658          1.00   0.00  0.00  0.00  1.00  0.00  0.00  0.00  1.00  0.00
  N659>N660               1.00   0.00  0.00  0.00  0.00  1.00  0.00  0.00  1.00  0.00
  MH4449920>N137          1.00   0.00  0.00  0.00  0.00  1.00  0.00  0.00  1.00  0.00
  N662>MH1790382          1.00   0.00  0.00  0.00  1.00  0.00  0.00  0.00  0.99  0.00
  N664>N665               1.00   0.00  0.00  0.00  1.00  0.00  0.00  0.00  1.00  0.00
  N666>MH4455602          1.00   0.00  0.00  0.00  0.00  1.00  0.00  0.00  0.00  0.00
  N668>MH4452902          1.00   0.00  0.00  0.00  0.00  1.00  0.00  0.00  1.00  0.00
  MH4429471>MH4447128     1.00   0.00  0.00  0.00  0.00  0.00  0.00  1.00  0.00  0.00
  N271>MH4455121          1.00   0.00  0.00  0.00  1.00  0.00  0.00  0.00  0.01  0.00
  N670>MH4451886          1.00   0.00  0.00  0.00  0.97  0.00  0.00  0.03  0.97  0.00
  N672>MH4499417          1.00   0.00  0.00  0.00  0.00  0.00  0.00  1.00  0.00  0.00
  N673>N674               1.00   0.00  0.00  0.00  0.00  1.00  0.00  0.00  1.00  0.00
  N675>MH4447394          1.00   0.00  0.00  0.00  0.99  0.00  0.00  0.01  0.99  0.00
  N676>MH4447128          1.00   0.00  0.00  0.00  1.00  0.00  0.00  0.00  1.00  0.00
  MH4501851>MH4501866     1.00   0.00  0.00  0.00  1.00  0.00  0.00  0.00  0.01  0.00
  N677>MH4450802          1.00   0.00  0.00  0.00  0.00  1.00  0.00  0.00  0.99  0.00
  N281>MH4449920          1.00   0.00  0.00  0.00  0.00  1.00  0.00  0.00  0.99  0.00
  MH4447506>N261          1.00   0.00  0.00  0.00  1.00  0.00  0.00  0.00  1.00  0.00
  MH4428245>MH4428606     1.00   0.00  0.00  0.00  0.00  1.00  0.00  0.00  1.00  0.00
  N43>MH4429499           1.00   0.00  0.00  0.00  0.99  0.01  0.00  0.00  0.99  0.00
  MH4447643>MH4447691     1.00   0.00  0.00  0.00  1.00  0.00  0.00  0.00  0.01  0.00
  N683>N280               1.00   0.00  0.00  0.00  0.00  1.00  0.00  0.00  1.00  0.00
  MH4446824>N180          1.00   0.00  0.00  0.00  0.00  1.00  0.00  0.00  0.99  0.00
  MH4447602>MH4429645     1.00   0.00  0.00  0.00  0.00  0.00  0.00  1.00  0.00  0.00
  MH4453770>N615          1.00   0.00  0.00  0.00  1.00  0.00  0.00  0.00  0.00  0.00
  N489>MH4449485          1.00   0.00  0.00  0.00  1.00  0.00  0.00  0.00  1.00  0.00
  N685>N686               1.00   0.00  0.00  0.00  0.00  1.00  0.00  0.00  0.00  0.00
  MH4429499>N578          1.00   0.00  0.00  0.00  1.00  0.00  0.00  0.00  0.99  0.00
  N687>N688               1.00   0.00  0.00  0.00  0.00  1.00  0.00  0.00  1.00  0.00
  N150>MH4500902          1.00   0.00  0.00  0.00  0.00  1.00  0.00  0.00  1.00  0.00
  MH5233531>N690          1.00   0.00  0.00  0.00  0.00  1.00  0.00  0.00  0.99  0.00
  N691>MH4448762          1.00   0.00  0.00  0.00  1.00  0.00  0.00  0.00  0.99  0.00
  N652>N692               1.00   0.00  0.00  0.00  0.00  1.00  0.00  0.00  0.99  0.00
  N693>N675               1.00   0.00  0.00  0.00  0.00  1.00  0.00  0.00  0.98  0.00
  MH4456468>N694          1.00   0.00  0.00  0.00  1.00  0.00  0.00  0.00  1.00  0.00
  N695>MH4428146          1.00   0.00  0.00  0.00  0.00  1.00  0.00  0.00  1.00  0.00
  N698>N699               1.00   0.00  0.00  0.00  1.00  0.00  0.00  0.00  1.00  0.00
  N700>MH4428096          1.00   0.00  0.00  0.00  0.99  0.01  0.00  0.00  0.99  0.00
  N702>MH4450167          1.00   0.00  0.00  0.00  0.00  0.00  0.00  1.00  0.00  0.00
  N704>N705               1.00   0.00  0.00  0.00  0.00  1.00  0.00  0.00  0.99  0.00
  N706>MH5118586          1.00   0.00  0.00  0.00  0.00  0.00  0.00  1.00  0.00  0.00
  MH1630330>MH1630926     1.00   0.00  0.00  0.00  1.00  0.00  0.00  0.00  0.98  0.00
  MH4500043>N434          1.00   0.00  0.00  0.00  0.00  1.00  0.00  0.00  0.99  0.00
  N229>N128               1.00   0.00  0.00  0.00  0.99  0.01  0.00  0.00  1.00  0.00
  MH4454993>MH5233531     1.00   0.00  0.00  0.00  0.00  1.00  0.00  0.00  0.99  0.00
  MH4455762>N270          1.00   0.00  0.01  0.00  0.99  0.00  0.00  0.00  0.99  0.00
  N711>MH4448853          1.00   0.00  0.00  0.00  1.00  0.00  0.00  0.00  0.98  0.00
  MH1626450>MH4501544     1.00   0.00  0.00  0.00  0.94  0.00  0.00  0.06  0.94  0.00
  N713>MH4456551          1.00   0.00  0.00  0.00  0.99  0.01  0.00  0.00  1.00  0.00
  N714>MH4454490          1.00   0.00  0.00  0.00  0.00  1.00  0.00  0.00  1.00  0.00
  N715>MH4454195          1.00   0.00  0.00  0.00  0.00  0.00  0.00  1.00  0.00  0.00
  N716>MH4450077          1.00   0.00  0.00  0.00  0.99  0.01  0.00  0.00  1.00  0.00
  MH4453133>N717          1.00   0.00  0.00  0.00  1.00  0.00  0.00  0.00  0.01  0.00
  N411>MH1629888          1.00   0.00  0.00  0.00  0.98  0.02  0.00  0.00  0.99  0.00
  N719>MH1626578          1.00   0.00  0.00  0.00  1.00  0.00  0.00  0.00  0.99  0.00
  N720>N18                1.00   0.00  0.00  0.00  1.00  0.00  0.00  0.00  1.00  0.00
  MH4427714>N722          1.00   0.00  0.00  0.00  0.00  1.00  0.00  0.00  1.00  0.00
  N723>MH4450314          1.00   0.00  0.00  0.00  0.00  1.00  0.00  0.00  1.00  0.00
  MH4450332>MH4450167     1.00   0.00  0.00  0.00  1.00  0.00  0.00  0.00  1.00  0.00
  N725>MH4498407          1.00   0.00  0.00  0.00  0.00  1.00  0.00  0.00  0.00  0.00
  N717>N53                1.00   0.00  0.00  0.00  1.00  0.00  0.00  0.00  0.98  0.00
  N453>N458               1.00   0.00  0.00  0.00  0.00  1.00  0.00  0.00  0.98  0.00
  N492>MH4427714          1.00   0.00  0.00  0.00  0.00  1.00  0.00  0.00  1.00  0.00
  N726>N727               1.00   0.00  0.00  0.00  0.00  1.00  0.00  0.00  0.99  0.00
  N728>MH1623725          1.00   0.00  0.00  0.00  1.00  0.00  0.00  0.00  1.00  0.00
  MH4450167>MH4449849     1.00   0.00  0.00  0.00  0.99  0.01  0.00  0.00  0.98  0.00
  N729>MH4452952          1.00   0.00  0.00  0.00  1.00  0.00  0.00  0.00  1.00  0.00
  N247>MH1629194          1.00   0.00  0.00  0.00  0.90  0.00  0.00  0.10  0.89  0.00
  N250>N206               1.00   0.00  0.00  0.00  1.00  0.00  0.00  0.00  0.01  0.00
  N734>N735               1.00   0.00  0.00  0.00  0.00  1.00  0.00  0.00  1.00  0.00
  MH4449510>N625          1.00   0.00  0.00  0.00  0.00  1.00  0.00  0.00  0.99  0.00
  N736>MH4449913          1.00   0.00  0.00  0.00  0.00  0.00  0.00  1.00  0.00  0.00
  N737>N738               1.00   0.00  0.00  0.00  0.01  0.99  0.00  0.00  0.98  0.00
  MH4450581>N649          1.00   0.00  0.00  0.00  0.99  0.01  0.00  0.00  0.09  0.00
  N472>MH4455780          1.00   0.00  0.00  0.00  0.00  0.00  0.00  1.00  0.00  0.00
  N741>MH4426188          1.00   0.00  0.00  0.00  0.00  1.00  0.00  0.00  1.00  0.00
  N327>MH4429312          1.00   0.00  0.00  0.00  0.01  0.99  0.00  0.00  0.99  0.00
  N515>MH4426979          1.00   0.00  0.00  0.00  0.00  1.00  0.00  0.00  1.00  0.00
  N745>MH4455191          1.00   0.00  0.00  0.00  0.01  0.99  0.00  0.00  0.00  0.00
  MH4454312>N748          1.00   0.00  0.00  0.00  0.00  1.00  0.00  0.00  1.00  0.00
  N749>MH4455121          1.00   0.00  0.00  0.00  1.00  0.00  0.00  0.00  0.02  0.00
  N750>N700               1.00   0.00  0.00  0.00  0.00  1.00  0.00  0.00  0.99  0.00
  N751>MH4427849          1.00   0.00  0.00  0.00  1.00  0.00  0.00  0.00  1.00  0.00
  N753>MH4452994          1.00   0.00  0.00  0.00  0.00  1.00  0.00  0.00  1.00  0.00
  N754>N34                1.00   0.00  0.00  0.00  1.00  0.00  0.00  0.00  0.99  0.00
  N755>MH4453970          1.00   0.00  0.00  0.00  1.00  0.00  0.00  0.00  0.00  0.00
  N756>MH1625959          1.00   0.00  0.00  0.00  0.00  0.00  0.00  1.00  0.00  0.00
  N427>N758               1.00   0.00  0.00  0.00  0.00  1.00  0.00  0.00  0.98  0.00
  N275>MH4427309          1.00   0.00  0.00  0.00  0.00  1.00  0.00  0.00  1.00  0.00
  N762>MH4447369          1.00   0.00  0.00  0.00  1.00  0.00  0.00  0.00  1.00  0.00
  MH5241467>N691          1.00   0.00  0.00  0.00  1.00  0.00  0.00  0.00  1.00  0.00
  MH4452977>N763          1.00   0.00  0.00  0.00  1.00  0.00  0.00  0.00  1.00  0.00
  N764>MH4429323          1.00   0.00  0.00  0.00  0.99  0.01  0.00  0.00  0.99  0.00
  MH4498291>MH4498454     1.00   0.00  0.00  0.00  0.00  0.00  0.00  1.00  0.00  0.00
  MH4453748>N766          1.00   0.00  0.00  0.00  1.00  0.00  0.00  0.00  1.00  0.00
  MH5164627>N630          1.00   0.00  0.00  0.00  1.00  0.00  0.00  0.00  1.00  0.00
  MH4452724>N768          1.00   0.00  0.00  0.00  1.00  0.00  0.00  0.00  1.00  0.00
  MH4453850>MH4454009     1.00   0.00  0.00  0.00  1.00  0.00  0.00  0.00  0.99  0.00
  N234>N771               1.00   0.00  0.00  0.00  0.00  1.00  0.00  0.00  0.99  0.00
  N772>MH4453031          1.00   0.00  0.00  0.00  1.00  0.00  0.00  0.00  1.00  0.00
  MH1626189>N47           1.00   0.00  0.00  0.00  1.00  0.00  0.00  0.00  0.00  0.00
  N777>N778               1.00   0.00  0.00  0.00  0.00  1.00  0.00  0.00  1.00  0.00
  N779>MH4428606          1.00   0.00  0.00  0.00  0.00  0.00  0.00  1.00  0.00  0.00
  MH4456551>N609          1.00   0.00  0.00  0.00  0.00  1.00  0.00  0.00  0.98  0.00
  N205>N780               1.00   0.00  0.00  0.00  0.00  1.00  0.00  0.00  1.00  0.00
  N781>MH4449118          1.00   0.00  0.00  0.00  0.00  0.00  0.00  1.00  0.00  0.00
  N391>MH4499059          1.00   0.00  0.00  0.00  0.00  1.00  0.00  0.00  1.00  0.00
  N783>N337               1.00   0.00  0.00  0.00  0.00  1.00  0.00  0.00  0.99  0.00
  MH4451673>MH4451871     1.00   0.00  0.00  0.00  1.00  0.00  0.00  0.00  0.99  0.00
  N460>MH4429357          1.00   0.00  0.00  0.00  1.00  0.00  0.00  0.00  0.99  0.00
  MH4454901>N714          1.00   0.00  0.00  0.00  0.00  1.00  0.00  0.00  1.00  0.00
  N363>N446               1.00   0.00  0.00  0.00  1.00  0.00  0.00  0.00  1.00  0.00
  N787>MH4451945          1.00   0.00  0.00  0.00  0.00  1.00  0.00  0.00  0.99  0.00
  N788>MH5241467          1.00   0.00  0.00  0.00  0.00  0.00  0.00  1.00  0.00  0.00
  N789>N670               1.00   0.00  0.00  0.00  0.99  0.01  0.00  0.00  1.00  0.00
  MH4447346>N198          1.00   0.00  0.00  0.00  1.00  0.00  0.00  0.00  1.00  0.00
  MH4455602>MH4455780     1.00   0.00  0.00  0.00  0.00  1.00  0.00  0.00  1.00  0.00
  N501>N791               1.00   0.00  0.00  0.00  0.00  1.00  0.00  0.00  1.00  0.00
  MH4450314>N792          1.00   0.00  0.00  0.00  0.00  1.00  0.00  0.00  1.00  0.00
  MH4427659>X570          1.00   0.00  0.00  0.00  0.00  1.00  0.00  0.00  1.00  0.00
  MH4454376>N794          1.00   0.00  0.00  0.00  1.00  0.00  0.00  0.00  0.01  0.00
  N795>MH4447506          1.00   0.00  0.00  0.00  0.99  0.01  0.00  0.00  1.00  0.00
  MH4450193>MH4450378     1.00   0.00  0.00  0.00  1.00  0.00  0.00  0.00  0.98  0.00
  N796>MH4499059          1.00   0.00  0.00  0.00  0.00  0.00  0.00  1.00  0.00  0.00
  N563>MH4428836          1.00   0.00  0.00  0.00  0.00  0.00  0.00  1.00  0.00  0.00
  MH4428026>N566          1.00   0.00  0.00  0.00  0.00  1.00  0.00  0.00  0.99  0.00
  MH1626578>N89           1.00   0.00  0.00  0.00  1.00  0.00  0.00  0.00  1.00  0.00
  N269>MH4456532          1.00   0.00  0.00  0.00  0.00  1.00  0.00  0.00  1.00  0.00
  N279>MH4454657          1.00   0.00  0.00  0.00  0.99  0.01  0.00  0.00  0.99  0.00
  MH4453098>N798          1.00   0.00  0.00  0.00  1.00  0.00  0.00  0.00  0.01  0.00
  N799>MH4428836          1.00   0.00  0.00  0.00  0.00  0.00  0.00  1.00  0.00  0.00
  MH4502097>MH4502186     1.00   0.00  0.00  0.00  1.00  0.00  0.00  0.00  0.03  0.00
  MH4499323>N783          1.00   0.00  0.00  0.00  0.00  1.00  0.00  0.00  1.00  0.00
  N778>MH4456108          1.00   0.00  0.00  0.00  0.00  0.00  0.00  1.00  0.00  0.00
  N801>N612               1.00   0.00  0.00  0.00  0.00  1.00  0.00  0.00  0.99  0.00
  N804>MH1626189          1.00   0.00  0.00  0.00  1.00  0.00  0.00  0.00  0.91  0.00
  MH4500625>N806          1.00   0.00  0.00  0.00  1.00  0.00  0.00  0.00  0.99  0.00
  MH4499048>N807          1.00   0.00  0.00  0.00  0.00  1.00  0.00  0.00  1.00  0.00
  N808>N809               1.00   0.00  0.00  0.00  1.00  0.00  0.00  0.00  1.00  0.00
  N611>MH4454411          1.00   0.00  0.00  0.00  0.00  0.00  0.00  1.00  0.00  0.00
  MH4429420>N296          1.00   0.00  0.00  0.00  0.00  1.00  0.00  0.00  1.00  0.00
  MH4449330>N683          1.00   0.00  0.00  0.00  0.00  1.00  0.00  0.00  1.00  0.00
  N811>MH4451143          1.00   0.00  0.00  0.00  0.00  0.00  0.00  1.00  0.00  0.00
  MH4455516>N567          1.00   0.00  0.00  0.00  1.00  0.00  0.00  0.00  0.99  0.00
  N294>N814               1.00   0.00  0.00  0.00  0.00  1.00  0.00  0.00  1.00  0.00
  MH4455429>N650          1.00   0.00  0.00  0.00  0.00  1.00  0.00  0.00  1.00  0.00
  N815>MH4452081          1.00   0.00  0.00  0.00  0.00  1.00  0.00  0.00  0.00  0.00
  MH4454009>MH4454195     1.00   0.00  0.00  0.00  0.00  0.00  0.00  1.00  0.00  0.00
  N816>MH4428797          1.00   0.00  0.00  0.00  0.00  1.00  0.00  0.00  1.00  0.00
  N817>MH4450396          1.00   0.00  0.00  0.00  1.00  0.00  0.00  0.00  1.00  0.00
  MH4447691>N819          1.00   0.00  0.00  0.00  1.00  0.00  0.00  0.00  0.01  0.00
  MH4499059>N619          1.00   0.00  0.00  0.00  0.00  1.00  0.00  0.00  0.98  0.00
  MH4499406>MH4499729     1.00   0.00  0.00  0.00  0.00  1.00  0.00  0.00  0.98  0.00
  N101>MH4456777          1.00   0.00  0.00  0.00  0.00  1.00  0.00  0.00  0.98  0.00
  N792>N822               1.00   0.00  0.00  0.00  0.00  1.00  0.00  0.00  1.00  0.00
  N823>MH4428638          1.00   0.00  0.00  0.00  1.00  0.00  0.00  0.00  1.00  0.00
  MH4428426>N816          1.00   0.00  0.00  0.00  0.00  1.00  0.00  0.00  1.00  0.00
  MH8707824>N827          1.00   0.00  0.00  0.00  0.00  1.00  0.00  0.00  1.00  0.00
  MH4452397>N632          1.00   0.00  0.00  0.00  0.00  1.00  0.00  0.00  1.00  0.00
  N828>N408               1.00   0.00  0.00  0.00  1.00  0.00  0.00  0.00  0.98  0.00
  N829>MH4449882          1.00   0.00  0.00  0.00  1.00  0.00  0.00  0.00  1.00  0.00
  N830>MH4454398          1.00   0.00  0.00  0.00  0.00  0.00  0.00  1.00  0.00  0.00
  N832>MH4452952          1.00   0.00  0.00  0.00  0.00  1.00  0.00  0.00  1.00  0.00
  MH4450211>N833          1.00   0.00  0.00  0.00  0.00  1.00  0.00  0.00  1.00  0.00
  N834>MH4453185          1.00   0.00  0.00  0.00  0.99  0.01  0.00  0.00  0.99  0.00
  N836>MH4452721          1.00   0.00  0.00  0.00  0.00  0.00  0.00  1.00  0.00  0.00
  N837>N616               1.00   0.00  0.00  0.00  1.00  0.00  0.00  0.00  1.00  0.00
  N838>N772               1.00   0.00  0.00  0.00  0.00  1.00  0.00  0.00  1.00  0.00
  N839>N840               1.00   0.00  0.00  0.00  1.00  0.00  0.00  0.00  1.00  0.00
  N224>N706               1.00   0.00  0.00  0.00  0.00  1.00  0.00  0.00  0.99  0.00
  N674>MH4450847          1.00   0.00  0.00  0.00  0.00  1.00  0.00  0.00  0.99  0.00
  MH4429544>MH4429656     1.00   0.00  0.00  0.00  0.00  0.00  0.00  1.00  0.00  0.00
  N842>MH4428583          1.00   0.00  0.00  0.00  0.00  1.00  0.00  0.00  1.00  0.00
  N845>MH4455943          1.00   0.00  0.00  0.00  0.99  0.01  0.00  0.00  0.99  0.00
  MH4453047>N49           1.00   0.00  0.00  0.00  0.00  1.00  0.00  0.00  1.00  0.00
  N768>N847               1.00   0.00  0.00  0.00  0.99  0.01  0.00  0.00  0.99  0.00
  MH4426728>N447          1.00   0.00  0.00  0.00  1.00  0.00  0.00  0.00  1.00  0.00
  N849>MH4450180          1.00   0.00  0.00  0.00  1.00  0.00  0.00  0.00  1.00  0.00
  MH4427425>MH4427741     1.00   0.00  0.00  0.00  0.00  0.00  0.00  1.00  0.00  0.00
  N763>N851               1.00   0.00  0.00  0.00  1.00  0.00  0.00  0.00  1.00  0.00
  MH1790382>N244          1.00   0.00  0.00  0.00  1.00  0.00  0.00  0.00  1.00  0.00
  N158>N210               1.00   0.00  0.00  0.00  1.00  0.00  0.00  0.00  0.01  0.00
  MH4451531>MH4451759     1.00   0.00  0.00  0.00  0.00  1.00  0.00  0.00  0.00  0.00
  N419>MH4451207          1.00   0.00  0.00  0.00  0.98  0.00  0.00  0.02  0.01  0.00
  MH4429320>N853          1.00   0.00  0.00  0.00  1.00  0.00  0.00  0.00  1.00  0.00
  N332>MH1627084          1.00   0.00  0.00  0.00  0.99  0.01  0.00  0.00  1.00  0.00
  N854>N228               1.00   0.00  0.00  0.00  1.00  0.00  0.00  0.00  1.00  0.00
  N855>MH4500254          1.00   0.00  0.00  0.00  0.99  0.01  0.00  0.00  1.00  0.00
  N533>MH1623974          1.00   0.00  0.00  0.00  1.00  0.00  0.00  0.00  1.00  0.00
  MH4449485>MH4449510     1.00   0.00  0.00  0.00  0.00  0.00  0.00  1.00  0.00  0.00
  N209>MH4452541          1.00   0.00  0.00  0.00  0.00  1.00  0.00  0.00  0.98  0.00
  N64>MH4453098           1.00   0.00  0.00  0.00  0.96  0.00  0.00  0.04  0.96  0.00
  N536>MH4450391          1.00   0.00  0.00  0.00  1.00  0.00  0.00  0.00  1.00  0.00
  MH4454640>N745          1.00   0.00  0.00  0.00  0.99  0.01  0.00  0.00  0.99  0.00
  N857>MH4427688          1.00   0.00  0.00  0.00  0.00  1.00  0.00  0.00  1.00  0.00
  N858>MH4426728          1.00   0.00  0.00  0.00  0.00  0.00  0.00  1.00  0.00  0.00
  MH1624494>N534          1.00   0.00  0.00  0.00  1.00  0.00  0.00  0.00  0.99  0.00
  N738>MH4449796          1.00   0.00  0.00  0.00  1.00  0.00  0.00  0.00  1.00  0.00
  N862>N863               1.00   0.00  0.00  0.00  1.00  0.00  0.00  0.00  1.00  0.00
  N865>N753               1.00   0.00  0.00  0.00  0.00  1.00  0.00  0.00  0.99  0.00
  MH4450269>N133          1.00   0.00  0.00  0.00  0.00  1.00  0.00  0.00  1.00  0.00
  MH4447355>MH4448029     1.00   0.00  0.00  0.00  0.00  0.00  0.00  1.00  0.00  0.00
  N869>N865               1.00   0.00  0.00  0.00  0.00  1.00  0.00  0.00  0.00  0.00
  MH4452680>MH4453098     1.00   0.00  0.00  0.00  1.00  0.00  0.00  0.00  0.03  0.00
  MH4428268>N870          1.00   0.00  0.00  0.00  0.00  1.00  0.00  0.00  0.99  0.00
  N871>N401               1.00   0.00  0.00  0.00  1.00  0.00  0.00  0.00  0.97  0.00
  N873>N874               1.00   0.00  0.00  0.00  1.00  0.00  0.00  0.00  1.00  0.00
  MH4428146>N842          1.00   0.00  0.00  0.00  0.00  1.00  0.00  0.00  1.00  0.00
  MH4428800>MH4428606     1.00   0.00  0.00  0.00  0.00  0.00  0.00  1.00  0.00  0.00
  N694>N875               1.00   0.00  0.00  0.00  1.00  0.00  0.00  0.00  1.00  0.00
  MH4452462>N877          1.00   0.00  0.00  0.00  1.00  0.00  0.00  0.00  0.98  0.00
  N878>MH4448626          1.00   0.00  0.00  0.00  0.00  1.00  0.00  0.00  0.99  0.00
  MH1629194>N158          1.00   0.00  0.00  0.00  1.00  0.00  0.00  0.00  0.02  0.00
  N97>MH4449785           1.00   0.00  0.00  0.00  0.00  0.00  0.00  1.00  0.00  0.00
  N722>MH4428137          1.00   0.00  0.00  0.00  0.00  1.00  0.00  0.00  0.99  0.00
  MH1630702>MH1630330     1.00   0.00  0.00  0.00  0.98  0.00  0.00  0.02  0.97  0.00
  MH4451823>N183          1.00   0.00  0.00  0.00  0.00  1.00  0.00  0.00  0.00  0.00
  N886>MH4447684          1.00   0.00  0.00  0.00  0.00  1.00  0.00  0.00  0.00  0.00
  N887>MH4501201          1.00   0.00  0.00  0.00  0.00  1.00  0.00  0.00  0.99  0.00
  N116>N888               1.00   0.00  0.00  0.00  1.00  0.00  0.00  0.00  0.97  0.00
  N890>MH4454640          1.00   0.00  0.00  0.00  0.00  0.00  0.00  1.00  0.00  0.00
  MH4454116>MH4454376     1.00   0.00  0.00  0.00  1.00  0.00  0.00  0.00  0.08  0.00
  MH4428765>MH4428713     1.00   0.00  0.00  0.00  0.00  0.00  0.00  1.00  0.00  0.00
  MH4428797>MH4429013     1.00   0.00  0.00  0.00  0.00  0.00  0.00  1.00  0.00  0.00
  N892>MH4449083          1.00   0.00  0.00  0.00  1.00  0.00  0.00  0.00  1.00  0.00
  MH1627682>N597          1.00   0.00  0.00  0.00  1.00  0.00  0.00  0.00  1.00  0.00
  N893>N804               1.00   0.00  0.00  0.00  1.00  0.00  0.00  0.00  0.01  0.00
  MH4451092>N596          1.00   0.00  0.00  0.00  0.00  1.00  0.00  0.00  0.99  0.00
  N894>MH4451468          1.00   0.00  0.00  0.00  1.00  0.00  0.00  0.00  0.99  0.00
  N197>MH4450193          1.00   0.00  0.00  0.00  1.00  0.00  0.00  0.00  0.97  0.00
  N895>MH4452110          1.00   0.00  0.00  0.00  1.00  0.00  0.00  0.00  1.00  0.00
  N658>MH4428968          1.00   0.00  0.00  0.00  1.00  0.00  0.00  0.00  0.99  0.00
  N122>MH4500043          1.00   0.00  0.00  0.00  0.01  0.99  0.00  0.00  0.00  0.00
  N322>MH4455909          1.00   0.00  0.00  0.00  0.94  0.00  0.00  0.06  0.94  0.00
  N863>MH4428836          1.00   0.00  0.00  0.00  1.00  0.00  0.00  0.00  1.00  0.00
  N595>MH4500689          1.00   0.00  0.00  0.00  1.00  0.00  0.00  0.00  1.00  0.00
  N899>N666               1.00   0.00  0.00  0.00  0.00  1.00  0.00  0.00  1.00  0.00
  MH4452952>MH4452980     1.00   0.00  0.00  0.00  0.00  0.00  0.00  1.00  0.00  0.00
  MH4452110>MH4452032     1.00   0.00  0.00  0.00  0.00  0.00  0.00  1.00  0.00  0.00
  MH4500902>N887          1.00   0.00  0.00  0.00  0.00  1.00  0.00  0.00  0.98  0.00
  N382>N389               1.00   0.00  0.00  0.00  0.00  1.00  0.00  0.00  0.99  0.00
  MH1623436>N372          1.00   0.00  0.00  0.00  0.00  1.00  0.00  0.00  1.00  0.00
  N142>N139               1.00   0.00  0.00  0.00  1.00  0.00  0.00  0.00  0.99  0.00
  MH4427741>N113          1.00   0.00  0.00  0.00  0.00  1.00  0.00  0.00  1.00  0.00
  MH4454395>MH4454718     1.00   0.00  0.00  0.00  0.00  0.00  0.00  1.00  0.00  0.00
  MH4428096>N143          1.00   0.00  0.00  0.00  1.00  0.00  0.00  0.00  0.99  0.00
  MH4426673>X902          1.00   0.00  0.00  0.00  0.00  1.00  0.00  0.00  0.00  0.00
  N903>MH4500625          1.00   0.00  0.00  0.00  1.00  0.00  0.00  0.00  1.00  0.00
  MH1630926>MH1631514     1.00   0.00  0.00  0.00  0.94  0.00  0.00  0.06  0.93  0.00
  N690>N321               1.00   0.00  0.00  0.00  0.00  1.00  0.00  0.00  0.99  0.00
  N699>MH4449485          1.00   0.00  0.00  0.00  0.01  0.99  0.00  0.00  1.00  0.00
  MH4451840>MH4451673     1.00   0.00  0.00  0.00  1.00  0.00  0.00  0.00  1.00  0.00
  MH4449866>N582          1.00   0.00  0.00  0.00  0.00  1.00  0.00  0.00  1.00  0.00
  N771>MH4446824          1.00   0.00  0.00  0.00  0.99  0.01  0.00  0.00  1.00  0.00
  N468>MH4427312          1.00   0.00  0.00  0.00  0.99  0.01  0.00  0.00  1.00  0.00
  MH4449011>N906          1.00   0.00  0.00  0.00  1.00  0.00  0.00  0.00  0.97  0.00
  MH4426971>N274          1.00   0.00  0.00  0.00  1.00  0.00  0.00  0.00  1.00  0.00
  MH4452760>N908          1.00   0.00  0.00  0.00  1.00  0.00  0.00  0.00  1.00  0.00
  N909>MH4447668          1.00   0.00  0.00  0.00  0.99  0.00  0.00  0.01  0.00  0.00
  N365>MH4449510          1.00   0.00  0.00  0.00  1.00  0.00  0.00  0.00  1.00  0.00
  N154>MH1625316          1.00   0.00  0.00  0.00  0.99  0.00  0.00  0.01  0.99  0.00
  N853>MH4429471          1.00   0.00  0.00  0.00  0.99  0.01  0.00  0.00  0.99  0.00
  N618>N828               1.00   0.00  0.00  0.00  1.00  0.00  0.00  0.00  0.98  0.00
  N258>MH4448929          1.00   0.00  0.00  0.00  0.00  0.00  0.00  1.00  0.00  0.00
  N660>MH4428713          1.00   0.00  0.00  0.00  0.99  0.01  0.00  0.00  1.00  0.00
  N912>N913               1.00   0.00  0.00  0.00  0.00  1.00  0.00  0.00  1.00  0.00
  N914>MH4429107          1.00   0.00  0.00  0.00  0.99  0.01  0.00  0.00  0.99  0.00
  N915>MH4429499          1.00   0.00  0.00  0.00  1.00  0.00  0.00  0.00  1.00  0.00
  N827>N713               1.00   0.00  0.00  0.00  0.00  1.00  0.00  0.00  0.99  0.00
  MH4449321>N736          1.00   0.00  0.00  0.00  1.00  0.00  0.00  0.00  0.99  0.00
  N916>MH4448392          1.00   0.00  0.00  0.00  1.00  0.00  0.00  0.00  1.00  0.00
  MH4449635>N522          1.00   0.00  0.00  0.00  0.00  1.00  0.00  0.00  0.99  0.00
  MH4448474>N737          1.00   0.00  0.00  0.00  0.01  0.99  0.00  0.00  0.98  0.00
  MH4429086>N184          1.00   0.00  0.00  0.00  0.00  1.00  0.00  0.00  0.99  0.00
  N919>N871               1.00   0.00  0.00  0.00  1.00  0.00  0.00  0.00  0.98  0.00
  N847>MH4453124          1.00   0.00  0.00  0.00  0.00  0.00  0.00  1.00  0.00  0.00
  MH4320244>N569          1.00   0.00  0.00  0.00  1.00  0.00  0.00  0.00  0.98  0.00
  N921>MH4454116          1.00   0.00  0.00  0.00  0.95  0.00  0.00  0.05  0.95  0.00
  N550>N922               1.00   0.00  0.00  0.00  1.00  0.00  0.00  0.00  0.00  0.00
  N314>N923               1.00   0.00  0.00  0.00  0.94  0.06  0.00  0.00  0.94  0.00
  N171>MH4453489          1.00   0.00  0.00  0.00  0.00  0.00  0.00  1.00  0.00  0.00
  MH4447668>N465          1.00   0.00  0.00  0.00  1.00  0.00  0.00  0.00  1.00  0.00
  MH4452071>N869          1.00   0.00  0.00  0.00  0.00  1.00  0.00  0.00  0.99  0.00
  N924>MH4429645          1.00   0.00  0.00  0.00  0.00  1.00  0.00  0.00  1.00  0.00
  MH4455191>N592          1.00   0.00  0.00  0.00  0.00  1.00  0.00  0.00  0.99  0.00
  N925>MH4429420          1.00   0.00  0.00  0.00  0.00  1.00  0.00  0.00  0.99  0.00
  N926>N387               1.00   0.00  0.00  0.00  0.99  0.01  0.00  0.00  0.99  0.00
  N929>N38                1.00   0.00  0.00  0.00  0.99  0.01  0.00  0.00  0.00  0.00
  MH1624202>MH1624494     1.00   0.00  0.00  0.00  1.00  0.00  0.00  0.00  1.00  0.00
  N870>MH4428636          1.00   0.00  0.00  0.00  0.00  1.00  0.00  0.00  1.00  0.00
  MH4450396>N673          1.00   0.00  0.00  0.00  0.00  1.00  0.00  0.00  1.00  0.00
  MH4453185>MH4453098     1.00   0.00  0.00  0.00  0.95  0.00  0.00  0.05  0.95  0.00
  N464>MH4448474          1.00   0.00  0.00  0.00  0.99  0.01  0.00  0.00  1.00  0.00
  MH4447726>N930          1.00   0.00  0.00  0.00  1.00  0.00  0.00  0.00  0.99  0.00
  N931>MH4449704          1.00   0.00  0.00  0.00  0.00  0.00  0.00  1.00  0.00  0.00
  MH4451287>N787          1.00   0.00  0.00  0.00  0.00  1.00  0.00  0.00  0.98  0.00
  MH4453031>N926          1.00   0.00  0.00  0.00  1.00  0.00  0.00  0.00  1.00  0.00
  N888>MH4502186          1.00   0.00  0.00  0.00  0.93  0.00  0.00  0.07  0.92  0.00
  MH4452946>N20           1.00   0.00  0.00  0.00  1.00  0.00  0.00  0.00  0.00  0.00
  N487>N704               1.00   0.00  0.00  0.00  0.00  1.00  0.00  0.00  0.99  0.00
  MH4450920>MH4451113     1.00   0.00  0.00  0.00  0.00  1.00  0.00  0.00  0.00  0.00
  MH4429268>MH4429468     1.00   0.00  0.00  0.00  0.00  0.00  0.00  1.00  0.00  0.00
  N908>MH4452946          1.00   0.00  0.00  0.00  0.99  0.01  0.00  0.00  1.00  0.00
  N573>MH4452071          1.00   0.00  0.00  0.00  0.99  0.01  0.00  0.00  1.00  0.00
  N299>N607               1.00   0.00  0.00  0.00  0.00  1.00  0.00  0.00  0.00  0.00
  N466>MH4429179          1.00   0.00  0.00  0.00  0.00  0.00  0.00  1.00  0.00  0.00
  N938>MH4429019          1.00   0.00  0.00  0.00  0.00  0.00  0.00  1.00  0.00  0.00
  MH4427312>N857          1.00   0.00  0.00  0.00  0.00  1.00  0.00  0.00  1.00  0.00
  N688>N915               1.00   0.00  0.00  0.00  0.00  1.00  0.00  0.00  1.00  0.00
  N939>MH1624202          1.00   0.00  0.00  0.00  1.00  0.00  0.00  0.00  1.00  0.00
  N758>MH4451287          1.00   0.00  0.00  0.00  0.00  1.00  0.00  0.00  1.00  0.00
  N940>MH4449796          1.00   0.00  0.00  0.00  0.99  0.01  0.00  0.00  1.00  0.00
  N267>MH4455813          1.00   0.00  0.00  0.00  0.00  0.00  0.00  1.00  0.00  0.00
  N605>MH4449806          1.00   0.00  0.00  0.00  0.00  0.00  0.00  1.00  0.00  0.00
  MH4426188>N726          1.00   0.00  0.00  0.00  0.00  1.00  0.00  0.00  1.00  0.00
  MH4500689>N941          1.00   0.00  0.00  0.00  1.00  0.00  0.00  0.00  0.98  0.00
  N942>N106               1.00   0.00  0.00  0.00  1.00  0.00  0.00  0.00  0.88  0.00
  MH4451870>MH4452189     1.00   0.00  0.00  0.00  0.96  0.00  0.00  0.04  0.96  0.00
  N589>N944               1.00   0.00  0.00  0.00  0.00  1.00  0.00  0.00  0.98  0.00
  MH4453213>N929          1.00   0.00  0.00  0.00  1.00  0.00  0.00  0.00  0.00  0.00
  N851>MH4452462          1.00   0.00  0.00  0.00  1.00  0.00  0.00  0.00  1.00  0.00
  N930>MH4449103          1.00   0.00  0.00  0.00  0.99  0.01  0.00  0.00  0.99  0.00
  MH4428067>N10           1.00   0.00  0.00  0.00  0.00  1.00  0.00  0.00  1.00  0.00
  N705>MH4453837          1.00   0.00  0.00  0.00  0.00  1.00  0.00  0.00  0.99  0.00
  N187>N544               1.00   0.00  0.00  0.00  0.00  1.00  0.00  0.00  1.00  0.00
  MH4455121>N942          1.00   0.00  0.00  0.00  1.00  0.00  0.00  0.00  0.01  0.00
  MH4451967>MH4452154     1.00   0.00  0.00  0.00  0.00  0.00  0.00  1.00  0.00  0.00
  MH4448813>MH4449503     1.00   0.00  0.00  0.00  1.00  0.00  0.00  0.00  0.99  0.00
  N686>MH4428139          1.00   0.00  0.00  0.00  0.00  0.00  0.00  1.00  0.00  0.00
  N941>N950               1.00   0.00  0.00  0.00  1.00  0.00  0.00  0.00  0.98  0.00
  N951>MH8707824          1.00   0.00  0.00  0.00  1.00  0.00  0.00  0.00  0.00  0.00
  MH4453837>N645          1.00   0.00  0.00  0.00  1.00  0.00  0.00  0.00  0.99  0.00
  N952>MH4453970          1.00   0.00  0.00  0.00  1.00  0.00  0.00  0.00  1.00  0.00
  MH4454125>N755          1.00   0.00  0.00  0.00  1.00  0.00  0.00  0.00  0.00  0.00
  MH4428188>N562          1.00   0.00  0.00  0.00  0.00  1.00  0.00  0.00  1.00  0.00
  MH4454657>N899          1.00   0.00  0.00  0.00  0.00  1.00  0.00  0.00  0.99  0.00
  N510>N925               1.00   0.00  0.00  0.00  0.00  1.00  0.00  0.00  1.00  0.00
  N220>N394               1.00   0.00  0.00  0.00  0.00  1.00  0.00  0.00  0.99  0.00
  MH4428636>N954          1.00   0.00  0.00  0.00  0.00  1.00  0.00  0.00  0.98  0.00
  MH4449778>MH4450137     1.00   0.00  0.00  0.00  0.00  0.00  0.00  1.00  0.00  0.00
  N956>MH4450332          1.00   0.00  0.00  0.00  1.00  0.00  0.00  0.00  1.00  0.00
  MH1629888>MH1630330     1.00   0.00  0.00  0.00  0.00  0.00  0.00  1.00  0.00  0.00
  MH4500422>N600          1.00   0.00  0.00  0.00  0.00  1.00  0.00  0.00  1.00  0.00
  N957>MH4428026          1.00   0.00  0.00  0.00  0.00  0.00  0.00  1.00  0.00  0.00
  N814>N406               1.00   0.00  0.00  0.00  0.00  1.00  0.00  0.00  0.99  0.00
  N877>MH4451886          1.00   0.00  0.00  0.00  0.97  0.00  0.00  0.03  0.02  0.00
  N906>MH4449913          1.00   0.00  0.00  0.00  1.00  0.00  0.00  0.00  0.99  0.00
  N35>MH4320104           1.00   0.00  0.00  0.00  1.00  0.00  0.00  0.00  1.00  0.00
  N959>N345               1.00   0.00  0.00  0.00  1.00  0.00  0.00  0.00  1.00  0.00
  N960>N961               1.00   0.00  0.00  0.00  1.00  0.00  0.00  0.00  1.00  0.00
  N962>MH4451058          1.00   0.00  0.00  0.00  0.00  0.00  0.00  1.00  0.00  0.00
  MH4453788>MH4453850     1.00   0.00  0.00  0.00  1.00  0.00  0.00  0.00  1.00  0.00
  N963>MH4453579          1.00   0.00  0.00  0.00  1.00  0.00  0.00  0.00  0.02  0.00
  N964>MH4429179          1.00   0.00  0.00  0.00  0.00  0.00  0.00  1.00  0.00  0.00
  MH4450847>N216          1.00   0.00  0.00  0.00  0.00  1.00  0.00  0.00  1.00  0.00
  N507>MH4320244          1.00   0.00  0.00  0.00  1.00  0.00  0.00  0.00  0.98  0.00
  MH8963773>MH4447452     1.00   0.00  0.00  0.00  1.00  0.00  0.00  0.00  0.01  0.00
  N966>MH4451516          1.00   0.00  0.00  0.00  0.00  0.00  0.00  1.00  0.00  0.00
  MH4450531>N422          1.00   0.00  0.00  0.00  0.95  0.05  0.00  0.00  0.07  0.00
  N656>MH4447880          1.00   0.00  0.00  0.00  1.00  0.00  0.00  0.00  1.00  0.00
  N954>MH4429013          1.00   0.00  0.00  0.00  0.99  0.01  0.00  0.00  0.99  0.00
  N147>N119               1.00   0.00  0.00  0.00  0.99  0.01  0.00  0.00  1.00  0.00
  N334>MH4452680          1.00   0.00  0.00  0.00  0.96  0.00  0.00  0.04  0.02  0.00
  N967>MH4452011          1.00   0.00  0.00  0.00  1.00  0.00  0.00  0.00  0.07  0.00
  N806>MH4501866          1.00   0.00  0.00  0.00  0.00  0.00  0.00  1.00  0.00  0.00
  N735>N968               1.00   0.00  0.00  0.00  0.00  1.00  0.00  0.00  0.99  0.00
  N346>MH4429179          1.00   0.00  0.00  0.00  1.00  0.00  0.00  0.00  1.00  0.00
  MH4454195>MH4454125     1.00   0.00  0.00  0.00  1.00  0.00  0.00  0.00  1.00  0.00
  MH4447452>N711          1.00   0.00  0.00  0.00  1.00  0.00  0.00  0.00  0.98  0.00
  N791>N486               1.00   0.00  0.00  0.00  0.00  1.00  0.00  0.00  0.99  0.00
  MH4427588>N750          1.00   0.00  0.00  0.00  0.00  1.00  0.00  0.00  0.00  0.00
  MH4448029>N255          1.00   0.00  0.00  0.00  0.00  0.00  0.00  1.00  0.00  0.00
  N913>N886               1.00   0.00  0.00  0.00  0.00  1.00  0.00  0.00  1.00  0.00
  N181>MH4448474          1.00   0.00  0.00  0.00  1.00  0.00  0.00  0.00  1.00  0.00
  N961>N719               1.00   0.00  0.00  0.00  1.00  0.00  0.00  0.00  0.99  0.00
  N970>N971               1.00   0.00  0.00  0.00  1.00  0.00  0.00  0.00  1.00  0.00
  N972>N720               1.00   0.00  0.00  0.00  1.00  0.00  0.00  0.00  1.00  0.00
  MH4428583>N914          1.00   0.00  0.00  0.00  0.99  0.01  0.00  0.00  0.99  0.00
  N809>MH1625395          1.00   0.00  0.00  0.00  1.00  0.00  0.00  0.00  1.00  0.00
  MH4451333>N633          1.00   0.00  0.00  0.00  0.00  1.00  0.00  0.00  1.00  0.00
  N794>N749               1.00   0.00  0.00  0.00  1.00  0.00  0.00  0.00  0.00  0.00
  N840>MH1624017          1.00   0.00  0.00  0.00  0.00  1.00  0.00  0.00  0.99  0.00
  MH4500035>N919          1.00   0.00  0.00  0.00  1.00  0.00  0.00  0.00  0.98  0.00
  N974>MH4452809          1.00   0.00  0.00  0.00  1.00  0.00  0.00  0.00  1.00  0.00
  N975>N976               1.00   0.00  0.00  0.00  1.00  0.00  0.00  0.00  1.00  0.00
  MH4454718>MH4454876     1.00   0.00  0.00  0.00  0.00  1.00  0.00  0.00  0.99  0.00
  N470>N471               1.00   0.00  0.00  0.00  0.01  0.99  0.00  0.00  1.00  0.00
  N50>MH4453553           1.00   0.00  0.00  0.00  0.00  0.00  0.00  1.00  0.00  0.00
  N780>N155               1.00   0.00  0.00  0.00  0.00  1.00  0.00  0.00  0.99  0.00
  MH4451468>MH4452154     1.00   0.00  0.00  0.00  1.00  0.00  0.00  0.00  0.98  0.00
  MH4452632>N967          1.00   0.00  0.00  0.00  1.00  0.00  0.00  0.00  1.00  0.00
  N727>MH4426728          1.00   0.00  0.00  0.00  0.00  0.00  0.00  1.00  0.00  0.00
  N950>MH4501851          1.00   0.00  0.00  0.00  0.00  0.00  0.00  1.00  0.00  0.00
  N600>N149               1.00   0.00  0.00  0.00  0.00  1.00  0.00  0.00  0.98  0.00
  MH1624769>N893          1.00   0.00  0.00  0.00  1.00  0.00  0.00  0.00  0.01  0.00
  N822>N240               1.00   0.00  0.00  0.00  0.00  1.00  0.00  0.00  1.00  0.00
  N766>N921               1.00   0.00  0.00  0.00  1.00  0.00  0.00  0.00  0.99  0.00
  MH1625316>N756          1.00   0.00  0.00  0.00  1.00  0.00  0.00  0.00  0.99  0.00
  MH4426979>N647          1.00   0.00  0.00  0.00  0.00  1.00  0.00  0.00  0.99  0.00
  N456>N839               1.00   0.00  0.00  0.00  0.00  1.00  0.00  0.00  1.00  0.00
  N446>MH4454312          1.00   0.00  0.00  0.00  0.00  1.00  0.00  0.00  0.99  0.00
  MH4428968>N977          1.00   0.00  0.00  0.00  0.00  1.00  0.00  0.00  0.98  0.00
  N978>N695               1.00   0.00  0.00  0.00  0.00  1.00  0.00  0.00  1.00  0.00
  N807>N672               1.00   0.00  0.00  0.00  0.00  1.00  0.00  0.00  0.99  0.00
  N610>MH4455909          1.00   0.00  0.00  0.00  0.94  0.00  0.00  0.05  0.95  0.00
  N979>N980               1.00   0.00  0.00  0.00  0.99  0.01  0.00  0.00  0.99  0.00
  N418>N487               1.00   0.00  0.00  0.00  0.00  0.00  0.00  1.00  0.00  0.00
  N364>N912               1.00   0.00  0.00  0.00  0.00  1.00  0.00  0.00  0.00  0.00
  N593>N878               1.00   0.00  0.00  0.00  0.00  1.00  0.00  0.00  0.99  0.00
  MH4450776>MH4450378     1.00   0.00  0.00  0.00  0.98  0.00  0.00  0.02  0.98  0.00
  MH4429107>N325          1.00   0.00  0.00  0.00  1.00  0.00  0.00  0.00  0.99  0.00
  MH4456777>N574          1.00   0.00  0.00  0.00  0.00  1.00  0.00  0.00  0.98  0.00
  N923>N250               1.00   0.00  0.00  0.00  0.94  0.00  0.00  0.06  0.00  0.00
  N265>MH8963773          1.00   0.00  0.00  0.00  1.00  0.00  0.00  0.00  0.98  0.00
  MH4427849>MH4428245     1.00   0.00  0.00  0.00  0.00  1.00  0.00  0.00  1.00  0.00
  MH4455813>MH4455808     1.00   0.00  0.00  0.00  1.00  0.00  0.00  0.00  0.00  0.00
  N944>MH4499116          1.00   0.00  0.00  0.00  0.00  1.00  0.00  0.00  1.00  0.00
  MH4454398>N298          1.00   0.00  0.00  0.00  1.00  0.00  0.00  0.00  1.00  0.00
  N874>N836               1.00   0.00  0.00  0.00  0.99  0.01  0.00  0.00  0.99  0.00
  N397>N188               1.00   0.00  0.00  0.00  0.00  1.00  0.00  0.00  0.99  0.00
  MH4428638>N938          1.00   0.00  0.00  0.00  0.99  0.01  0.00  0.00  0.98  0.00
  N875>N151               1.00   0.00  0.00  0.00  0.00  1.00  0.00  0.00  0.99  0.00
  MH4453095>N170          1.00   0.00  0.00  0.00  1.00  0.00  0.00  0.00  1.00  0.00
  N984>MH4447346          1.00   0.00  0.00  0.00  0.00  1.00  0.00  0.00  0.99  0.00
  MH4450802>MH4450920     1.00   0.00  0.00  0.00  0.00  0.00  0.00  1.00  0.00  0.00
  N833>N940               1.00   0.00  0.00  0.00  0.00  1.00  0.00  0.00  1.00  0.00
  MH4449796>N439          1.00   0.00  0.00  0.00  0.99  0.01  0.00  0.00  0.98  0.00
  N985>N159               1.00   0.00  0.00  0.00  1.00  0.00  0.00  0.00  1.00  0.00
  N819>MH4449011          1.00   0.00  0.00  0.00  1.00  0.00  0.00  0.00  0.00  0.00
  MH4428320>N823          1.00   0.00  0.00  0.00  1.00  0.00  0.00  0.00  0.99  0.00
  N986>N685               1.00   0.00  0.00  0.00  0.00  1.00  0.00  0.00  1.00  0.00
  N987>N699               1.00   0.00  0.00  0.00  0.00  0.99  0.00  0.01  0.00  0.00
  N922>MH4454116          1.00   0.00  0.00  0.00  1.00  0.00  0.00  0.00  0.01  0.00
  N977>MH4428524          1.00   0.00  0.00  0.00  0.00  0.00  0.00  1.00  0.00  0.00
  MH4455943>N248          1.00   0.00  0.00  0.00  1.00  0.00  0.00  0.00  1.00  0.00
  MH4499116>MH4499406     1.00   0.00  0.00  0.00  0.00  1.00  0.00  0.00  0.99  0.00
  MH4448626>N698          1.00   0.00  0.00  0.00  0.00  1.00  0.00  0.00  0.99  0.00
  MH4454643>N890          1.00   0.00  0.00  0.00  0.00  1.00  0.00  0.00  0.99  0.00
  N990>N251               1.00   0.00  0.00  0.00  1.00  0.00  0.00  0.00  0.99  0.00
  N367>MH4452527          1.00   0.00  0.00  0.00  1.00  0.00  0.00  0.00  0.02  0.00
  N980>MH4454629          1.00   0.00  0.00  0.00  0.00  0.00  0.00  1.00  0.00  0.00
  MH4451886>N991          1.00   0.00  0.00  0.00  1.00  0.00  0.00  0.00  0.00  0.00
  N971>N951               1.00   0.00  0.00  0.00  1.00  0.00  0.00  0.00  0.99  0.00
  N626>MH4450170          1.00   0.00  0.00  0.00  0.00  1.00  0.00  0.00  0.00  0.00
  N631>MH1625395          1.00   0.00  0.00  0.00  1.00  0.00  0.00  0.00  0.99  0.00
  N297>MH4429086          1.00   0.00  0.00  0.00  0.00  1.00  0.00  0.00  0.99  0.00
  N992>MH4446883          1.00   0.00  0.00  0.00  0.00  0.00  0.00  1.00  0.00  0.00
  MH4450180>MH4450332     1.00   0.00  0.00  0.00  0.00  0.00  0.00  1.00  0.00  0.00
  MH4448929>N693          1.00   0.00  0.00  0.00  0.00  1.00  0.00  0.00  0.00  0.00
  MH1631514>N176          1.00   0.00  0.00  0.00  0.01  0.99  0.00  0.00  0.07  0.00
  N748>N994               1.00   0.00  0.00  0.00  0.00  1.00  0.00  0.00  0.99  0.00
  N186>MH4454993          1.00   0.00  0.00  0.00  0.00  1.00  0.00  0.00  1.00  0.00
  N995>N754               1.00   0.00  0.00  0.00  1.00  0.00  0.00  0.00  0.99  0.00
  N996>N811               1.00   0.00  0.00  0.00  0.00  1.00  0.00  0.00  1.00  0.00
  N991>MH4452189          1.00   0.00  0.00  0.00  1.00  0.00  0.00  0.00  0.01  0.00
  N692>N815               1.00   0.00  0.00  0.00  0.00  1.00  0.00  0.00  0.00  0.00
  MH1625959>N997          1.00   0.00  0.00  0.00  0.00  1.00  0.00  0.00  0.00  0.00
  N998>N734               1.00   0.00  0.00  0.00  1.00  0.00  0.00  0.00  1.00  0.00
  N798>N963               1.00   0.00  0.00  0.00  1.00  0.00  0.00  0.00  0.00  0.00
  MH4428137>MH4428188     1.00   0.00  0.00  0.00  0.00  1.00  0.00  0.00  1.00  0.00
  MH4428067>MH4427849     1.00   0.00  0.00  0.00  0.00  0.00  0.00  1.00  0.00  0.00
  N490>MH4427588          1.00   0.00  0.00  0.00  0.00  1.00  0.00  0.00  0.00  0.00
  N999>N614               1.00   0.00  0.00  0.00  0.99  0.01  0.00  0.00  1.00  0.00
  N239>MH5233531          1.00   0.00  0.00  0.00  0.00  0.00  0.00  1.00  0.00  0.00
  N968>MH4454993          1.00   0.00  0.00  0.00  0.00  0.00  0.00  1.00  0.00  0.00
  N1000>MH4448796         1.00   0.00  0.00  0.00  0.99  0.01  0.00  0.00  1.00  0.00
  N1001>MH4451886         1.00   0.00  0.00  0.00  1.00  0.00  0.00  0.00  0.01  0.00
  N620>MH4500689          1.00   0.00  0.00  0.00  0.00  0.00  0.00  1.00  0.00  0.00
  N9>MH4429527            1.00   0.00  0.00  0.00  1.00  0.00  0.00  0.00  1.00  0.00
  N162>N561               1.00   0.00  0.00  0.00  1.00  0.00  0.00  0.00  0.99  0.00
  N994>MH4454629          1.00   0.00  0.00  0.00  0.00  0.00  0.00  1.00  0.00  0.00
  N1002>N347              1.00   0.00  0.00  0.00  1.00  0.00  0.00  0.00  1.00  0.00
  N356>MH4450531          1.00   0.00  0.00  0.00  1.00  0.00  0.00  0.00  0.99  0.00
  MH4451207>N1001         1.00   0.00  0.00  0.00  1.00  0.00  0.00  0.00  0.00  0.00
  MH4449860>MH4450100     1.00   0.00  0.00  0.00  0.00  1.00  0.00  0.00  0.00  0.00
  MH4502186>N0            1.00   0.00  0.00  0.00  1.00  0.00  0.00  0.00  0.01  0.00
  N576>MH4453213          1.00   0.00  0.00  0.00  1.00  0.00  0.00  0.00  0.00  0.00
  N665>N962               1.00   0.00  0.00  0.00  0.99  0.01  0.00  0.00  0.99  0.00
  N976>MH4449866          1.00   0.00  0.00  0.00  0.00  1.00  0.00  0.00  1.00  0.00
  MH4449503>MH4449977     1.00   0.00  0.00  0.00  0.00  0.00  0.00  1.00  0.00  0.00
  N1003>N655              1.00   0.00  0.00  0.00  1.00  0.00  0.00  0.00  0.00  0.00
  N1005>N172              1.00   0.00  0.00  0.00  1.00  0.00  0.00  0.00  0.99  0.00
  N1006>MH7465841         1.00   0.00  0.00  0.00  0.00  0.00  0.00  1.00  0.00  0.00
  MH4456372>N725          1.00   0.00  0.00  0.00  0.00  1.00  0.00  0.00  0.98  0.00
  N1007>MH4449118         1.00   0.00  0.00  0.00  0.00  0.00  0.00  1.00  0.00  0.00
  MH4428367>N168          1.00   0.00  0.00  0.00  0.00  1.00  0.00  0.00  1.00  0.00
  N1009>MH4452154         1.00   0.00  0.00  0.00  0.00  0.00  0.00  1.00  0.00  0.00
  MH4452541>N63           1.00   0.00  0.00  0.00  0.00  1.00  0.00  0.00  0.99  0.00
  N440>MH4450391          1.00   0.00  0.00  0.00  0.99  0.01  0.00  0.00  0.99  0.00
  N134>MH4450617          1.00   0.00  0.00  0.00  0.99  0.01  0.00  0.00  1.00  0.00
  MH4427659>MH4427741     1.00   0.00  1.00  0.00  0.00  0.00  0.00  0.00  0.00  0.00
  MH4451967>MH4451823     1.00   0.00  0.00  0.00  0.99  0.01  0.00  0.00  1.00  0.00
  MH4429019>MH4429086     1.00   0.00  1.00  0.00  0.00  0.00  0.00  0.00  0.00  0.00
  MH4428638>N461          1.00   0.00  1.00  0.00  0.00  0.00  0.00  0.00  0.00  0.00
  
  
  *************************
  Conduit Surcharge Summary
  *************************
  
  ----------------------------------------------------------------------------
                                                           Hours        Hours 
                         --------- Hours Full --------   Above Full   Capacity
  Conduit                Both Ends  Upstream  Dnstream   Normal Flow   Limited
  ----------------------------------------------------------------------------
  N270>N271                   0.01      0.01     14.43      0.01         0.01
  N300>MH4455121              0.01      0.01     14.74      0.01         0.01
  N366>N367                  15.14     15.23     15.14     15.36        15.20
  MH4452527>MH4452680        14.63     15.06     14.63     15.33        14.97
  MH4450922>MH4451207        15.21     15.21     15.39      0.01         0.01
  MH4452011>MH4451871        14.90     14.90     15.02      0.01         0.01
  MH4451871>N419             15.02     15.02     15.18      0.01         0.01
  N422>MH4450922             15.09     15.09     15.47      0.01         0.01
  MH4452189>N366             15.23     15.26     15.23     15.37        15.25
  N577>MH4452527              0.01      0.01     15.05      0.01         0.01
  N649>MH4450922             14.77     14.77     15.18      0.01         0.01
  N271>MH4455121             14.43     14.43     14.81      0.01         0.01
  N670>MH4451886              0.01      0.01     15.32      0.01         0.01
  MH4450581>N649              0.01      0.01     14.77      0.01         0.01
  MH4451673>MH4451871         0.01      0.01     15.12      0.01         0.01
  MH4453098>N798              0.01      0.01      0.01     14.92         0.01
  N419>MH4451207             15.18     15.18     15.40      0.01         0.01
  N64>MH4453098               0.01      0.01     15.16      0.01         0.01
  MH4452462>N877              0.01      0.01     14.91      0.01         0.01
  MH4451870>MH4452189         0.01      0.01     15.25      0.01         0.01
  N877>MH4451886             14.91     14.91     15.32      0.01         0.01
  N963>MH4453579              0.01      0.01      0.01     14.89         0.01
  MH4450531>N422              0.01      0.01     15.09      0.01         0.01
  N334>MH4452680              0.01      0.01     14.61      0.01         0.01
  N967>MH4452011              0.01      0.01     15.02      0.01         0.01
  N367>MH4452527             15.06     15.14     15.06     15.35        15.11
  MH4451886>N991             15.28     15.32     15.28     15.40        15.30
  N991>MH4452189             15.26     15.28     15.26     15.39        15.27
  N798>N963                   0.01      0.01      0.01     14.85         0.01
  N1001>MH4451886            15.32     15.37     15.32     15.44        15.35
  MH4451207>N1001            15.37     15.40     15.37     15.46        15.39
  
  
  ***************
  Pumping Summary
  ***************
  
  ---------------------------------------------------------------------------------------------------------
                                                  Min       Avg       Max     Total     Power    % Time Off
                        Percent   Number of      Flow      Flow      Flow    Volume     Usage    Pump Curve
  Pump                 Utilized   Start-Ups       LPS       LPS       LPS  10^6 ltr     Kw-hr    Low   High
  ---------------------------------------------------------------------------------------------------------
  P4433449                99.72           1      0.00      1.51      1.53     0.086      0.29    0.0    0.0
  P1495438                99.66           1      0.00      1.06      1.06     0.061      0.77    0.0    0.0
  

  Analysis begun on:  Thu Sep 24 04:38:39 2026
  Analysis ended on:  Thu Sep 24 04:39:25 2026
  Total elapsed time: 00:00:46