
  EPA STORM WATER MANAGEMENT MODEL - VERSION 5.2 (Build 5.2.4)
  PYSWMM TOOLKIT API - VERSION v1.0 (2026-02-26)
  ------------------------------------------------------------

  WARNING 08: elevation drop exceeds length for Conduit N779>MH4428606
  
  ****************
  Analysis Options
  ****************
  Flow Units ............... LPS
  Process Models:
    Rainfall/Runoff ........ NO
    RDII ................... NO
    Snowmelt ............... NO
    Groundwater ............ NO
    Flow Routing ........... YES
    Ponding Allowed ........ NO
    Water Quality .......... NO
  Flow Routing Method ...... DYNWAVE
  Surcharge Method ......... SLOT
  Starting Date ............ 01/01/2026 00:00:00
  Ending Date .............. 01/01/2026 08:00:00
  Antecedent Dry Days ...... 0.0
  Report Time Step ......... 00:00:10
  Routing Time Step ........ 0.50 sec
  Variable Time Step ....... YES
  Maximum Trials ........... 8
  Number of Threads ........ 1
  Head Tolerance ........... 0.001524 m
  
  
  **************************        Volume        Volume
  Flow Routing Continuity        hectare-m      10^6 ltr
  **************************     ---------     ---------
  Dry Weather Inflow .......         0.000         0.000
  Wet Weather Inflow .......         0.000         0.000
  Groundwater Inflow .......         0.000         0.000
  RDII Inflow ..............         0.000         0.000
  External Inflow ..........         0.711         7.114
  External Outflow .........         0.481         4.812
  Flooding Loss ............         0.125         1.253
  Evaporation Loss .........         0.000         0.000
  Exfiltration Loss ........         0.000         0.000
  Initial Stored Volume ....         0.000         0.000
  Final Stored Volume ......         0.101         1.008
  Continuity Error (%) .....         0.566
  
  
  *************************
  Highest Continuity Errors
  *************************
  Node N616 (12.32%)
  Node N271 (10.08%)
  Node MH4449882 (9.96%)
  Node N811 (9.43%)
  Node MH4453185 (9.16%)
  
  
  ***************************
  Time-Step Critical Elements
  ***************************
  Link N668>MH4452902 (76.67%)
  Link N779>MH4428606 (21.29%)
  Link N644>MH4429136 (1.92%)
  
  
  ********************************
  Highest Flow Instability Indexes
  ********************************
  Link N644>MH4429136 (4)
  Link MH1631057>MH1631514 (1)
  
  
  *********************************
  Most Frequent Nonconverging Nodes
  *********************************
  Convergence obtained at all time steps.
  
  
  *************************
  Routing Time Step Summary
  *************************
  Minimum Time Step           :     0.50 sec
  Average Time Step           :     0.50 sec
  Maximum Time Step           :     0.50 sec
  % of Time in Steady State   :     0.00
  Average Iterations per Step :     2.03
  % of Steps Not Converging   :     0.00
  Time Step Frequencies       :
      0.500 -  0.500 sec      :   100.00 %
      0.500 -  0.500 sec      :     0.00 %
      0.500 -  0.500 sec      :     0.00 %
      0.500 -  0.500 sec      :     0.00 %
      0.500 -  0.500 sec      :     0.00 %
  
  
  ******************
  Node Depth Summary
  ******************
  
  ---------------------------------------------------------------------------------
                                 Average  Maximum  Maximum  Time of Max    Reported
                                   Depth    Depth      HGL   Occurrence   Max Depth
  Node                 Type       Meters   Meters   Meters  days hr:min      Meters
  ---------------------------------------------------------------------------------
  N0                   JUNCTION     0.54     0.65    32.64     0  08:00        0.65
  N1                   JUNCTION     0.50     0.60    32.41     0  08:00        0.60
  N3                   JUNCTION     0.53     0.71    35.35     0  08:00        0.71
  N4                   JUNCTION     0.01     0.01    51.76     0  00:29        0.01
  N8                   JUNCTION     0.01     0.01    40.98     0  00:20        0.01
  N9                   JUNCTION     0.01     0.01    40.57     0  00:47        0.01
  N10                  JUNCTION     0.01     0.01    49.80     0  01:41        0.01
  N13                  JUNCTION     1.93     2.48    44.54     0  08:00        2.48
  N15                  JUNCTION     0.01     0.01    35.63     0  00:32        0.01
  N18                  JUNCTION     0.02     0.02    50.09     0  00:25        0.02
  N20                  JUNCTION     0.07     0.07    36.11     0  01:46        0.07
  N22                  JUNCTION     0.01     0.01    43.36     0  03:28        0.01
  N25                  JUNCTION     2.91     3.52    43.16     0  08:00        3.52
  N26                  JUNCTION     0.32     0.45    36.57     0  08:00        0.45
  N28                  JUNCTION     0.02     0.02    39.56     0  01:28        0.02
  N30                  JUNCTION     0.01     0.01    44.43     0  00:16        0.01
  N31                  JUNCTION     0.01     0.01    42.84     0  00:21        0.01
  N32                  JUNCTION     0.01     0.01    43.24     0  00:10        0.01
  N33                  JUNCTION     0.01     0.01    42.51     0  00:18        0.01
  N34                  JUNCTION     0.03     0.03    46.49     0  00:54        0.03
  N35                  JUNCTION     0.03     0.03    46.27     0  00:57        0.03
  N38                  JUNCTION     0.06     0.06    49.00     0  00:08        0.06
  N43                  JUNCTION     3.49     4.10    44.10     0  08:00        4.10
  N45                  JUNCTION     0.10     0.10    33.06     0  02:32        0.10
  N46                  JUNCTION     0.12     0.19    33.64     0  08:00        0.19
  N47                  JUNCTION     0.60     0.75    33.16     0  08:00        0.75
  N49                  JUNCTION     0.02     0.02    47.73     0  00:37        0.02
  N50                  JUNCTION     0.02     0.02    46.81     0  00:35        0.02
  N51                  JUNCTION     0.06     0.06    48.24     0  00:12        0.06
  N53                  JUNCTION     0.34     0.47    36.08     0  08:00        0.47
  N59                  JUNCTION     0.03     0.03    40.83     0  02:50        0.03
  N61                  JUNCTION     0.03     0.03    46.84     0  00:57        0.03
  N62                  JUNCTION     0.03     0.03    46.39     0  01:05        0.03
  N63                  JUNCTION     1.35     1.62    38.55     0  08:00        1.62
  N64                  JUNCTION     1.43     1.71    37.97     0  08:00        1.71
  N66                  JUNCTION     0.02     0.02    49.81     0  00:47        0.02
  N67                  JUNCTION     0.01     0.01    36.87     0  00:01        0.01
  N69                  JUNCTION     0.58     0.72    33.00     0  08:00        0.72
  N71                  JUNCTION     0.05     0.05    38.28     0  01:07        0.05
  N72                  JUNCTION     0.05     0.05    36.68     0  01:20        0.05
  N73                  JUNCTION     0.02     0.02    53.85     0  00:00        0.02
  N77                  JUNCTION     0.01     0.01    52.95     0  00:02        0.01
  N79                  JUNCTION     0.02     0.02    42.47     0  00:52        0.02
  N81                  JUNCTION     0.01     0.01    49.05     0  00:09        0.01
  N82                  JUNCTION     0.01     0.01    48.85     0  00:33        0.01
  N83                  JUNCTION     0.02     0.02    50.68     0  00:43        0.02
  N85                  JUNCTION     0.03     0.03    51.83     0  00:37        0.03
  N87                  JUNCTION     0.01     0.01    53.14     0  00:01        0.01
  N89                  JUNCTION     0.03     0.03    33.05     0  01:03        0.03
  N97                  JUNCTION     2.47     2.88    41.05     0  08:00        2.88
  N98                  JUNCTION     0.04     0.04    40.86     0  02:27        0.04
  N100                 JUNCTION     0.04     0.04    43.43     0  05:08        0.04
  N101                 JUNCTION     0.04     0.04    41.02     0  03:03        0.04
  N106                 JUNCTION     0.81     1.02    34.79     0  08:00        1.02
  N108                 JUNCTION     0.01     0.01    43.50     0  00:48        0.01
  N109                 JUNCTION     0.02     0.02    35.92     0  00:03        0.02
  N112                 JUNCTION     0.02     0.02    42.02     0  00:51        0.02
  N113                 JUNCTION     0.02     0.02    50.51     0  01:17        0.02
  N116                 JUNCTION     0.27     0.35    32.86     0  08:00        0.35
  N119                 JUNCTION     0.03     0.03    33.68     0  02:38        0.03
  N122                 JUNCTION     0.06     0.06    44.67     0  02:30        0.06
  N124                 JUNCTION     1.23     1.69    43.46     0  08:00        1.69
  N125                 JUNCTION     0.03     0.03    50.28     0  01:18        0.03
  N128                 JUNCTION     0.02     0.02    32.94     0  00:40        0.02
  N131                 JUNCTION     0.03     0.03    43.49     0  00:49        0.03
  N133                 JUNCTION     0.01     0.01    45.39     0  00:35        0.01
  N134                 JUNCTION     0.02     0.02    45.24     0  00:36        0.02
  N137                 JUNCTION     0.02     0.02    48.93     0  01:12        0.02
  N139                 JUNCTION     1.66     2.06    40.46     0  08:00        2.06
  N142                 JUNCTION     1.56     1.95    40.46     0  08:00        1.95
  N143                 JUNCTION     1.10     1.15    52.28     0  00:51        1.15
  N145                 JUNCTION     0.02     0.02    34.54     0  00:41        0.02
  N147                 JUNCTION     0.03     0.03    33.93     0  02:38        0.03
  N148                 JUNCTION     0.01     0.01    43.42     0  00:28        0.01
  N149                 JUNCTION     0.05     0.05    37.47     0  04:52        0.05
  N150                 JUNCTION     0.05     0.05    36.01     0  02:44        0.05
  N151                 JUNCTION     0.02     0.02    35.59     0  01:01        0.02
  N153                 JUNCTION     0.01     0.01    33.24     0  00:02        0.01
  N154                 JUNCTION     0.02     0.02    32.76     0  00:42        0.02
  N155                 JUNCTION     0.02     0.02    37.49     0  00:40        0.02
  N157                 JUNCTION     0.02     0.02    32.64     0  00:43        0.02
  N158                 JUNCTION     0.44     0.52    32.05     0  08:00        0.52
  N159                 JUNCTION     0.02     0.02    51.19     0  00:32        0.02
  N162                 JUNCTION     0.04     0.04    33.18     0  02:38        0.04
  N163                 JUNCTION     0.45     0.60    33.63     0  08:00        0.60
  N166                 JUNCTION     0.04     0.04    46.15     0  03:15        0.04
  N168                 JUNCTION     0.02     0.02    44.38     0  01:42        0.02
  N170                 JUNCTION     0.96     1.22    36.57     0  08:00        1.22
  N171                 JUNCTION     1.13     1.41    36.57     0  08:00        1.41
  N172                 JUNCTION     1.07     1.30    38.04     0  01:48        1.30
  N176                 JUNCTION     0.26     0.29    30.75     0  06:32        0.29
  N178                 JUNCTION     0.05     0.05    35.15     0  01:06        0.05
  N180                 JUNCTION     0.79     1.08    40.48     0  08:00        1.08
  N181                 JUNCTION     1.12     1.48    40.44     0  08:00        1.48
  N183                 JUNCTION     0.00     0.00    34.62     0  00:00        0.00
  N184                 JUNCTION     0.03     0.03    41.84     0  01:33        0.03
  N186                 JUNCTION     0.03     0.03    37.49     0  00:56        0.03
  N187                 JUNCTION     0.01     0.01    41.82     0  00:36        0.01
  N188                 JUNCTION     1.26     1.72    43.14     0  08:00        1.72
  N191                 JUNCTION     0.06     0.06    33.82     0  05:52        0.06
  N192                 JUNCTION     1.10     1.38    36.57     0  08:00        1.38
  N194                 JUNCTION     0.01     0.01    37.00     0  00:01        0.01
  N197                 JUNCTION     2.72     3.15    40.84     0  08:00        3.15
  N198                 JUNCTION     1.17     1.53    41.85     0  08:00        1.53
  N202                 JUNCTION     0.03     0.03    40.40     0  01:25        0.03
  N205                 JUNCTION     0.01     0.01    39.44     0  00:25        0.01
  N206                 JUNCTION     0.71     0.90    34.06     0  08:00        0.90
  N208                 JUNCTION     1.14     1.37    39.85     0  08:00        1.37
  N209                 JUNCTION     1.25     1.50    39.20     0  08:00        1.50
  N210                 JUNCTION     0.42     0.49    31.96     0  08:00        0.49
  N211                 JUNCTION     0.37     0.41    31.69     0  06:31        0.41
  N212                 JUNCTION     0.01     0.01    56.46     0  00:01        0.01
  N216                 JUNCTION     0.03     0.03    44.16     0  01:01        0.03
  N220                 JUNCTION     0.09     0.09    41.90     0  01:52        0.09
  N221                 JUNCTION     0.01     0.01    45.71     0  00:15        0.01
  N222                 JUNCTION     0.01     0.01    44.76     0  00:23        0.01
  N224                 JUNCTION     0.02     0.02    46.66     0  02:10        0.02
  N225                 JUNCTION     0.08     0.08    47.54     0  03:47        0.08
  N228                 JUNCTION     0.01     0.01    33.98     0  00:18        0.01
  N229                 JUNCTION     0.02     0.02    33.64     0  00:25        0.02
  N230                 JUNCTION     0.02     0.02    46.72     0  01:30        0.02
  N231                 JUNCTION     0.02     0.02    45.89     0  01:41        0.02
  N232                 JUNCTION     0.02     0.02    49.80     0  00:50        0.02
  N234                 JUNCTION     0.02     0.02    44.17     0  01:10        0.02
  N238                 JUNCTION     0.01     0.01    35.74     0  00:00        0.01
  N239                 JUNCTION     0.01     0.01    35.69     0  01:11        0.01
  N240                 JUNCTION     0.04     0.04    47.53     0  00:36        0.04
  N244                 JUNCTION     0.02     0.02    48.18     0  01:52        0.02
  N246                 JUNCTION     0.04     0.04    32.38     0  04:05        0.04
  N247                 JUNCTION     0.06     0.10    32.22     0  08:00        0.10
  N248                 JUNCTION     0.02     0.02    47.28     0  00:55        0.02
  N250                 JUNCTION     0.71     0.90    34.08     0  08:00        0.90
  N251                 JUNCTION     0.02     0.02    51.62     0  02:40        0.02
  N255                 JUNCTION     0.02     0.02    53.19     0  01:14        0.02
  N258                 JUNCTION     1.75     2.29    43.08     0  08:00        2.29
  N260                 JUNCTION     0.02     0.02    34.06     0  00:50        0.02
  N261                 JUNCTION     0.02     0.02    53.16     0  01:02        0.02
  N263                 JUNCTION     0.01     0.01    40.21     0  00:00        0.01
  N265                 JUNCTION     1.74     2.08    41.04     0  08:00        2.08
  N267                 JUNCTION     0.02     0.02    50.38     0  01:01        0.02
  N268                 JUNCTION     0.04     0.04    43.78     0  01:32        0.04
  N269                 JUNCTION     0.04     0.05    41.90     0  00:53        0.05
  N270                 JUNCTION     0.42     0.59    35.32     0  08:00        0.59
  N271                 JUNCTION     0.93     1.16    35.32     0  08:00        1.16
  N272                 JUNCTION     0.01     0.01    40.76     0  00:01        0.01
  N274                 JUNCTION     0.01     0.01    56.75     0  00:27        0.01
  N275                 JUNCTION     0.01     0.01    55.99     0  00:28        0.01
  N276                 JUNCTION     0.12     0.15    32.88     0  08:00        0.15
  N277                 JUNCTION     0.01     0.01    43.52     0  00:10        0.01
  N278                 JUNCTION     0.01     0.01    40.92     0  00:26        0.01
  N279                 JUNCTION     0.03     0.03    49.90     0  01:18        0.03
  N280                 JUNCTION     0.02     0.02    51.31     0  01:17        0.02
  N281                 JUNCTION     0.02     0.02    50.06     0  01:19        0.02
  N285                 JUNCTION     0.01     0.01    46.12     0  00:01        0.01
  N287                 JUNCTION     0.01     0.01    35.06     0  00:01        0.01
  N293                 JUNCTION     0.01     0.01    43.10     0  00:14        0.01
  N294                 JUNCTION     0.01     0.01    42.44     0  00:57        0.01
  N295                 JUNCTION     1.38     1.74    40.46     0  08:00        1.74
  N296                 JUNCTION     0.03     0.03    46.85     0  01:24        0.03
  N297                 JUNCTION     0.03     0.03    44.97     0  01:25        0.03
  N298                 JUNCTION     0.01     0.01    47.66     0  00:31        0.01
  N299                 JUNCTION     0.01     0.01    47.24     0  00:08        0.01
  N300                 JUNCTION     0.73     0.95    35.33     0  08:00        0.95
  N302                 JUNCTION     0.03     0.03    46.98     0  01:28        0.03
  N303                 JUNCTION     0.01     0.01    42.64     0  00:42        0.01
  N307                 JUNCTION     0.11     0.17    33.76     0  08:00        0.17
  N311                 JUNCTION     0.01     0.01    51.68     0  00:18        0.01
  N314                 JUNCTION     0.23     0.34    34.09     0  08:00        0.34
  N317                 JUNCTION     0.01     0.01    51.34     0  00:18        0.01
  N318                 JUNCTION     0.02     0.02    51.11     0  00:42        0.02
  N319                 JUNCTION     2.52     3.01    40.84     0  08:00        3.01
  N321                 JUNCTION     0.05     0.05    34.68     0  01:06        0.05
  N322                 JUNCTION     0.24     0.34    34.49     0  08:00        0.34
  N324                 JUNCTION     0.04     0.04    41.74     0  01:11        0.04
  N325                 JUNCTION     1.31     1.60    41.08     0  04:19        1.60
  N327                 JUNCTION     2.35     2.95    43.61     0  08:00        2.95
  N328                 JUNCTION     3.06     3.62    42.06     0  08:00        3.62
  N331                 JUNCTION     0.01     0.01    35.20     0  00:16        0.01
  N332                 JUNCTION     0.02     0.02    34.91     0  02:38        0.02
  N334                 JUNCTION     1.51     1.81    37.18     0  08:00        1.81
  N336                 JUNCTION     0.02     0.02    51.67     0  00:40        0.02
  N337                 JUNCTION     0.02     0.02    36.32     0  00:48        0.02
  N339                 JUNCTION     0.22     0.31    35.36     0  08:00        0.31
  N340                 JUNCTION     0.02     0.02    43.57     0  00:54        0.02
  N341                 JUNCTION     0.03     0.03    41.91     0  00:54        0.03
  N343                 JUNCTION     0.02     0.02    43.10     0  00:50        0.02
  N345                 JUNCTION     1.12     1.44    40.94     0  08:00        1.44
  N346                 JUNCTION     1.27     1.62    40.94     0  08:00        1.62
  N347                 JUNCTION     0.02     0.02    51.65     0  00:45        0.02
  N353                 JUNCTION     0.01     0.01    46.72     0  00:48        0.01
  N354                 JUNCTION     0.01     0.01    45.15     0  00:48        0.01
  N356                 JUNCTION     2.35     2.84    39.74     0  08:00        2.84
  N357                 JUNCTION     1.51     1.81    38.84     0  08:00        1.81
  N361                 JUNCTION     2.05     2.51    40.93     0  08:00        2.51
  N362                 JUNCTION     0.01     0.01    36.63     0  00:01        0.01
  N363                 JUNCTION     0.01     0.01    36.29     0  00:03        0.01
  N364                 JUNCTION     0.02     0.02    49.50     0  00:35        0.02
  N365                 JUNCTION     0.03     0.03    51.73     0  01:18        0.03
  N366                 JUNCTION     2.03     2.35    37.62     0  08:00        2.35
  N367                 JUNCTION     1.89     2.21    37.44     0  08:00        2.21
  N372                 JUNCTION     0.02     0.02    34.70     0  00:51        0.02
  N375                 JUNCTION     0.02     0.02    47.86     0  01:28        0.02
  N379                 JUNCTION     1.05     1.31    41.04     0  08:00        1.31
  N382                 JUNCTION     0.03     0.03    35.55     0  01:42        0.03
  N383                 JUNCTION     0.01     0.01    35.95     0  00:01        0.01
  N387                 JUNCTION     0.07     0.11    36.07     0  08:00        0.11
  N389                 JUNCTION     0.03     0.03    34.46     0  01:03        0.03
  N391                 JUNCTION     0.04     0.04    45.99     0  02:24        0.04
  N394                 JUNCTION     1.99     2.42    41.13     0  08:00        2.42
  N397                 JUNCTION     0.85     1.22    43.18     0  08:00        1.22
  N401                 JUNCTION     0.20     0.28    32.87     0  08:00        0.28
  N403                 JUNCTION     0.04     0.05    50.95     0  00:00        0.05
  N405                 JUNCTION     0.04     0.04    39.96     0  03:34        0.04
  N406                 JUNCTION     0.02     0.02    40.67     0  00:42        0.02
  N408                 JUNCTION     0.99     1.25    36.03     0  08:00        1.25
  N411                 JUNCTION     0.04     0.04    32.76     0  02:41        0.04
  N412                 JUNCTION     0.01     0.01    42.33     0  00:01        0.01
  N414                 JUNCTION     0.70     0.88    33.93     0  08:00        0.88
  N416                 JUNCTION     0.01     0.01    41.15     0  02:04        0.01
  N418                 JUNCTION     0.04     0.04    38.15     0  02:37        0.04
  N419                 JUNCTION     2.64     3.03    38.84     0  08:00        3.03
  N422                 JUNCTION     2.85     3.32    39.45     0  08:00        3.32
  N426                 JUNCTION     0.04     0.04    45.19     0  03:28        0.04
  N427                 JUNCTION     0.09     0.09    44.92     0  02:21        0.09
  N431                 JUNCTION     1.04     1.31    36.59     0  08:00        1.31
  N432                 JUNCTION     1.20     1.48    36.58     0  08:00        1.48
  N434                 JUNCTION     0.03     0.04    42.81     0  02:19        0.04
  N439                 JUNCTION     2.27     2.78    40.07     0  08:00        2.78
  N440                 JUNCTION     2.47     2.99    39.95     0  08:00        2.99
  N445                 JUNCTION     0.00     0.00    36.30     0  00:02        0.00
  N446                 JUNCTION     0.02     0.02    36.29     0  00:03        0.02
  N447                 JUNCTION     4.01     4.23    59.48     0  06:09        4.23
  N450                 JUNCTION     0.01     0.01    49.62     0  00:23        0.01
  N453                 JUNCTION     0.05     0.05    35.75     0  01:16        0.05
  N455                 JUNCTION     0.01     0.01    38.40     0  00:16        0.01
  N456                 JUNCTION     0.01     0.01    36.37     0  00:25        0.01
  N457                 JUNCTION     0.01     0.01    35.18     0  00:00        0.01
  N458                 JUNCTION     0.05     0.05    35.26     0  01:18        0.05
  N460                 JUNCTION     1.22     1.50    41.04     0  02:19        1.50
  N461                 JUNCTION     0.01     0.01    42.64     0  00:14        0.01
  N464                 JUNCTION     0.03     0.03    40.48     0  01:21        0.03
  N465                 JUNCTION     1.00     1.29    40.46     0  08:00        1.29
  N466                 JUNCTION     1.13     1.45    40.94     0  08:00        1.45
  N467                 JUNCTION     0.00     0.00    57.63     0  00:05        0.00
  N468                 JUNCTION     0.01     0.01    55.81     0  00:25        0.01
  N470                 JUNCTION     0.03     0.03    47.20     0  01:06        0.03
  N471                 JUNCTION     0.04     0.04    46.62     0  01:15        0.04
  N472                 JUNCTION     0.05     0.05    46.21     0  01:24        0.05
  N473                 JUNCTION     0.02     0.02    35.04     0  00:35        0.02
  N474                 JUNCTION     0.04     0.05    50.78     0  00:00        0.05
  N477                 JUNCTION     0.04     0.04    41.47     0  01:05        0.04
  N482                 JUNCTION     0.04     0.04    39.47     0  01:08        0.04
  N483                 JUNCTION     0.44     0.64    41.85     0  08:00        0.64
  N486                 JUNCTION     0.02     0.02    37.49     0  00:34        0.02
  N487                 JUNCTION     0.05     0.05    36.84     0  06:18        0.05
  N488                 JUNCTION     0.04     0.04    51.66     0  00:00        0.04
  N489                 JUNCTION     0.04     0.04    51.55     0  00:16        0.04
  N490                 JUNCTION     3.24     3.43    57.65     0  06:05        3.43
  N491                 JUNCTION     0.01     0.01    53.97     0  00:07        0.01
  N492                 JUNCTION     0.01     0.01    52.82     0  00:21        0.01
  N498                 JUNCTION     0.01     0.01    50.73     0  00:01        0.01
  N499                 JUNCTION     0.73     0.92    34.34     0  08:00        0.92
  N501                 JUNCTION     0.01     0.01    39.48     0  00:34        0.01
  N505                 JUNCTION     0.25     0.37    39.99     0  08:00        0.37
  N507                 JUNCTION     0.04     0.04    45.49     0  01:16        0.04
  N510                 JUNCTION     0.02     0.02    49.96     0  01:20        0.02
  N511                 JUNCTION     0.02     0.02    51.17     0  00:46        0.02
  N515                 JUNCTION     0.02     0.02    58.32     0  00:36        0.02
  N517                 JUNCTION     0.02     0.02    43.12     0  01:10        0.02
  N522                 JUNCTION     0.03     0.03    49.76     0  01:19        0.03
  N530                 JUNCTION     2.71     3.19    40.36     0  08:00        3.19
  N532                 JUNCTION     0.01     0.01    35.08     0  00:27        0.01
  N533                 JUNCTION     0.02     0.02    34.64     0  00:38        0.02
  N534                 JUNCTION     0.04     0.04    32.28     0  01:16        0.04
  N536                 JUNCTION     2.41     2.93    39.94     0  08:00        2.93
  N542                 JUNCTION     0.01     0.01    45.29     0  01:22        0.01
  N544                 JUNCTION     0.02     0.02    39.39     0  01:22        0.02
  N549                 JUNCTION     0.03     0.03    34.05     0  01:23        0.03
  N550                 JUNCTION     1.36     1.66    36.40     0  08:00        1.66
  N552                 JUNCTION     1.58     2.06    42.45     0  08:00        2.06
  N553                 JUNCTION     0.10     0.11    48.25     0  01:21        0.11
  N554                 JUNCTION     0.10     0.10    45.53     0  01:26        0.10
  N557                 JUNCTION     0.72     0.95    36.57     0  08:00        0.95
  N559                 JUNCTION     0.01     0.01    35.28     0  00:26        0.01
  N560                 JUNCTION     0.02     0.02    34.78     0  00:37        0.02
  N561                 JUNCTION     0.04     0.04    33.01     0  02:41        0.04
  N562                 JUNCTION     0.03     0.03    42.90     0  00:44        0.03
  N563                 JUNCTION     0.03     0.03    41.46     0  00:48        0.03
  N564                 JUNCTION     0.01     0.01    49.77     0  00:12        0.01
  N566                 JUNCTION     0.02     0.02    45.78     0  01:21        0.02
  N567                 JUNCTION     0.02     0.02    48.64     0  01:00        0.02
  N569                 JUNCTION     0.04     0.04    44.95     0  01:20        0.04
  N573                 JUNCTION     0.02     0.02    40.73     0  00:39        0.02
  N574                 JUNCTION     0.04     0.04    36.63     0  02:51        0.04
  N576                 JUNCTION     0.07     0.08    49.63     0  00:03        0.08
  N577                 JUNCTION     1.14     1.40    37.37     0  08:00        1.40
  N578                 JUNCTION     3.37     3.99    43.26     0  08:00        3.99
  N581                 JUNCTION     0.01     0.01    41.49     0  00:32        0.01
  N582                 JUNCTION     1.70     2.08    40.73     0  08:00        2.08
  N585                 JUNCTION     0.02     0.02    50.24     0  02:46        0.02
  N587                 JUNCTION     0.03     0.04    46.42     0  01:30        0.04
  N589                 JUNCTION     0.03     0.03    44.08     0  01:31        0.03
  N592                 JUNCTION     0.04     0.04    45.64     0  01:36        0.04
  N593                 JUNCTION     0.03     0.03    53.60     0  00:43        0.03
  N595                 JUNCTION     0.06     0.06    33.49     0  02:52        0.06
  N596                 JUNCTION     0.04     0.04    44.27     0  00:57        0.04
  N597                 JUNCTION     0.04     0.04    32.61     0  04:05        0.04
  N599                 JUNCTION     3.21     3.81    42.58     0  08:00        3.81
  N600                 JUNCTION     0.05     0.05    38.91     0  04:16        0.05
  N605                 JUNCTION     1.72     2.19    40.01     0  08:00        2.19
  N607                 JUNCTION     0.01     0.01    46.23     0  00:11        0.01
  N609                 JUNCTION     0.08     0.11    34.55     0  08:00        0.11
  N610                 JUNCTION     0.32     0.45    34.52     0  08:00        0.45
  N611                 JUNCTION     0.04     0.06    35.36     0  08:00        0.06
  N612                 JUNCTION     0.01     0.01    33.12     0  00:47        0.01
  N614                 JUNCTION     0.01     0.01    33.92     0  00:35        0.01
  N615                 JUNCTION     0.02     0.02    50.89     0  03:36        0.02
  N616                 JUNCTION     0.96     1.22    36.57     0  08:00        1.22
  N618                 JUNCTION     0.66     0.87    36.06     0  08:00        0.87
  N619                 JUNCTION     0.04     0.04    45.38     0  02:27        0.04
  N620                 JUNCTION     0.02     0.02    33.77     0  00:59        0.02
  N621                 JUNCTION     0.01     0.01    33.90     0  00:01        0.01
  N623                 JUNCTION     0.01     0.01    33.45     0  00:01        0.01
  N625                 JUNCTION     0.08     0.08    50.64     0  01:35        0.08
  N626                 JUNCTION     0.08     0.09    49.85     0  03:27        0.09
  N630                 JUNCTION     0.02     0.02    34.86     0  00:40        0.02
  N631                 JUNCTION     0.02     0.02    34.75     0  00:44        0.02
  N632                 JUNCTION     0.02     0.02    49.37     0  00:27        0.02
  N633                 JUNCTION     0.01     0.01    50.96     0  00:19        0.01
  N634                 JUNCTION     0.03     0.04    51.73     0  00:00        0.03
  N640                 JUNCTION     0.01     0.01    41.80     0  00:36        0.01
  N642                 JUNCTION     0.64     0.85    36.22     0  08:00        0.85
  N644                 JUNCTION     3.20     3.80    44.52     0  08:00        3.80
  N645                 JUNCTION     0.09     0.12    35.37     0  08:00        0.12
  N646                 JUNCTION     1.40     1.69    38.83     0  02:06        1.69
  N647                 JUNCTION     0.02     0.02    55.81     0  00:39        0.02
  N649                 JUNCTION     2.89     3.35    39.60     0  08:00        3.35
  N650                 JUNCTION     0.02     0.02    42.40     0  01:52        0.02
  N652                 JUNCTION     0.04     0.04    49.18     0  01:07        0.04
  N655                 JUNCTION     0.01     0.01    43.33     0  02:50        0.01
  N656                 JUNCTION     0.51     0.78    43.12     0  08:00        0.78
  N658                 JUNCTION     0.03     0.03    52.65     0  01:20        0.03
  N659                 JUNCTION     0.01     0.01    44.09     0  00:14        0.01
  N660                 JUNCTION     0.01     0.01    42.43     0  02:14        0.01
  N662                 JUNCTION     0.02     0.02    48.92     0  00:04        0.02
  N664                 JUNCTION     0.01     0.01    47.46     0  00:16        0.01
  N665                 JUNCTION     0.02     0.02    47.17     0  00:39        0.02
  N666                 JUNCTION     0.04     0.04    48.01     0  02:59        0.04
  N668                 JUNCTION     0.03     0.04    50.11     0  00:00        0.03
  N670                 JUNCTION     1.68     1.96    38.02     0  01:47        1.96
  N672                 JUNCTION     0.02     0.02    35.91     0  00:38        0.02
  N673                 JUNCTION     0.02     0.02    45.46     0  01:00        0.02
  N674                 JUNCTION     0.02     0.02    44.80     0  01:00        0.02
  N675                 JUNCTION     2.84     3.45    42.93     0  08:00        3.45
  N676                 JUNCTION     1.43     1.84    41.85     0  08:00        1.84
  N677                 JUNCTION     0.01     0.01    52.06     0  00:03        0.01
  N683                 JUNCTION     0.01     0.01    51.79     0  01:15        0.01
  N685                 JUNCTION     0.01     0.01    49.99     0  00:04        0.01
  N686                 JUNCTION     0.01     0.01    49.64     0  00:05        0.01
  N687                 JUNCTION     0.01     0.01    43.67     0  08:00        0.01
  N688                 JUNCTION     0.43     0.67    43.67     0  08:00        0.67
  N690                 JUNCTION     0.05     0.05    35.13     0  03:20        0.05
  N691                 JUNCTION     1.22     1.61    40.02     0  08:00        1.61
  N692                 JUNCTION     0.04     0.04    47.51     0  01:12        0.04
  N693                 JUNCTION     2.51     3.10    42.97     0  08:00        3.10
  N694                 JUNCTION     0.02     0.02    36.36     0  00:45        0.02
  N695                 JUNCTION     0.01     0.01    47.88     0  00:23        0.01
  N698                 JUNCTION     0.04     0.04    51.79     0  00:50        0.04
  N699                 JUNCTION     0.07     0.07    51.44     0  02:06        0.07
  N700                 JUNCTION     2.33     2.46    54.91     0  01:14        2.46
  N702                 JUNCTION     0.17     0.22    40.50     0  08:00        0.22
  N704                 JUNCTION     0.05     0.05    36.75     0  01:47        0.05
  N705                 JUNCTION     0.05     0.05    36.14     0  06:15        0.05
  N706                 JUNCTION     0.02     0.02    46.10     0  00:40        0.02
  N711                 JUNCTION     2.13     2.51    41.05     0  08:00        2.51
  N713                 JUNCTION     0.02     0.02    35.14     0  00:52        0.02
  N714                 JUNCTION     0.02     0.02    41.41     0  00:14        0.02
  N715                 JUNCTION     0.69     0.91    36.57     0  08:00        0.91
  N716                 JUNCTION     0.01     0.01    47.09     0  00:29        0.01
  N717                 JUNCTION     0.20     0.28    36.09     0  08:00        0.28
  N719                 JUNCTION     0.03     0.03    33.45     0  00:57        0.03
  N720                 JUNCTION     0.01     0.01    50.27     0  00:24        0.01
  N722                 JUNCTION     0.02     0.02    46.68     0  00:32        0.02
  N723                 JUNCTION     0.03     0.03    51.92     0  00:00        0.03
  N725                 JUNCTION     0.03     0.03    46.54     0  02:23        0.03
  N726                 JUNCTION     2.38     2.58    60.24     0  06:10        2.58
  N727                 JUNCTION     2.89     3.10    60.24     0  06:10        3.10
  N728                 JUNCTION     0.01     0.01    36.64     0  00:32        0.01
  N729                 JUNCTION     0.01     0.01    50.11     0  00:11        0.01
  N734                 JUNCTION     0.01     0.01    38.38     0  00:41        0.01
  N735                 JUNCTION     0.02     0.02    37.49     0  00:44        0.02
  N736                 JUNCTION     2.18     2.63    40.46     0  08:00        2.63
  N737                 JUNCTION     1.66     2.11    40.33     0  08:00        2.11
  N738                 JUNCTION     1.84     2.31    40.26     0  08:00        2.31
  N741                 JUNCTION     1.23     1.37    60.24     0  06:10        1.37
  N745                 JUNCTION     0.07     0.07    47.96     0  05:43        0.07
  N748                 JUNCTION     0.05     0.07    35.35     0  08:00        0.07
  N749                 JUNCTION     1.05     1.30    35.54     0  08:00        1.30
  N750                 JUNCTION     2.45     2.60    55.67     0  01:14        2.60
  N751                 JUNCTION     0.01     0.01    52.37     0  00:23        0.01
  N753                 JUNCTION     0.06     0.06    36.80     0  01:19        0.06
  N754                 JUNCTION     0.02     0.02    46.71     0  00:53        0.02
  N755                 JUNCTION     1.03     1.30    36.57     0  08:00        1.30
  N756                 JUNCTION     0.05     0.05    32.01     0  00:59        0.05
  N758                 JUNCTION     0.09     0.09    43.76     0  02:22        0.09
  N762                 JUNCTION     0.01     0.01    54.29     0  00:40        0.01
  N763                 JUNCTION     1.48     1.75    38.04     0  01:48        1.75
  N764                 JUNCTION     0.02     0.02    54.24     0  00:34        0.02
  N766                 JUNCTION     0.91     1.17    36.22     0  08:00        1.17
  N768                 JUNCTION     0.02     0.02    40.35     0  01:13        0.02
  N771                 JUNCTION     0.02     0.02    42.12     0  02:40        0.02
  N772                 JUNCTION     0.01     0.01    36.84     0  00:04        0.01
  N777                 JUNCTION     0.01     0.01    38.62     0  00:01        0.01
  N778                 JUNCTION     0.01     0.01    38.07     0  00:18        0.01
  N779                 JUNCTION     0.00     0.00    44.72     0  00:00        0.00
  N780                 JUNCTION     0.01     0.01    38.63     0  00:29        0.01
  N781                 JUNCTION     1.26     1.69    42.43     0  08:00        1.69
  N783                 JUNCTION     0.02     0.02    37.54     0  00:40        0.02
  N787                 JUNCTION     0.47     0.59    41.62     0  08:00        0.59
  N788                 JUNCTION     0.95     1.29    40.02     0  08:00        1.29
  N789                 JUNCTION     1.24     1.48    38.02     0  01:47        1.48
  N791                 JUNCTION     0.02     0.02    38.61     0  00:34        0.02
  N792                 JUNCTION     0.03     0.03    50.70     0  00:02        0.03
  N794                 JUNCTION     1.18     1.44    35.79     0  08:00        1.44
  N795                 JUNCTION     0.01     0.01    54.11     0  00:02        0.01
  N796                 JUNCTION     0.01     0.01    46.56     0  00:36        0.01
  N798                 JUNCTION     1.57     1.88    36.87     0  08:00        1.88
  N799                 JUNCTION     0.14     0.18    41.16     0  04:17        0.18
  N801                 JUNCTION     0.01     0.01    33.85     0  00:03        0.01
  N804                 JUNCTION     0.64     0.80    33.45     0  08:00        0.80
  N806                 JUNCTION     0.03     0.03    33.11     0  01:43        0.03
  N807                 JUNCTION     0.02     0.02    37.30     0  00:29        0.02
  N808                 JUNCTION     0.01     0.01    35.12     0  00:15        0.01
  N809                 JUNCTION     0.01     0.01    34.82     0  00:29        0.01
  N811                 JUNCTION     0.90     1.20    39.74     0  08:00        1.20
  N814                 JUNCTION     0.02     0.02    41.65     0  00:30        0.02
  N815                 JUNCTION     0.04     0.04    46.04     0  01:25        0.04
  N816                 JUNCTION     0.01     0.01    46.54     0  00:34        0.01
  N817                 JUNCTION     0.01     0.01    46.67     0  00:21        0.01
  N819                 JUNCTION     2.56     3.06    40.73     0  08:00        3.06
  N822                 JUNCTION     0.03     0.03    49.09     0  00:03        0.03
  N823                 JUNCTION     0.03     0.03    45.02     0  00:12        0.03
  N827                 JUNCTION     0.02     0.02    36.06     0  00:48        0.02
  N828                 JUNCTION     0.83     1.07    36.04     0  08:00        1.07
  N829                 JUNCTION     1.62     2.10    42.44     0  08:00        2.10
  N830                 JUNCTION     0.01     0.01    48.08     0  00:24        0.01
  N832                 JUNCTION     0.02     0.02    50.34     0  00:00        0.02
  N833                 JUNCTION     0.02     0.02    41.22     0  02:22        0.02
  N834                 JUNCTION     0.94     1.19    37.03     0  08:00        1.19
  N836                 JUNCTION     0.02     0.02    37.26     0  00:55        0.02
  N837                 JUNCTION     0.93     1.19    36.57     0  08:00        1.19
  N838                 JUNCTION     0.01     0.01    37.18     0  00:01        0.01
  N839                 JUNCTION     0.02     0.02    34.66     0  00:27        0.02
  N840                 JUNCTION     0.02     0.02    34.65     0  00:28        0.02
  N842                 JUNCTION     0.02     0.02    42.99     0  00:33        0.02
  N845                 JUNCTION     0.02     0.02    48.35     0  00:03        0.02
  N847                 JUNCTION     0.02     0.02    39.99     0  01:14        0.02
  N849                 JUNCTION     0.90     1.06    40.30     0  01:25        1.06
  N851                 JUNCTION     1.63     1.91    38.03     0  01:49        1.91
  N853                 JUNCTION     0.73     1.00    41.85     0  08:00        1.00
  N854                 JUNCTION     0.01     0.01    34.24     0  00:09        0.01
  N855                 JUNCTION     0.01     0.01    35.26     0  00:02        0.01
  N857                 JUNCTION     0.02     0.02    51.40     0  03:14        0.02
  N858                 JUNCTION     4.26     4.48    60.30     0  06:09        4.48
  N862                 JUNCTION     0.01     0.01    41.63     0  00:14        0.01
  N863                 JUNCTION     0.01     0.01    41.51     0  02:00        0.01
  N865                 JUNCTION     0.06     0.06    37.80     0  00:59        0.06
  N869                 JUNCTION     0.06     0.06    38.64     0  03:19        0.06
  N870                 JUNCTION     0.93     1.32    44.13     0  08:00        1.32
  N871                 JUNCTION     0.08     0.08    32.94     0  01:06        0.08
  N873                 JUNCTION     0.01     0.01    37.99     0  00:22        0.01
  N874                 JUNCTION     0.02     0.02    37.64     0  00:38        0.02
  N875                 JUNCTION     0.02     0.02    36.06     0  00:45        0.02
  N877                 JUNCTION     1.95     2.25    38.03     0  01:48        2.25
  N878                 JUNCTION     0.03     0.03    53.00     0  00:42        0.03
  N886                 JUNCTION     0.02     0.02    46.40     0  00:54        0.02
  N887                 JUNCTION     0.06     0.06    33.93     0  02:23        0.06
  N888                 JUNCTION     0.35     0.45    32.84     0  08:00        0.45
  N890                 JUNCTION     0.03     0.03    48.30     0  01:30        0.03
  N892                 JUNCTION     0.01     0.01    51.48     0  00:00        0.01
  N893                 JUNCTION     0.66     0.82    33.59     0  08:00        0.82
  N894                 JUNCTION     1.02     1.28    37.19     0  08:00        1.28
  N895                 JUNCTION     0.67     0.84    38.84     0  08:00        0.84
  N899                 JUNCTION     0.04     0.04    48.77     0  02:48        0.04
  N903                 JUNCTION     0.01     0.01    33.85     0  00:31        0.01
  N906                 JUNCTION     2.64     3.13    40.55     0  08:00        3.13
  N908                 JUNCTION     0.01     0.01    36.69     0  00:02        0.01
  N909                 JUNCTION     0.80     1.05    40.46     0  08:00        1.05
  N912                 JUNCTION     0.02     0.02    49.11     0  00:40        0.02
  N913                 JUNCTION     0.02     0.02    48.37     0  00:35        0.02
  N914                 JUNCTION     0.61     0.79    41.14     0  04:18        0.79
  N915                 JUNCTION     2.10     2.67    43.67     0  08:00        2.67
  N916                 JUNCTION     0.01     0.01    42.99     0  00:15        0.01
  N919                 JUNCTION     0.08     0.08    33.19     0  01:01        0.08
  N921                 JUNCTION     1.08     1.35    36.22     0  08:00        1.35
  N922                 JUNCTION     1.34     1.63    36.25     0  08:00        1.63
  N923                 JUNCTION     0.56     0.73    34.08     0  08:00        0.73
  N924                 JUNCTION     0.55     0.84    43.20     0  08:00        0.84
  N925                 JUNCTION     0.02     0.02    48.56     0  01:21        0.02
  N926                 JUNCTION     0.02     0.02    36.44     0  00:42        0.02
  N929                 JUNCTION     0.06     0.06    49.32     0  00:07        0.06
  N930                 JUNCTION     2.56     3.07    41.83     0  08:00        3.07
  N931                 JUNCTION     1.05     1.43    42.44     0  08:00        1.43
  N938                 JUNCTION     0.04     0.04    44.40     0  00:37        0.04
  N939                 JUNCTION     0.01     0.01    34.92     0  00:00        0.01
  N940                 JUNCTION     0.59     0.83    40.18     0  08:00        0.83
  N941                 JUNCTION     0.09     0.09    33.02     0  02:53        0.09
  N942                 JUNCTION     0.88     1.11    35.09     0  08:00        1.11
  N944                 JUNCTION     0.03     0.03    42.49     0  01:31        0.03
  N950                 JUNCTION     0.09     0.10    32.89     0  08:00        0.10
  N951                 JUNCTION     0.02     0.02    36.50     0  00:45        0.02
  N952                 JUNCTION     0.70     0.92    36.57     0  08:00        0.92
  N954                 JUNCTION     1.82     2.37    43.91     0  08:00        2.37
  N956                 JUNCTION     1.16     1.34    40.29     0  01:25        1.34
  N957                 JUNCTION     0.01     0.01    50.57     0  00:37        0.01
  N959                 JUNCTION     0.91     1.19    40.94     0  08:00        1.19
  N960                 JUNCTION     0.02     0.02    33.91     0  00:32        0.02
  N961                 JUNCTION     0.02     0.02    33.67     0  00:58        0.02
  N962                 JUNCTION     0.02     0.02    46.63     0  00:55        0.02
  N963                 JUNCTION     1.48     1.79    36.72     0  08:00        1.79
  N964                 JUNCTION     1.50     1.89    40.94     0  08:00        1.89
  N966                 JUNCTION     0.01     0.01    43.88     0  00:48        0.01
  N967                 JUNCTION     2.18     2.54    38.83     0  02:06        2.54
  N968                 JUNCTION     0.02     0.02    36.58     0  00:45        0.02
  N970                 JUNCTION     0.01     0.01    36.84     0  00:22        0.01
  N971                 JUNCTION     0.02     0.02    36.71     0  00:42        0.02
  N972                 JUNCTION     0.01     0.01    50.52     0  00:18        0.01
  N974                 JUNCTION     1.48     1.77    38.83     0  02:06        1.77
  N975                 JUNCTION     0.43     0.58    40.73     0  08:00        0.58
  N976                 JUNCTION     0.58     0.77    40.73     0  08:00        0.77
  N977                 JUNCTION     0.03     0.03    51.28     0  01:21        0.03
  N978                 JUNCTION     0.01     0.01    51.14     0  00:13        0.01
  N979                 JUNCTION     0.02     0.02    35.39     0  00:03        0.02
  N980                 JUNCTION     0.35     0.51    35.35     0  08:00        0.51
  N984                 JUNCTION     0.53     0.76    41.85     0  08:00        0.76
  N985                 JUNCTION     0.01     0.01    51.53     0  00:15        0.01
  N986                 JUNCTION     0.01     0.01    50.42     0  00:05        0.01
  N987                 JUNCTION     0.05     0.06    51.48     0  00:00        0.05
  N990                 JUNCTION     0.02     0.02    52.13     0  00:31        0.02
  N991                 JUNCTION     2.16     2.48    37.79     0  08:00        2.48
  N992                 JUNCTION     1.57     1.97    40.79     0  08:00        1.97
  N994                 JUNCTION     0.35     0.50    35.35     0  08:00        0.50
  N995                 JUNCTION     0.02     0.02    46.98     0  00:03        0.02
  N996                 JUNCTION     0.01     0.01    41.95     0  00:01        0.01
  N997                 JUNCTION     0.00     0.00    31.57     0  00:00        0.00
  N998                 JUNCTION     0.01     0.01    38.65     0  00:09        0.01
  N999                 JUNCTION     0.01     0.01    34.49     0  00:16        0.01
  N1000                JUNCTION     0.01     0.01    52.42     0  00:02        0.01
  N1001                JUNCTION     2.64     3.00    38.45     0  08:00        3.00
  N1002                JUNCTION     0.01     0.01    51.82     0  00:14        0.01
  N1003                JUNCTION     0.02     0.02    43.36     0  02:13        0.02
  N1005                JUNCTION     0.81     1.00    38.04     0  01:48        1.00
  N1006                JUNCTION     0.01     0.01    42.91     0  00:31        0.01
  N1007                JUNCTION     1.29     1.73    42.43     0  08:00        1.73
  N1009                JUNCTION     0.78     1.00    37.19     0  08:00        1.00
  MH4454411            STORAGE      0.35     0.49    35.36     0  08:00        0.49
  MH4450314            STORAGE      0.03     0.03    51.53     0  00:01        0.03
  MH4428367            STORAGE      0.02     0.02    47.08     0  01:42        0.02
  MH4428606            STORAGE      0.66     0.99    44.55     0  08:00        0.99
  MH4454744            STORAGE      0.01     0.01    35.82     0  00:31        0.01
  MH4452397            STORAGE      0.01     0.01    49.62     0  00:25        0.01
  MH4453133            STORAGE      0.19     0.26    36.09     0  08:00        0.26
  MH4447602            STORAGE      0.33     0.54    43.20     0  08:00        0.54
  MH4429312            STORAGE      2.57     3.18    43.46     0  08:00        3.18
  MH4453788            STORAGE      0.49     0.67    36.57     0  08:00        0.67
  MH4456108            STORAGE      0.03     0.03    36.53     0  01:35        0.03
  MH4454209            STORAGE      0.06     0.06    48.64     0  00:10        0.06
  MH1624017            STORAGE      0.02     0.02    34.14     0  00:36        0.02
  MH1623826            STORAGE      0.03     0.03    33.89     0  00:52        0.03
  MH4429136            STORAGE      3.46     4.07    44.52     0  08:00        4.07
  MH4501201            STORAGE      0.09     0.10    33.14     0  02:27        0.10
  MH4501544            STORAGE      0.59     0.74    33.10     0  08:00        0.74
  MH4454640            STORAGE      0.07     0.07    48.17     0  01:33        0.07
  MH4453512            STORAGE      0.48     0.64    36.07     0  08:00        0.64
  MH4452154            STORAGE      1.34     1.63    37.19     0  08:00        1.63
  MH4452217            STORAGE      1.41     1.71    37.19     0  08:00        1.71
  MH4446824            STORAGE      0.42     0.60    40.53     0  08:00        0.60
  MH4453931            STORAGE      0.02     0.02    50.47     0  01:29        0.02
  MH4456468            STORAGE      0.01     0.01    36.66     0  00:43        0.01
  MH4502097            STORAGE      0.56     0.69    32.86     0  08:00        0.69
  MH4447369            STORAGE      0.03     0.03    53.78     0  00:40        0.03
  MH4448345            STORAGE      3.14     3.73    42.39     0  08:00        3.73
  MH4448419            STORAGE      3.21     3.79    42.35     0  08:00        3.79
  MH4449083            STORAGE      0.01     0.01    51.37     0  00:28        0.01
  MH4499116            STORAGE      0.03     0.03    42.22     0  01:31        0.03
  MH4454674            STORAGE      0.02     0.02    50.46     0  00:44        0.02
  MH4427688            STORAGE      0.04     0.04    48.71     0  01:32        0.04
  MH4448753            STORAGE      0.01     0.01    53.03     0  01:15        0.01
  MH1627682            STORAGE      0.03     0.03    32.84     0  03:13        0.03
  MH4452538            STORAGE      0.02     0.02    47.92     0  00:38        0.02
  MH5118586            STORAGE      0.03     0.03    42.37     0  01:13        0.03
  MH4452724            STORAGE      0.02     0.02    40.74     0  01:14        0.02
  MH4448853            STORAGE      2.30     2.70    41.05     0  08:00        2.70
  MH4500422            STORAGE      0.04     0.04    39.02     0  02:33        0.04
  MH4449806            STORAGE      2.05     2.55    39.99     0  08:00        2.55
  MH4450137            STORAGE      2.28     2.80    39.96     0  08:00        2.80
  MH4428117            STORAGE      0.01     0.01    48.31     0  00:36        0.01
  MH4428139            STORAGE      0.01     0.01    48.02     0  01:06        0.01
  MH4455909            STORAGE      0.74     0.93    34.49     0  08:00        0.93
  MH4451823            STORAGE      0.82     0.98    35.65     0  08:00        0.98
  MH4450787            STORAGE      0.02     0.02    42.85     0  00:33        0.02
  MH4428026            STORAGE      0.02     0.02    48.11     0  01:18        0.02
  MH4501866            STORAGE      0.22     0.28    32.87     0  08:00        0.28
  MH1627986            STORAGE      0.04     0.04    33.31     0  02:38        0.04
  MH4499632            STORAGE      0.06     0.06    44.80     0  02:34        0.06
  MH4429035            STORAGE      0.08     0.16    43.46     0  08:00        0.16
  MH4449704            STORAGE      2.18     2.73    42.44     0  08:00        2.73
  MH4449118            STORAGE      2.65     3.23    42.43     0  08:00        3.23
  MH1629281            STORAGE      0.04     0.04    32.88     0  02:42        0.04
  MH4454718            STORAGE      0.02     0.02    48.64     0  01:29        0.02
  MH4451287            STORAGE      0.10     0.10    42.71     0  02:22        0.10
  MH4450219            STORAGE      0.03     0.03    47.55     0  01:20        0.03
  MH4449321            STORAGE      1.83     2.24    40.46     0  08:00        2.24
  MH4448509            STORAGE      1.26     1.60    40.46     0  08:00        1.60
  MH4428524            STORAGE      0.10     0.10    50.63     0  01:21        0.10
  MH1627084            STORAGE      0.03     0.03    34.23     0  02:38        0.03
  MH4455762            STORAGE      0.04     0.04    35.46     0  02:31        0.04
  MH4452721            STORAGE      0.07     0.07    36.35     0  07:16        0.07
  MH4447128            STORAGE      1.69     2.13    41.85     0  08:00        2.13
  MH4447726            STORAGE      2.18     2.67    41.84     0  08:00        2.67
  MH4428268            STORAGE      0.34     0.55    44.24     0  08:00        0.55
  MH4428636            STORAGE      1.56     2.08    44.03     0  08:00        2.08
  MH4452977            STORAGE      1.26     1.51    38.04     0  01:48        1.51
  MH1632309            STORAGE      0.23     0.25    30.00     0  06:32        0.25
  MH4500035            STORAGE      0.08     0.08    33.47     0  01:06        0.08
  MH4451759            STORAGE      0.01     0.01    35.90     0  00:36        0.01
  MH4454490            STORAGE      0.03     0.03    39.81     0  01:04        0.03
  MH4447880            STORAGE      1.44     1.93    43.12     0  08:00        1.93
  MH4499417            STORAGE      0.06     0.06    34.27     0  03:02        0.06
  MH4453579            STORAGE      1.39     1.69    36.57     0  08:00        1.69
  MH4451531            STORAGE      0.01     0.01    36.30     0  00:36        0.01
  MH4449785            STORAGE      2.72     3.13    41.05     0  08:00        3.13
  MH4447416            STORAGE      1.58     2.01    41.85     0  08:00        2.01
  MH4453124            STORAGE      0.04     0.04    39.89     0  02:50        0.04
  MH5228371            STORAGE      0.01     0.01    39.74     0  00:24        0.01
  MH6153571            STORAGE      0.71     0.90    34.05     0  08:00        0.90
  MH4427425            STORAGE      0.01     0.01    55.81     0  01:00        0.01
  MH7465841            STORAGE      0.10     0.10    42.39     0  01:42        0.10
  MH4451971            STORAGE      0.02     0.02    48.56     0  00:48        0.02
  MH4450757            STORAGE      0.09     0.09    45.90     0  02:00        0.09
  MH4447684            STORAGE      0.02     0.02    45.06     0  00:54        0.02
  MH4449173            STORAGE      2.98     3.50    41.75     0  08:00        3.50
  MH4451058            STORAGE      0.04     0.04    46.00     0  01:08        0.04
  MH4452032            STORAGE      1.11     1.36    38.84     0  08:00        1.36
  MH4451840            STORAGE      1.85     2.18    38.84     0  08:00        2.18
  MH1790845            STORAGE      0.04     0.04    47.91     0  02:16        0.04
  MH4456553            STORAGE      0.72     0.91    34.20     0  08:00        0.91
  MH4449510            STORAGE      0.08     0.08    51.15     0  01:19        0.08
  MH4428713            STORAGE      0.31     0.41    41.05     0  02:18        0.41
  MH4428995            STORAGE      0.96     1.20    41.05     0  02:19        1.20
  MH4447351            STORAGE      0.02     0.02    51.65     0  01:16        0.02
  MH4450170            STORAGE      0.08     0.08    49.09     0  02:05        0.08
  MH4500254            STORAGE      0.02     0.02    34.37     0  00:47        0.02
  MH4448662            STORAGE      0.03     0.03    52.34     0  01:18        0.03
  MH4429357            STORAGE      1.49     1.79    41.03     0  02:15        1.79
  MH5286735            STORAGE      0.01     0.01    50.48     0  00:25        0.01
  MH4449860            STORAGE      0.02     0.02    40.57     0  01:19        0.02
  MH4452919            STORAGE      0.01     0.01    36.63     0  01:16        0.01
  MH4450449            STORAGE      2.78     3.26    40.28     0  08:00        3.26
  MH4450581            STORAGE      2.83     3.30    39.94     0  08:00        3.30
  MH6042164            STORAGE      0.02     0.02    45.87     0  01:04        0.02
  MH1625395            STORAGE      0.03     0.03    34.46     0  01:07        0.03
  MH4447397            STORAGE      0.96     1.30    40.03     0  08:00        1.30
  MH5241467            STORAGE      1.20     1.58    40.02     0  08:00        1.58
  MH4455121            STORAGE      0.94     1.18    35.32     0  08:00        1.18
  MH4428765            STORAGE      0.16     0.21    41.05     0  02:18        0.21
  MH1624138            STORAGE      0.68     0.86    33.76     0  08:00        0.86
  MH4452902            STORAGE      0.03     0.03    50.06     0  00:00        0.03
  MH4452980            STORAGE      0.03     0.03    49.67     0  06:17        0.03
  MH4451333            STORAGE      0.01     0.01    51.10     0  00:19        0.01
  MH1623974            STORAGE      0.03     0.03    34.39     0  01:21        0.03
  MH4428320            STORAGE      0.03     0.03    45.24     0  00:07        0.03
  MH1632398            STORAGE      0.25     0.27    29.87     0  06:32        0.27
  MH4447643            STORAGE      2.55     3.05    40.78     0  08:00        3.05
  MH4452081            STORAGE      0.04     0.04    44.18     0  01:15        0.04
  MH4429013            STORAGE      2.09     2.66    43.78     0  08:00        2.66
  MH4429468            STORAGE      1.51     1.90    40.79     0  08:00        1.90
  MH4446883            STORAGE      1.81     2.24    40.79     0  08:00        2.24
  MH4451092            STORAGE      0.04     0.04    45.72     0  00:55        0.04
  MH4448796            STORAGE      0.02     0.02    51.89     0  00:38        0.02
  MH4500902            STORAGE      0.06     0.06    34.81     0  02:31        0.06
  MH4449330            STORAGE      0.01     0.01    52.19     0  01:15        0.01
  MH4450211            STORAGE      0.02     0.02    41.87     0  00:46        0.02
  MH4453770            STORAGE      0.06     0.06    50.93     0  03:30        0.06
  MH4429527            STORAGE      0.58     0.82    40.03     0  08:00        0.82
  MH4450975            STORAGE      1.78     2.22    39.74     0  08:00        2.22
  MH4450207            STORAGE      0.51     0.73    39.99     0  08:00        0.73
  MH4453740            STORAGE      0.02     0.02    45.15     0  00:52        0.02
  MH4429179            STORAGE      1.82     2.26    40.94     0  08:00        2.26
  MH4452527            STORAGE      1.85     2.16    37.37     0  08:00        2.16
  MH4452680            STORAGE      1.70     2.02    37.18     0  08:00        2.02
  MH1624769            STORAGE      0.66     0.83    33.63     0  08:00        0.83
  MH4454629            STORAGE      0.54     0.73    35.35     0  08:00        0.73
  MH1624494            STORAGE      0.04     0.04    32.57     0  01:04        0.04
  MH4451143            STORAGE      1.46     1.86    39.74     0  08:00        1.86
  MH4450922            STORAGE      2.98     3.42    39.26     0  08:00        3.42
  MH4451207            STORAGE      2.93     3.34    38.85     0  08:00        3.34
  MH8963773            STORAGE      1.93     2.29    41.04     0  08:00        2.29
  MH4454643            STORAGE      0.03     0.03    48.96     0  01:30        0.03
  MH4426971            STORAGE      0.01     0.01    57.44     0  00:26        0.01
  MH4453970            STORAGE      1.04     1.31    36.57     0  08:00        1.31
  MH4498454            STORAGE      0.03     0.03    46.36     0  02:27        0.03
  MH4429503            STORAGE      2.48     2.97    40.93     0  08:00        2.97
  MH4429645            STORAGE      0.71     1.03    43.19     0  08:00        1.03
  MH4452011            STORAGE      2.44     2.82    38.83     0  02:05        2.82
  MH4451871            STORAGE      2.52     2.90    38.83     0  08:00        2.90
  MH4449103            STORAGE      2.94     3.47    41.82     0  08:00        3.47
  MH4499048            STORAGE      0.01     0.01    38.87     0  00:27        0.01
  MH4499729            STORAGE      0.04     0.04    40.42     0  02:48        0.04
  MH4456532            STORAGE      0.05     0.05    39.78     0  00:54        0.05
  MH4454376            STORAGE      1.29     1.58    36.02     0  08:00        1.58
  MH4499323            STORAGE      0.01     0.01    38.65     0  00:37        0.01
  MH1623928            STORAGE      0.69     0.87    33.82     0  08:00        0.87
  MH4428920            STORAGE      0.52     0.70    40.94     0  08:00        0.70
  MH4449849            STORAGE      2.39     2.77    40.93     0  08:00        2.77
  MH4455780            STORAGE      0.04     0.04    45.68     0  04:40        0.04
  MH4429019            STORAGE      0.10     0.10    43.78     0  01:42        0.10
  MH4447394            STORAGE      3.31     3.93    42.87     0  08:00        3.93
  MH4453315            STORAGE      0.02     0.02    46.66     0  00:50        0.02
  MH4453553            STORAGE      0.02     0.02    46.26     0  00:51        0.02
  MH4428426            STORAGE      0.01     0.01    49.23     0  00:43        0.01
  MH4428245            STORAGE      0.02     0.02    47.77     0  02:25        0.02
  MH4450378            STORAGE      2.70     3.16    40.59     0  08:00        3.16
  MH4450554            STORAGE      2.71     3.18    40.39     0  08:00        3.18
  MH1631057            STORAGE      0.29     0.32    31.44     0  06:31        0.32
  MH1631514            STORAGE      0.23     0.26    30.97     0  06:32        0.26
  MH4427095            STORAGE      3.69     3.90    58.69     0  06:09        3.90
  MH4455516            STORAGE      0.02     0.02    49.18     0  00:54        0.02
  MH1623725            STORAGE      0.04     0.04    36.24     0  01:17        0.04
  MH4456551            STORAGE      0.05     0.06    34.88     0  01:33        0.06
  MH4453489            STORAGE      1.25     1.54    36.57     0  08:00        1.54
  MH4449436            STORAGE      0.02     0.02    41.80     0  01:10        0.02
  MH4455808            STORAGE      0.03     0.03    47.89     0  01:06        0.03
  MH4450920            STORAGE      0.05     0.05    50.69     0  01:06        0.05
  MH4451516            STORAGE      0.04     0.04    42.91     0  01:48        0.04
  MH4452994            STORAGE      0.92     1.16    36.67     0  08:00        1.16
  MH4452189            STORAGE      2.10     2.41    37.71     0  08:00        2.41
  MH4449882            STORAGE      2.13     2.67    42.44     0  08:00        2.67
  MH1629073            STORAGE      0.02     0.02    33.38     0  00:35        0.02
  MH4429320            STORAGE      0.51     0.73    41.85     0  08:00        0.73
  MH4451945            STORAGE      1.02     1.23    40.72     0  08:00        1.23
  MH4452809            STORAGE      1.74     2.06    38.83     0  02:06        2.06
  MH4452632            STORAGE      1.90     2.24    38.83     0  02:06        2.24
  MH4453981            STORAGE      0.01     0.01    40.44     0  00:24        0.01
  MH4320104            STORAGE      0.03     0.03    46.04     0  01:14        0.03
  MH4426673            STORAGE      0.01     0.01    59.15     0  00:34        0.01
  MH4450077            STORAGE      0.02     0.02    45.04     0  00:48        0.02
  MH4428836            STORAGE      0.53     0.69    41.16     0  04:21        0.69
  MH4429107            STORAGE      1.11     1.37    41.13     0  04:17        1.37
  MH4429656            STORAGE      1.95     2.40    40.79     0  08:00        2.40
  MH4450617            STORAGE      0.02     0.02    44.33     0  00:45        0.02
  MH4448392            STORAGE      0.02     0.02    42.78     0  00:46        0.02
  MH4448813            STORAGE      0.18     0.30    42.46     0  08:00        0.30
  MH4449913            STORAGE      2.68     3.17    40.45     0  08:00        3.17
  MH4427309            STORAGE      0.03     0.03    54.83     0  00:03        0.03
  MH1625316            STORAGE      0.05     0.05    32.19     0  01:16        0.05
  MH4429584            STORAGE      1.51     1.91    40.79     0  08:00        1.91
  MH4429544            STORAGE      1.70     2.12    40.79     0  08:00        2.12
  MH4452946            STORAGE      0.07     0.07    36.13     0  07:52        0.07
  MH4428797            STORAGE      0.02     0.02    44.06     0  00:51        0.02
  MH4451468            STORAGE      1.05     1.31    37.19     0  08:00        1.31
  MH4450391            STORAGE      2.55     3.07    39.91     0  08:00        3.07
  MH4450531            STORAGE      2.65     3.15    39.74     0  08:00        3.15
  MH1629194            STORAGE      0.47     0.56    32.22     0  08:00        0.56
  MH4449977            STORAGE      0.99     1.37    42.45     0  08:00        1.37
  MH4454125            STORAGE      1.03     1.30    36.57     0  08:00        1.30
  MH4453047            STORAGE      0.01     0.01    49.47     0  00:33        0.01
  MH4455813            STORAGE      0.04     0.04    48.14     0  01:03        0.04
  MH4451576            STORAGE      0.01     0.01    41.87     0  00:30        0.01
  MH4450193            STORAGE      2.71     3.16    40.73     0  08:00        3.16
  MH4449635            STORAGE      0.03     0.03    50.45     0  00:51        0.03
  MH4454657            STORAGE      0.03     0.03    49.54     0  03:01        0.03
  MH4428800            STORAGE      0.01     0.01    45.26     0  02:02        0.01
  MH4452071            STORAGE      0.05     0.05    39.69     0  00:57        0.05
  MH4454876            STORAGE      0.02     0.02    48.16     0  01:32        0.02
  MH4455429            STORAGE      0.02     0.02    45.11     0  01:30        0.02
  MH4448762            STORAGE      1.48     1.91    40.02     0  08:00        1.91
  MH4454901            STORAGE      0.02     0.02    42.34     0  00:12        0.02
  MH1624202            STORAGE      0.02     0.02    32.67     0  00:49        0.02
  MH4454195            STORAGE      0.99     1.25    36.57     0  08:00        1.25
  MH1626450            STORAGE      0.01     0.01    33.30     0  00:32        0.01
  MH1626578            STORAGE      0.03     0.03    33.25     0  01:03        0.03
  MH4429411            STORAGE      1.78     2.32    44.52     0  08:00        2.32
  MH4501851            STORAGE      0.22     0.27    32.88     0  08:00        0.27
  MH4456372            STORAGE      0.03     0.03    47.23     0  02:19        0.03
  MH5216010            STORAGE      0.01     0.01    47.60     0  00:18        0.01
  MH4498407            STORAGE      0.03     0.03    46.44     0  02:24        0.03
  MH4453748            STORAGE      0.89     1.15    36.22     0  08:00        1.15
  MH4427312            STORAGE      0.02     0.02    54.04     0  01:17        0.02
  MH4451113            STORAGE      0.03     0.03    50.47     0  01:07        0.03
  MH4450100            STORAGE      0.01     0.01    40.33     0  00:44        0.01
  MH4450180            STORAGE      1.14     1.32    40.30     0  01:25        1.32
  MH4429323            STORAGE      0.02     0.02    53.34     0  01:09        0.02
  MH4449920            STORAGE      0.02     0.02    49.33     0  01:20        0.02
  MH1790382            STORAGE      0.02     0.02    48.43     0  01:02        0.02
  MH4455602            STORAGE      0.03     0.03    47.19     0  03:06        0.03
  MH4429471            STORAGE      1.11     1.47    41.85     0  08:00        1.47
  MH4451886            STORAGE      2.33     2.64    38.02     0  01:47        2.64
  MH4450802            STORAGE      0.02     0.02    51.02     0  01:01        0.02
  MH4447506            STORAGE      0.02     0.02    53.55     0  00:47        0.02
  MH4429499            STORAGE      3.49     4.12    43.67     0  08:00        4.12
  MH4447691            STORAGE      2.56     3.05    40.77     0  08:00        3.05
  MH4449485            STORAGE      0.09     0.09    51.23     0  04:03        0.09
  MH5233531            STORAGE      0.05     0.05    35.27     0  00:58        0.05
  MH4428146            STORAGE      0.02     0.02    45.05     0  00:31        0.02
  MH4428096            STORAGE      2.06     2.15    53.63     0  00:51        2.15
  MH4450167            STORAGE      1.63     1.89    40.50     0  08:00        1.89
  MH1630330            STORAGE      0.06     0.06    31.40     0  01:46        0.06
  MH1630926            STORAGE      0.07     0.07    31.09     0  00:34        0.07
  MH4500043            STORAGE      0.03     0.03    44.35     0  03:05        0.03
  MH4454993            STORAGE      0.05     0.05    35.59     0  02:43        0.05
  MH1629888            STORAGE      0.05     0.05    32.33     0  01:15        0.05
  MH4427714            STORAGE      0.02     0.02    49.74     0  00:29        0.02
  MH4450332            STORAGE      1.32     1.51    40.29     0  01:25        1.51
  MH4452952            STORAGE      0.03     0.03    50.00     0  00:15        0.03
  MH4426188            STORAGE      1.89     2.06    60.24     0  06:10        2.06
  MH4426979            STORAGE      0.02     0.02    57.48     0  00:37        0.02
  MH4455191            STORAGE      0.04     0.04    47.61     0  00:51        0.04
  MH4454312            STORAGE      0.02     0.02    35.73     0  03:45        0.02
  MH4427849            STORAGE      0.02     0.02    50.28     0  00:46        0.02
  MH1625959            STORAGE      0.05     0.05    31.89     0  01:20        0.05
  MH4498291            STORAGE      0.01     0.01    48.07     0  00:54        0.01
  MH5164627            STORAGE      0.01     0.01    34.99     0  00:41        0.01
  MH4453850            STORAGE      0.53     0.71    36.57     0  08:00        0.71
  MH4454009            STORAGE      0.66     0.87    36.57     0  08:00        0.87
  MH4453031            STORAGE      0.02     0.02    36.81     0  00:29        0.02
  MH1626189            STORAGE      0.62     0.77    33.29     0  08:00        0.77
  MH4499059            STORAGE      0.04     0.04    45.67     0  02:29        0.04
  MH4451673            STORAGE      2.09     2.44    38.84     0  08:00        2.44
  MH4447346            STORAGE      1.01     1.35    41.85     0  08:00        1.35
  MH4427659            STORAGE      0.01     0.01    54.08     0  00:20        0.01
  MH4453098            STORAGE      1.66     1.97    37.03     0  08:00        1.97
  MH4502186            STORAGE      0.57     0.69    32.82     0  08:00        0.69
  MH4500625            STORAGE      0.02     0.02    33.44     0  01:13        0.02
  MH4429420            STORAGE      0.02     0.02    47.62     0  01:23        0.02
  MH4450396            STORAGE      0.02     0.02    46.11     0  01:00        0.02
  MH4499406            STORAGE      0.04     0.04    40.97     0  01:03        0.04
  MH4456777            STORAGE      0.04     0.04    38.81     0  06:22        0.04
  MH4428638            STORAGE      0.04     0.04    44.70     0  00:12        0.04
  MH8707824            STORAGE      0.02     0.02    36.34     0  00:48        0.02
  MH4454398            STORAGE      0.01     0.01    47.69     0  00:25        0.01
  MH4453185            STORAGE      1.30     1.59    37.03     0  08:00        1.59
  MH4450847            STORAGE      0.02     0.02    44.37     0  01:01        0.02
  MH4428583            STORAGE      0.13     0.17    41.15     0  04:21        0.17
  MH4455943            STORAGE      0.02     0.02    47.74     0  00:53        0.02
  MH4426728            STORAGE      4.28     4.50    60.23     0  06:11        4.50
  MH4427741            STORAGE      0.01     0.01    52.40     0  01:01        0.01
  MH4452541            STORAGE      1.30     1.57    38.85     0  08:00        1.57
  MH4449796            STORAGE      2.10     2.59    40.18     0  08:00        2.59
  MH4450269            STORAGE      0.01     0.01    46.17     0  00:35        0.01
  MH4447355            STORAGE      0.01     0.01    54.61     0  01:12        0.01
  MH4448029            STORAGE      0.02     0.02    53.63     0  01:14        0.02
  MH4452462            STORAGE      1.71     1.99    38.03     0  01:49        1.99
  MH4448626            STORAGE      0.04     0.04    52.40     0  00:47        0.04
  MH4428137            STORAGE      0.02     0.02    44.45     0  00:33        0.02
  MH1630702            STORAGE      0.01     0.01    31.68     0  00:56        0.01
  MH4454116            STORAGE      1.33     1.62    36.22     0  08:00        1.62
  MH4452110            STORAGE      0.86     1.07    38.84     0  08:00        1.07
  MH4428968            STORAGE      0.03     0.03    51.99     0  01:20        0.03
  MH4500689            STORAGE      0.09     0.09    33.15     0  04:05        0.09
  MH1623436            STORAGE      0.01     0.01    36.26     0  00:26        0.01
  MH4454395            STORAGE      0.02     0.02    49.24     0  01:27        0.02
  MH4449866            STORAGE      1.00     1.27    40.73     0  08:00        1.27
  MH4449011            STORAGE      2.60     3.09    40.62     0  08:00        3.09
  MH4452760            STORAGE      0.00     0.00    37.44     0  00:19        0.00
  MH4447668            STORAGE      0.88     1.14    40.46     0  08:00        1.14
  MH4448929            STORAGE      2.19     2.76    43.02     0  08:00        2.76
  MH4448474            STORAGE      1.41     1.83    40.41     0  08:00        1.83
  MH4429086            STORAGE      0.03     0.03    42.95     0  01:32        0.03
  MH4320244            STORAGE      0.04     0.04    45.20     0  01:18        0.04
  MH4429268            STORAGE      0.84     1.11    40.79     0  08:00        1.11
  MH4451870            STORAGE      1.37     1.64    37.71     0  08:00        1.64
  MH4453213            STORAGE      0.06     0.06    49.52     0  00:05        0.06
  MH4428067            STORAGE      0.01     0.01    52.16     0  00:39        0.01
  MH4453837            STORAGE      0.06     0.06    35.50     0  01:44        0.06
  MH4451967            STORAGE      1.09     1.36    37.19     0  08:00        1.36
  MH4449503            STORAGE      0.56     0.82    42.46     0  08:00        0.82
  MH4428188            STORAGE      0.03     0.03    43.95     0  00:43        0.03
  MH4449778            STORAGE      1.32     1.73    39.96     0  08:00        1.73
  MH4447452            STORAGE      1.94     2.30    41.04     0  08:00        2.30
  MH4427588            STORAGE      2.62     2.78    56.40     0  01:14        2.79
  MH4450776            STORAGE      1.26     1.58    40.59     0  08:00        1.58
  MH4453095            STORAGE      0.75     0.98    36.57     0  08:00        0.98
  X385                 OUTFALL      0.01     0.01    57.02     0  00:26        0.01
  X570                 OUTFALL      0.01     0.01    53.31     0  00:20        0.01
  OUT                  OUTFALL      0.25     0.27    29.42     0  06:33        0.27
  X902                 OUTFALL      0.00     0.00    58.34     0  00:34        0.00
  
  
  *******************
  Node Inflow Summary
  *******************
  
  -------------------------------------------------------------------------------------------------
                                  Maximum  Maximum                  Lateral       Total        Flow
                                  Lateral    Total  Time of Max      Inflow      Inflow     Balance
                                   Inflow   Inflow   Occurrence      Volume      Volume       Error
  Node                 Type           LPS      LPS  days hr:min    10^6 ltr    10^6 ltr     Percent
  -------------------------------------------------------------------------------------------------
  N0                   JUNCTION      0.28   177.96     0  06:33     0.00813        4.62       0.206
  N1                   JUNCTION      0.23   178.18     0  06:33     0.00658        4.61       0.209
  N3                   JUNCTION      0.02     6.48     0  00:56    0.000445       0.179       0.780
  N4                   JUNCTION      0.10     0.10     0  00:00     0.00278     0.00278       0.277
  N8                   JUNCTION      0.08     0.23     0  00:36     0.00243     0.00653       0.211
  N9                   JUNCTION      0.23     0.45     0  00:20     0.00654      0.0131       0.230
  N10                  JUNCTION      0.27     0.59     0  00:39     0.00786      0.0169       0.202
  N13                  JUNCTION      0.35     2.96     0  00:58      0.0101      0.0812       2.185
  N15                  JUNCTION      0.14     0.30     0  00:31       0.004     0.00852       0.216
  N18                  JUNCTION      0.14     0.37     0  00:24     0.00417      0.0107       0.213
  N20                  JUNCTION      0.17     6.81     0  01:46     0.00489       0.193       0.119
  N22                  JUNCTION      0.22     0.22     0  00:00     0.00634     0.00634       0.268
  N25                  JUNCTION      0.40    12.45     0  08:00      0.0115       0.335       0.570
  N26                  JUNCTION      0.16     0.35     0  01:47     0.00464     0.00466       3.222
  N28                  JUNCTION      0.24     1.75     0  01:20     0.00678        0.05       0.148
  N30                  JUNCTION      0.26     0.26     0  00:00     0.00744     0.00744       0.157
  N31                  JUNCTION      0.09     0.35     0  00:16     0.00253     0.00996       0.210
  N32                  JUNCTION      0.11     0.11     0  00:00     0.00323     0.00323       0.074
  N33                  JUNCTION      0.17     0.28     0  00:07     0.00489     0.00812       0.169
  N34                  JUNCTION      0.18     0.92     0  00:53     0.00515      0.0262       0.444
  N35                  JUNCTION      0.20     1.12     0  00:54     0.00585       0.032       0.431
  N38                  JUNCTION      0.25     5.38     0  00:07     0.00732       0.153       0.288
  N43                  JUNCTION      0.34    16.47     0  08:00     0.00983       0.459       0.357
  N45                  JUNCTION      0.40    11.10     0  02:24      0.0115       0.312       0.386
  N46                  JUNCTION      0.17     1.25     0  00:52     0.00504      0.0356       1.722
  N47                  JUNCTION      0.12   143.88     0  06:35      0.0035        3.72       0.177
  N49                  JUNCTION      0.25     0.66     0  00:33     0.00729       0.019       0.317
  N50                  JUNCTION      0.04     0.70     0  00:37     0.00125      0.0202       0.183
  N51                  JUNCTION      0.05     5.65     0  00:11      0.0014        0.16       0.193
  N53                  JUNCTION      0.16     7.46     0  01:11     0.00467       0.209       0.806
  N59                  JUNCTION      0.16     2.76     0  01:32     0.00467      0.0785       0.167
  N61                  JUNCTION      0.25     1.02     0  00:55     0.00716      0.0291       0.326
  N62                  JUNCTION      0.24     1.26     0  00:57     0.00701       0.036       0.335
  N63                  JUNCTION      0.21    20.54     0  06:54     0.00616       0.574       0.113
  N64                  JUNCTION      0.30    20.84     0  06:54     0.00867       0.582       0.285
  N66                  JUNCTION      0.33     1.05     0  01:29     0.00963      0.0301       0.354
  N67                  JUNCTION      0.11     0.11     0  00:00     0.00318     0.00318       0.131
  N69                  JUNCTION      0.25   144.68     0  06:35     0.00707        3.73       0.222
  N71                  JUNCTION      0.19     9.28     0  00:53     0.00552       0.262       0.110
  N72                  JUNCTION      0.21     9.49     0  00:59     0.00604       0.268       0.109
  N73                  JUNCTION      1.02     1.02     0  00:00      0.0294      0.0294       0.005
  N77                  JUNCTION      0.29     0.29     0  00:00     0.00823     0.00823       0.210
  N79                  JUNCTION      0.04     0.59     0  00:28     0.00101      0.0168       0.117
  N81                  JUNCTION      0.12     0.12     0  00:00     0.00354     0.00354       0.104
  N82                  JUNCTION      0.07     0.20     0  00:09     0.00212     0.00566       0.194
  N83                  JUNCTION      0.14     0.58     0  00:42     0.00416      0.0167       0.347
  N85                  JUNCTION      0.30     2.72     0  00:27     0.00864      0.0783       0.283
  N87                  JUNCTION      0.06     0.06     0  00:00     0.00177     0.00177       0.089
  N89                  JUNCTION      0.21     1.24     0  01:03     0.00617      0.0353       0.357
  N97                  JUNCTION      0.22     9.26     0  00:26      0.0062      0.0798       3.844
  N98                  JUNCTION      0.19     5.50     0  02:14     0.00534       0.155       0.097
  N100                 JUNCTION      0.24     5.95     0  02:55     0.00704       0.168       0.106
  N101                 JUNCTION      0.20     6.15     0  02:45     0.00586       0.174       0.112
  N106                 JUNCTION      0.30   125.06     0  01:52     0.00854        3.27       0.235
  N108                 JUNCTION      0.12     0.59     0  00:48     0.00342      0.0169       0.159
  N109                 JUNCTION      0.52     0.52     0  00:00      0.0149      0.0149       0.359
  N112                 JUNCTION      0.06     0.43     0  00:33     0.00176      0.0125       0.379
  N113                 JUNCTION      0.25     0.94     0  01:01     0.00721      0.0269       0.150
  N116                 JUNCTION      0.25    21.85     0  02:10     0.00723       0.605       0.481
  N119                 JUNCTION      0.23     1.60     0  00:49     0.00671      0.0457       0.237
  N122                 JUNCTION      0.23     5.01     0  02:21      0.0065       0.141       0.244
  N124                 JUNCTION      0.27     1.65     0  01:25     0.00789      0.0255       4.862
  N125                 JUNCTION      0.22     0.92     0  00:44     0.00638      0.0264       0.264
  N128                 JUNCTION      0.06     0.50     0  00:25     0.00174      0.0143       0.327
  N131                 JUNCTION      0.27     1.41     0  00:46     0.00765      0.0403       0.316
  N133                 JUNCTION      0.02     0.14     0  00:35    0.000678     0.00409       0.113
  N134                 JUNCTION      0.26     0.41     0  00:19     0.00757      0.0117       0.250
  N137                 JUNCTION      0.33     1.34     0  01:11     0.00947      0.0383       0.181
  N139                 JUNCTION      0.12     2.07     0  01:14     0.00332      0.0262       1.618
  N142                 JUNCTION      0.07     2.48     0  01:03     0.00188      0.0235       4.080
  N143                 JUNCTION      0.28    23.57     0  00:51     0.00795       0.659       0.301
  N145                 JUNCTION      0.14     0.59     0  00:37     0.00394       0.017       0.225
  N147                 JUNCTION      0.15     1.37     0  02:38     0.00445      0.0391       0.219
  N148                 JUNCTION      0.14     0.55     0  00:23     0.00401      0.0158       0.219
  N149                 JUNCTION      0.19     9.03     0  02:27     0.00547       0.255       0.114
  N150                 JUNCTION      0.16     9.19     0  02:18     0.00462       0.259       0.107
  N151                 JUNCTION      0.06     0.70     0  00:45     0.00167      0.0201       0.251
  N153                 JUNCTION      0.25     0.25     0  00:00     0.00715     0.00715       0.184
  N154                 JUNCTION      0.23     0.48     0  00:02     0.00652      0.0137       0.513
  N155                 JUNCTION      0.17     0.68     0  00:27      0.0049      0.0195       0.364
  N157                 JUNCTION      0.20     0.86     0  00:33     0.00568      0.0248       0.421
  N158                 JUNCTION      0.10   181.56     0  06:31     0.00274        4.69       0.133
  N159                 JUNCTION      0.32     0.44     0  00:15     0.00911      0.0126       0.321
  N162                 JUNCTION      0.24     1.99     0  02:38     0.00695      0.0567       0.333
  N163                 JUNCTION      0.03     1.28     0  00:37    0.000858      0.0359       1.660
  N166                 JUNCTION      0.42     5.37     0  01:31      0.0122       0.153       0.218
  N168                 JUNCTION      0.22     1.08     0  01:41     0.00643      0.0311       0.252
  N170                 JUNCTION      0.19     1.25     0  01:03     0.00548      0.0124       8.353
  N171                 JUNCTION      0.04     1.07     0  01:19     0.00111       0.013       4.957
  N172                 JUNCTION      0.21     2.48     0  01:02     0.00597      0.0168       7.325
  N176                 JUNCTION      0.24   186.88     0  06:32     0.00693        4.81       0.064
  N178                 JUNCTION      0.27     9.76     0  00:59     0.00775       0.275       0.114
  N180                 JUNCTION      0.23     4.99     0  01:20     0.00669        0.14       0.725
  N181                 JUNCTION      0.20     5.20     0  01:30     0.00589       0.145       0.618
  N183                 JUNCTION      0.00    34.27     0  08:00           0       0.846       0.000
  N184                 JUNCTION      0.22     2.60     0  01:32     0.00637       0.074       0.196
  N186                 JUNCTION      0.19     3.46     0  00:50     0.00557      0.0986       0.137
  N187                 JUNCTION      0.23     0.66     0  00:52     0.00655       0.019       0.129
  N188                 JUNCTION      0.13     4.45     0  01:34     0.00382       0.123       0.903
  N191                 JUNCTION      0.16     7.83     0  02:50     0.00454       0.221       0.163
  N192                 JUNCTION      0.20     3.66     0  01:11     0.00574      0.0467       3.312
  N194                 JUNCTION      0.13     0.13     0  00:00     0.00362     0.00362       0.102
  N197                 JUNCTION      0.23    35.21     0  00:32     0.00648       0.845       0.297
  N198                 JUNCTION      0.23     2.26     0  01:24      0.0066      0.0157       2.791
  N202                 JUNCTION      0.05     3.19     0  00:45     0.00135      0.0911       0.087
  N205                 JUNCTION      0.16     0.31     0  00:24      0.0047     0.00895       0.147
  N206                 JUNCTION      0.02   136.37     0  06:37      0.0007        3.57       0.039
  N208                 JUNCTION      0.22    20.12     0  00:38      0.0064       0.566       0.197
  N209                 JUNCTION      0.10    20.21     0  06:56     0.00286       0.567       0.132
  N210                 JUNCTION      0.30   181.86     0  06:31     0.00864        4.69       0.156
  N211                 JUNCTION      0.25   182.11     0  06:31      0.0072        4.69       0.197
  N212                 JUNCTION      0.12     0.12     0  00:00     0.00343     0.00343       0.081
  N216                 JUNCTION      0.24     1.14     0  00:49     0.00683      0.0327       0.184
  N220                 JUNCTION      0.27    33.43     0  01:37     0.00773       0.937       0.058
  N221                 JUNCTION      0.18     0.18     0  00:00     0.00517     0.00517       0.125
  N222                 JUNCTION      0.23     0.41     0  00:15     0.00667      0.0118       0.237
  N224                 JUNCTION      0.10     0.95     0  00:37     0.00293      0.0271       0.210
  N225                 JUNCTION      0.34    14.13     0  01:24     0.00985       0.402       0.158
  N228                 JUNCTION      0.11     0.21     0  00:09     0.00316     0.00609       0.175
  N229                 JUNCTION      0.23     0.44     0  00:18     0.00648      0.0126       0.236
  N230                 JUNCTION      0.16     1.01     0  01:24     0.00454       0.029       0.201
  N231                 JUNCTION      0.12     1.14     0  01:27     0.00359      0.0325       0.165
  N232                 JUNCTION      0.21     0.58     0  00:19     0.00597      0.0165       0.255
  N234                 JUNCTION      0.33     1.52     0  00:38     0.00964      0.0435       0.126
  N238                 JUNCTION      0.04     0.04     0  00:00     0.00118     0.00118       0.064
  N239                 JUNCTION      0.19     0.23     0  00:00     0.00547     0.00665       0.548
  N240                 JUNCTION      0.25     3.33     0  00:03     0.00715      0.0954       0.166
  N244                 JUNCTION      0.18     0.66     0  01:02     0.00509      0.0188       0.292
  N246                 JUNCTION      0.24     2.02     0  04:04     0.00683      0.0572       0.342
  N247                 JUNCTION      0.21     2.23     0  04:05     0.00612      0.0632       1.286
  N248                 JUNCTION      0.22     0.77     0  00:53     0.00635       0.022       0.354
  N250                 JUNCTION      0.04   136.35     0  06:37     0.00118        3.57       0.159
  N251                 JUNCTION      0.25     0.55     0  00:31     0.00732      0.0159       0.630
  N255                 JUNCTION      0.31     0.82     0  01:14     0.00886      0.0235       0.127
  N258                 JUNCTION      0.31     5.62     0  01:06     0.00893       0.152       0.921
  N260                 JUNCTION      0.13     0.58     0  00:47     0.00385      0.0167       0.254
  N261                 JUNCTION      0.37     0.72     0  00:47      0.0106      0.0208       0.463
  N263                 JUNCTION      0.08     0.08     0  00:00     0.00222     0.00222       0.071
  N265                 JUNCTION      0.34     7.92     0  00:53     0.00969       0.116       3.009
  N267                 JUNCTION      0.37     0.51     0  00:25      0.0106      0.0148       0.600
  N268                 JUNCTION      0.22     7.96     0  00:52     0.00625       0.225       0.110
  N269                 JUNCTION      0.20     8.16     0  00:52     0.00587       0.231       0.119
  N270                 JUNCTION      0.58     2.69     0  01:54      0.0166      0.0374       4.204
  N271                 JUNCTION      0.01     2.99     0  00:20      0.0003      0.0367      11.206
  N272                 JUNCTION      0.11     0.11     0  00:00     0.00319     0.00319       0.081
  N274                 JUNCTION      0.15     0.23     0  00:26     0.00419     0.00653       0.187
  N275                 JUNCTION      0.21     0.44     0  00:27     0.00619      0.0127       0.229
  N276                 JUNCTION      0.21    11.31     0  02:32     0.00604       0.316       0.808
  N277                 JUNCTION      0.14     0.14     0  00:00     0.00406     0.00406       0.106
  N278                 JUNCTION      0.13     0.27     0  00:10     0.00384     0.00789       0.155
  N279                 JUNCTION      0.17     1.10     0  01:18     0.00503      0.0313       0.332
  N280                 JUNCTION      0.27     0.75     0  01:10     0.00767      0.0214       0.178
  N281                 JUNCTION      0.18     0.93     0  01:10     0.00528      0.0267       0.199
  N285                 JUNCTION      0.11     0.11     0  00:00     0.00314     0.00314       0.119
  N287                 JUNCTION      0.14     0.22     0  00:00       0.004     0.00619       0.151
  N293                 JUNCTION      0.19     0.19     0  00:00     0.00535     0.00535       0.147
  N294                 JUNCTION      0.18     0.37     0  00:14     0.00523      0.0106       0.271
  N295                 JUNCTION      0.12     0.98     0  01:07     0.00357     0.00368       4.381
  N296                 JUNCTION      0.24     1.90     0  01:23     0.00698      0.0542       0.133
  N297                 JUNCTION      0.27     2.16     0  01:14     0.00767      0.0617       0.195
  N298                 JUNCTION      0.12     0.20     0  00:20     0.00335     0.00571       0.157
  N299                 JUNCTION      0.16     0.36     0  00:31     0.00467      0.0104       0.246
  N300                 JUNCTION      0.23     8.11     0  00:56      0.0066       0.221       0.957
  N302                 JUNCTION      0.21     1.84     0  01:17     0.00606      0.0524       0.259
  N303                 JUNCTION      0.35     0.35     0  00:00      0.0101      0.0101       0.434
  N307                 JUNCTION      0.14     1.56     0  01:23     0.00413      0.0445       1.451
  N311                 JUNCTION      0.14     0.14     0  00:00     0.00392     0.00392       0.183
  N314                 JUNCTION      0.20     1.26     0  01:21     0.00583      0.0359       3.279
  N317                 JUNCTION      0.18     0.18     0  00:00      0.0052      0.0052       0.179
  N318                 JUNCTION      0.26     0.44     0  00:18      0.0074      0.0126       0.382
  N319                 JUNCTION      0.23    36.26     0  08:00     0.00651       0.998       0.548
  N321                 JUNCTION      0.25     5.17     0  00:57     0.00709       0.147       0.218
  N322                 JUNCTION      0.20     5.37     0  01:06     0.00582       0.152       1.595
  N324                 JUNCTION      0.20     4.73     0  01:07     0.00588       0.135       0.116
  N325                 JUNCTION      0.20     5.43     0  04:19     0.00572       0.145       0.703
  N327                 JUNCTION      0.22    10.75     0  00:35     0.00643       0.295       0.405
  N328                 JUNCTION      0.24    41.31     0  08:00     0.00683        1.08       0.213
  N331                 JUNCTION      0.15     0.15     0  00:00     0.00422     0.00422       0.161
  N332                 JUNCTION      0.30     0.45     0  00:16     0.00876       0.013       0.374
  N334                 JUNCTION      0.28     5.52     0  01:07     0.00809       0.102       2.677
  N336                 JUNCTION      0.23     0.58     0  00:38      0.0065      0.0167       0.245
  N337                 JUNCTION      0.26     0.94     0  00:40      0.0076      0.0268       0.442
  N339                 JUNCTION      0.18     5.83     0  00:52     0.00508       0.165       0.986
  N340                 JUNCTION      0.21     1.62     0  00:51     0.00598      0.0463       0.181
  N341                 JUNCTION      0.26     1.88     0  00:51     0.00737      0.0536       0.193
  N343                 JUNCTION      0.19     0.98     0  00:45     0.00542       0.028       0.246
  N345                 JUNCTION      0.09     1.49     0  01:21     0.00263     0.00703       8.772
  N346                 JUNCTION      0.37     1.98     0  01:16      0.0106      0.0175       4.012
  N347                 JUNCTION      0.35     0.42     0  00:14      0.0102      0.0122       0.406
  N353                 JUNCTION      0.17     0.30     0  00:18     0.00492     0.00876       0.164
  N354                 JUNCTION      0.16     0.47     0  00:48     0.00474      0.0135       0.195
  N356                 JUNCTION      0.31     3.62     0  00:35     0.00881      0.0315       4.374
  N357                 JUNCTION      0.20     1.32     0  00:51     0.00575     0.00588       3.921
  N361                 JUNCTION      0.27     5.97     0  00:50     0.00764      0.0555       2.566
  N362                 JUNCTION      0.16     0.16     0  00:00     0.00466     0.00466       0.116
  N363                 JUNCTION      0.00     0.17     0  00:01    5.77e-05     0.00472       0.149
  N364                 JUNCTION      0.10     0.61     0  00:28     0.00295      0.0174       0.169
  N365                 JUNCTION      0.26     1.26     0  01:18     0.00738      0.0361       0.446
  N366                 JUNCTION      0.21    75.82     0  01:47      0.0061        1.82       0.156
  N367                 JUNCTION      0.07    75.87     0  01:47     0.00188        1.82       0.137
  N372                 JUNCTION      0.29     0.66     0  00:26     0.00842      0.0189       0.488
  N375                 JUNCTION      0.19     0.86     0  01:22     0.00557      0.0245       0.152
  N379                 JUNCTION      0.25     1.22     0  01:07     0.00732     0.00748       4.756
  N382                 JUNCTION      0.29     2.45     0  01:35     0.00826      0.0698       0.192
  N383                 JUNCTION      0.07     0.07     0  00:00     0.00216     0.00216       0.078
  N387                 JUNCTION      0.20     0.74     0  00:42     0.00566      0.0213       2.482
  N389                 JUNCTION      0.20     2.65     0  01:45     0.00578      0.0755       0.279
  N391                 JUNCTION      0.12     2.11     0  02:13      0.0034      0.0597       0.152
  N394                 JUNCTION      0.22    33.65     0  01:17      0.0063       0.943       0.346
  N397                 JUNCTION      0.38     4.31     0  01:36      0.0109        0.12       0.645
  N401                 JUNCTION      0.23    10.72     0  01:06     0.00648         0.3       1.269
  N403                 JUNCTION      5.31     5.31     0  00:00       0.153       0.153       0.008
  N405                 JUNCTION      0.21     3.15     0  00:59     0.00612      0.0897       0.219
  N406                 JUNCTION      0.17     0.76     0  00:30     0.00486      0.0217       0.404
  N408                 JUNCTION      0.18     9.00     0  01:08     0.00506       0.244       0.799
  N411                 JUNCTION      0.27     2.99     0  01:15     0.00784      0.0848       0.174
  N412                 JUNCTION      0.24     0.24     0  00:00     0.00702     0.00702       0.104
  N414                 JUNCTION      0.25   139.55     0  06:37     0.00711        3.65       0.229
  N416                 JUNCTION      0.19     0.30     0  00:12     0.00541      0.0086       0.161
  N418                 JUNCTION      0.13     4.30     0  00:47     0.00386       0.123       0.152
  N419                 JUNCTION      0.31    13.65     0  00:30     0.00885       0.139       1.644
  N422                 JUNCTION      0.17    15.77     0  08:00     0.00487       0.391       0.223
  N426                 JUNCTION      0.19     5.71     0  02:41     0.00558       0.161       0.062
  N427                 JUNCTION      0.26    16.64     0  02:00     0.00754       0.472       0.102
  N431                 JUNCTION      0.23     7.53     0  01:00     0.00656       0.204       0.657
  N432                 JUNCTION      0.11     7.38     0  00:57     0.00303       0.206       0.792
  N434                 JUNCTION      0.15     5.31     0  02:14     0.00445       0.149       0.091
  N439                 JUNCTION      0.26     9.59     0  08:00     0.00755       0.259       0.380
  N440                 JUNCTION      0.09     9.68     0  08:00     0.00266       0.261       0.299
  N445                 JUNCTION      0.02     0.02     0  00:00    0.000617    0.000617       0.021
  N446                 JUNCTION      0.23     0.41     0  00:03     0.00659      0.0119       0.185
  N447                 JUNCTION      0.26    24.13     0  06:11     0.00753       0.684       0.201
  N450                 JUNCTION      0.26     0.26     0  00:00     0.00739     0.00739       0.223
  N453                 JUNCTION      0.26     3.19     0  01:02     0.00757      0.0904       0.256
  N455                 JUNCTION      0.28     0.28     0  00:00     0.00817     0.00817       0.159
  N456                 JUNCTION      0.25     0.54     0  00:16     0.00725      0.0154       0.243
  N457                 JUNCTION      0.08     0.08     0  00:00     0.00218     0.00218       0.035
  N458                 JUNCTION      0.20     3.39     0  01:16      0.0057      0.0959       0.229
  N460                 JUNCTION      0.28     3.76     0  01:04     0.00814      0.0483       2.712
  N461                 JUNCTION      0.11     0.11     0  00:00      0.0032      0.0032       0.123
  N464                 JUNCTION      0.38     1.71     0  00:50      0.0109      0.0489       0.286
  N465                 JUNCTION      0.25     1.74     0  01:23     0.00733      0.0136       4.233
  N466                 JUNCTION      0.25     2.14     0  01:22     0.00719      0.0222       4.568
  N467                 JUNCTION      0.06     0.06     0  00:00     0.00187     0.00187       0.027
  N468                 JUNCTION      0.27     0.33     0  00:02     0.00769     0.00956       0.192
  N470                 JUNCTION      0.18     1.98     0  01:03     0.00517      0.0562       0.239
  N471                 JUNCTION      0.31     2.29     0  01:06     0.00893       0.065       0.330
  N472                 JUNCTION      0.24     2.52     0  01:06     0.00684      0.0716       0.514
  N473                 JUNCTION      0.32     0.32     0  00:00     0.00924     0.00924       0.318
  N474                 JUNCTION      2.78     2.78     0  00:00      0.0799      0.0799       0.049
  N477                 JUNCTION      0.24     5.17     0  00:53     0.00696       0.147       0.154
  N482                 JUNCTION      0.27     4.99     0  01:07     0.00764       0.142       0.133
  N483                 JUNCTION      0.08     0.33     0  01:54     0.00219     0.00222       3.536
  N486                 JUNCTION      0.01     0.64     0  00:33    0.000258      0.0183       0.152
  N487                 JUNCTION      0.02     4.96     0  05:24    0.000588       0.141       0.010
  N488                 JUNCTION      0.04     3.00     0  00:00      0.0012      0.0683       0.030
  N489                 JUNCTION      0.15     2.65     0  00:00     0.00422      0.0725       0.124
  N490                 JUNCTION      0.31    24.75     0  06:09     0.00891       0.695       0.245
  N491                 JUNCTION      0.15     0.15     0  00:00     0.00441     0.00441       0.074
  N492                 JUNCTION      0.30     0.45     0  00:07     0.00856       0.013       0.192
  N498                 JUNCTION      0.08     0.08     0  00:00     0.00232     0.00232       0.093
  N499                 JUNCTION      0.34   134.80     0  01:51     0.00967        3.55       0.313
  N501                 JUNCTION      0.19     0.41     0  00:24     0.00553      0.0118       0.245
  N505                 JUNCTION      0.21     0.44     0  02:20     0.00597     0.00601       4.827
  N507                 JUNCTION      0.24     1.82     0  01:14     0.00699      0.0518       0.601
  N510                 JUNCTION      0.23     1.38     0  01:16     0.00658      0.0394       0.216
  N511                 JUNCTION      0.31     0.89     0  00:39     0.00898      0.0256       0.362
  N515                 JUNCTION      0.21     0.44     0  00:34     0.00601      0.0126       0.333
  N517                 JUNCTION      0.23     1.01     0  00:48     0.00651       0.029       0.341
  N522                 JUNCTION      0.27     1.47     0  00:50     0.00783      0.0419       0.377
  N530                 JUNCTION      0.23    40.98     0  08:00     0.00655        1.06       0.505
  N532                 JUNCTION      0.28     0.28     0  00:00     0.00793     0.00793       0.250
  N533                 JUNCTION      0.13     0.40     0  00:27     0.00365      0.0116       0.383
  N534                 JUNCTION      0.08     1.58     0  01:04     0.00236      0.0451       0.315
  N536                 JUNCTION      0.20     4.40     0  08:00     0.00581       0.101       1.104
  N542                 JUNCTION      0.11     0.11     0  00:00     0.00313     0.00313       0.175
  N544                 JUNCTION      0.29     0.95     0  00:36     0.00834      0.0273       0.212
  N549                 JUNCTION      0.18     1.42     0  01:06     0.00526      0.0405       0.236
  N550                 JUNCTION      0.27   108.44     0  01:52     0.00775        2.76       0.220
  N552                 JUNCTION      0.24     3.16     0  01:06     0.00697      0.0468       2.613
  N553                 JUNCTION      0.26    30.90     0  01:14     0.00763       0.867       0.067
  N554                 JUNCTION      0.14    31.04     0  01:21     0.00403       0.871       0.074
  N557                 JUNCTION      0.14     0.72     0  01:22     0.00415     0.00423       4.458
  N559                 JUNCTION      0.29     0.29     0  00:00     0.00845     0.00845       0.246
  N560                 JUNCTION      0.16     0.46     0  00:26     0.00468      0.0131       0.344
  N561                 JUNCTION      0.18     2.17     0  00:58     0.00504      0.0615       0.320
  N562                 JUNCTION      0.40     1.75     0  00:43      0.0117      0.0501       0.290
  N563                 JUNCTION      0.24     1.99     0  00:35       0.007       0.057       0.391
  N564                 JUNCTION      0.07     0.07     0  00:00     0.00211     0.00211       0.085
  N566                 JUNCTION      0.16     1.68     0  01:17      0.0046      0.0481       0.195
  N567                 JUNCTION      0.27     0.83     0  00:54     0.00765      0.0238       0.461
  N569                 JUNCTION      0.12     2.12     0  01:17     0.00347      0.0599       0.284
  N573                 JUNCTION      0.24     0.58     0  00:30     0.00702      0.0166       0.364
  N574                 JUNCTION      0.22     6.56     0  02:46     0.00626       0.185       0.111
  N576                 JUNCTION      0.16     4.60     0  00:13     0.00471       0.132       0.165
  N577                 JUNCTION      0.35     1.44     0  00:58     0.00997      0.0102       4.870
  N578                 JUNCTION      0.24    17.53     0  08:00     0.00698        0.48       0.384
  N581                 JUNCTION      0.13     0.13     0  00:00     0.00369     0.00369       0.327
  N582                 JUNCTION      0.19     2.19     0  00:53     0.00539      0.0161       5.051
  N585                 JUNCTION      0.19     1.05     0  02:45     0.00551      0.0298       0.286
  N587                 JUNCTION      0.22     2.06     0  01:30      0.0064      0.0587       0.251
  N589                 JUNCTION      0.22     1.83     0  01:05     0.00625      0.0521       0.196
  N592                 JUNCTION      0.20     7.74     0  00:51     0.00583       0.219       0.114
  N593                 JUNCTION      0.25     1.54     0  00:33     0.00711      0.0444       0.247
  N595                 JUNCTION      0.15     7.98     0  02:50     0.00429       0.225       0.148
  N596                 JUNCTION      0.20     4.43     0  00:51     0.00576       0.127       0.140
  N597                 JUNCTION      0.28     1.78     0  03:13     0.00818      0.0506       0.376
  N599                 JUNCTION      0.21    36.81     0  08:00     0.00608       0.985       0.266
  N600                 JUNCTION      0.17     8.84     0  04:32       0.005       0.249       0.062
  N605                 JUNCTION      0.39     3.47     0  01:00      0.0111      0.0638       2.677
  N607                 JUNCTION      0.08     0.44     0  00:09     0.00222      0.0126       0.181
  N609                 JUNCTION      0.17     4.65     0  01:06     0.00502       0.132       0.328
  N610                 JUNCTION      0.15     4.81     0  01:06     0.00437       0.136       0.624
  N611                 JUNCTION      0.15     0.45     0  00:32     0.00441      0.0129       1.370
  N612                 JUNCTION      0.12     0.37     0  00:03     0.00344      0.0105       0.479
  N614                 JUNCTION      0.18     0.40     0  00:16     0.00526      0.0115       0.262
  N615                 JUNCTION      0.20     0.86     0  04:12     0.00585      0.0244       0.310
  N616                 JUNCTION      0.07     1.31     0  01:14     0.00194     0.00457      14.048
  N618                 JUNCTION      0.22     8.64     0  01:13     0.00628       0.238       0.872
  N619                 JUNCTION      0.18     2.56     0  02:15     0.00527      0.0726       0.292
  N620                 JUNCTION      0.27     0.85     0  00:50     0.00778      0.0245       0.566
  N621                 JUNCTION      0.21     0.21     0  00:00     0.00619     0.00619       0.123
  N623                 JUNCTION      0.12     0.12     0  00:00     0.00332     0.00332       0.137
  N625                 JUNCTION      0.20    11.79     0  01:20     0.00588       0.337       0.117
  N626                 JUNCTION      0.23    12.03     0  01:24     0.00668       0.343       0.140
  N630                 JUNCTION      0.13     0.25     0  00:41     0.00378     0.00729       0.279
  N631                 JUNCTION      0.28     0.53     0  00:40     0.00803      0.0153       0.372
  N632                 JUNCTION      0.25     0.65     0  00:25     0.00724      0.0186       0.126
  N633                 JUNCTION      0.20     0.37     0  00:19     0.00564      0.0106       0.158
  N634                 JUNCTION      2.33     2.33     0  00:00      0.0671      0.0671       0.003
  N640                 JUNCTION      0.14     0.14     0  00:00      0.0041      0.0041       0.139
  N642                 JUNCTION      0.04     0.14     0  01:23      0.0012     0.00122       4.179
  N644                 JUNCTION     12.43    12.43     0  00:00       0.358       0.358       0.018
  N645                 JUNCTION      0.17     5.66     0  01:44     0.00491       0.161       0.485
  N646                 JUNCTION      0.28     1.31     0  00:54     0.00798     0.00813       4.160
  N647                 JUNCTION      0.23     0.93     0  00:37     0.00649      0.0267       0.314
  N649                 JUNCTION      0.32    73.11     0  08:00     0.00927        1.94       0.382
  N650                 JUNCTION      0.20     1.52     0  01:29     0.00576      0.0433       0.138
  N652                 JUNCTION      0.27     3.86     0  01:07     0.00775       0.111       0.173
  N655                 JUNCTION      0.25     0.40     0  02:14     0.00716      0.0114       0.238
  N656                 JUNCTION      0.21     0.97     0  02:13     0.00607      0.0176       4.885
  N658                 JUNCTION      0.29     0.95     0  01:09     0.00847      0.0271       0.492
  N659                 JUNCTION      0.20     0.20     0  00:00     0.00569     0.00569       0.133
  N660                 JUNCTION      0.21     0.41     0  00:14       0.006      0.0117       0.230
  N662                 JUNCTION      0.32     0.32     0  00:00     0.00921     0.00921       0.341
  N664                 JUNCTION      0.11     0.11     0  00:00     0.00306     0.00306       0.149
  N665                 JUNCTION      0.28     0.38     0  00:16     0.00798       0.011       0.277
  N666                 JUNCTION      0.24     2.81     0  02:48     0.00703      0.0794       0.217
  N668                 JUNCTION      3.18     3.18     0  00:00      0.0915      0.0915       0.002
  N670                 JUNCTION      0.24     2.73     0  00:36      0.0069      0.0157       7.115
  N672                 JUNCTION      0.20     0.92     0  00:28      0.0059      0.0265       0.327
  N673                 JUNCTION      0.25     0.70     0  01:00     0.00718        0.02       0.317
  N674                 JUNCTION      0.15     0.84     0  00:42     0.00425      0.0242       0.250
  N675                 JUNCTION      0.25     6.31     0  08:00     0.00716       0.166       0.750
  N676                 JUNCTION      0.12     1.14     0  01:04     0.00347     0.00359       4.496
  N677                 JUNCTION      0.33     0.33     0  00:00     0.00955     0.00955       0.269
  N683                 JUNCTION      0.07     0.48     0  01:10      0.0021      0.0138       0.108
  N685                 JUNCTION      0.07     0.14     0  00:04     0.00207     0.00394       0.143
  N686                 JUNCTION      0.03     0.16     0  00:04    0.000767      0.0047       0.085
  N687                 JUNCTION      0.12     0.12     0  00:00     0.00349     0.00349       0.080
  N688                 JUNCTION      0.29     0.69     0  02:24      0.0084       0.012       4.481
  N690                 JUNCTION      0.23     4.92     0  00:57     0.00664        0.14       0.139
  N691                 JUNCTION      0.38     2.25     0  01:38      0.0109      0.0469       1.181
  N692                 JUNCTION      0.26     4.12     0  01:07     0.00735       0.118       0.164
  N693                 JUNCTION      0.21     6.07     0  00:25     0.00607        0.16       0.708
  N694                 JUNCTION      0.14     0.40     0  00:43     0.00414      0.0116       0.279
  N695                 JUNCTION      0.25     0.59     0  00:13     0.00706      0.0171       0.230
  N698                 JUNCTION      0.15     2.18     0  00:46     0.00438      0.0621       0.307
  N699                 JUNCTION      0.09     7.09     0  01:20      0.0026       0.203       0.115
  N700                 JUNCTION      0.27    24.79     0  01:14     0.00779       0.693       0.171
  N702                 JUNCTION      0.17     0.25     0  01:25     0.00483     0.00483       3.951
  N704                 JUNCTION      0.16     5.12     0  00:50     0.00448       0.146       0.075
  N705                 JUNCTION      0.18     5.29     0  00:50     0.00512       0.151       0.136
  N706                 JUNCTION      0.34     1.28     0  02:09     0.00966      0.0367       0.369
  N711                 JUNCTION      0.37     8.97     0  00:37      0.0105      0.0955       3.651
  N713                 JUNCTION      0.06     0.93     0  00:45     0.00174      0.0266       0.183
  N714                 JUNCTION      0.25     1.16     0  00:12     0.00709      0.0331       0.167
  N715                 JUNCTION      0.14     0.58     0  01:23     0.00396     0.00405       4.298
  N716                 JUNCTION      0.37     0.37     0  00:00      0.0107      0.0107       0.275
  N717                 JUNCTION      0.17     7.30     0  02:19     0.00494       0.205       0.356
  N719                 JUNCTION      0.17     0.72     0  00:58       0.005      0.0205       0.431
  N720                 JUNCTION      0.11     0.23     0  00:18     0.00329     0.00658       0.247
  N722                 JUNCTION      0.26     1.02     0  00:29     0.00739      0.0291       0.204
  N723                 JUNCTION      2.34     2.34     0  00:00      0.0673      0.0673       0.011
  N725                 JUNCTION      0.03     1.51     0  02:18    0.000736      0.0427       0.135
  N726                 JUNCTION      0.27     4.17     0  00:14     0.00792      0.0421       2.931
  N727                 JUNCTION      0.22     5.37     0  00:08     0.00642      0.0479       2.629
  N728                 JUNCTION      0.20     0.20     0  00:00     0.00583     0.00583       0.240
  N729                 JUNCTION      0.05     0.05     0  00:00     0.00146     0.00146       0.138
  N734                 JUNCTION      0.27     0.34     0  00:09     0.00778     0.00975       0.218
  N735                 JUNCTION      0.25     0.59     0  00:41     0.00715      0.0169       0.291
  N736                 JUNCTION      0.26     3.05     0  00:45     0.00749       0.043       3.280
  N737                 JUNCTION      0.21     7.36     0  01:05       0.006       0.202       0.477
  N738                 JUNCTION      0.25     7.62     0  00:55     0.00723       0.209       0.440
  N741                 JUNCTION      0.97     1.58     0  00:33       0.028       0.028       0.958
  N745                 JUNCTION      0.19     7.29     0  01:00     0.00557       0.207       0.206
  N748                 JUNCTION      0.15     0.73     0  00:44     0.00432       0.021       1.141
  N749                 JUNCTION      0.27   116.76     0  01:52     0.00787        3.01       0.243
  N750                 JUNCTION      0.17    24.53     0  01:14     0.00488       0.686       0.134
  N751                 JUNCTION      0.27     0.27     0  00:00     0.00782     0.00782       0.200
  N753                 JUNCTION      0.30     6.77     0  00:59     0.00874       0.192       0.176
  N754                 JUNCTION      0.18     0.76     0  00:04      0.0052      0.0212       0.541
  N755                 JUNCTION      0.15     3.16     0  01:12     0.00423      0.0329       1.977
  N756                 JUNCTION      0.09     2.37     0  00:57     0.00257      0.0674       0.298
  N758                 JUNCTION      0.21    16.85     0  02:21     0.00602       0.477       0.107
  N762                 JUNCTION      0.20     0.20     0  00:00     0.00582     0.00582       0.316
  N763                 JUNCTION      0.18     2.74     0  00:42     0.00525      0.0284       3.555
  N764                 JUNCTION      0.35     0.35     0  00:00      0.0102      0.0102       0.340
  N766                 JUNCTION      0.19     0.70     0  00:59     0.00549     0.00727       4.320
  N768                 JUNCTION      0.20     0.76     0  01:13     0.00583      0.0218       0.365
  N771                 JUNCTION      0.23     1.75     0  00:41     0.00663      0.0501       0.198
  N772                 JUNCTION      0.01     0.13     0  00:01    0.000303     0.00357       0.148
  N777                 JUNCTION      0.14     0.14     0  00:00     0.00405     0.00405       0.130
  N778                 JUNCTION      0.02     0.17     0  00:02    0.000694     0.00473       0.199
  N779                 JUNCTION      0.21     0.21     0  00:00     0.00594     0.00594       0.000
  N780                 JUNCTION      0.20     0.51     0  00:25     0.00573      0.0147       0.224
  N781                 JUNCTION      0.42     1.30     0  01:14      0.0121      0.0123       4.211
  N783                 JUNCTION      0.24     0.67     0  00:36     0.00678      0.0193       0.267
  N787                 JUNCTION      0.30    19.59     0  02:25     0.00859       0.554       0.221
  N788                 JUNCTION      0.15     0.58     0  01:30     0.00424     0.00432       4.724
  N789                 JUNCTION      0.29     0.97     0  00:50     0.00834     0.00844       3.160
  N791                 JUNCTION      0.22     0.63     0  00:33     0.00629      0.0181       0.226
  N792                 JUNCTION      0.23     2.82     0  00:01      0.0067      0.0797       0.136
  N794                 JUNCTION      0.33   116.52     0  01:52     0.00957        3.01       0.250
  N795                 JUNCTION      0.20     0.20     0  00:00     0.00569     0.00569       0.184
  N796                 JUNCTION      0.15     0.15     0  00:00     0.00439     0.00439       0.260
  N798                 JUNCTION      0.32    99.85     0  01:49     0.00926        2.51       0.298
  N799                 JUNCTION      0.26     0.40     0  02:02     0.00757     0.00758       4.336
  N801                 JUNCTION      0.25     0.25     0  00:00      0.0071      0.0071       0.230
  N804                 JUNCTION      0.36   143.49     0  06:35      0.0104        3.73       0.288
  N806                 JUNCTION      0.26     0.78     0  01:13     0.00747      0.0222       0.874
  N807                 JUNCTION      0.22     0.72     0  00:27     0.00628      0.0206       0.221
  N808                 JUNCTION      0.17     0.17     0  00:00     0.00495     0.00495       0.146
  N809                 JUNCTION      0.14     0.31     0  00:15     0.00406     0.00901       0.274
  N811                 JUNCTION      0.06     1.88     0  01:32     0.00159     0.00916      10.415
  N814                 JUNCTION      0.22     0.59     0  00:57     0.00634      0.0169       0.278
  N815                 JUNCTION      0.20     4.32     0  01:46      0.0059       0.124       0.131
  N816                 JUNCTION      0.28     0.66     0  00:43     0.00815      0.0189       0.264
  N817                 JUNCTION      0.21     0.21     0  00:00     0.00612     0.00612       0.186
  N819                 JUNCTION      0.32    38.27     0  08:00     0.00927        1.02       0.474
  N822                 JUNCTION      0.31     3.13     0  00:02     0.00884      0.0884       0.178
  N823                 JUNCTION      0.25     1.01     0  00:08     0.00706      0.0286       0.428
  N827                 JUNCTION      0.24     0.87     0  00:48     0.00689      0.0249       0.174
  N828                 JUNCTION      0.18     8.82     0  01:15     0.00514       0.241       0.793
  N829                 JUNCTION      0.21     0.68     0  01:02     0.00594     0.00605       4.962
  N830                 JUNCTION      0.06     0.06     0  00:00     0.00167     0.00167       0.113
  N832                 JUNCTION      1.15     1.15     0  00:00      0.0332      0.0332       0.015
  N833                 JUNCTION      0.24     1.29     0  00:46     0.00678      0.0369       0.124
  N834                 JUNCTION      0.19     0.81     0  01:09     0.00545     0.00556       4.355
  N836                 JUNCTION      0.19     0.54     0  00:38     0.00546      0.0155       0.540
  N837                 JUNCTION      0.07     0.58     0  01:14     0.00211     0.00228      13.016
  N838                 JUNCTION      0.11     0.11     0  00:00     0.00327     0.00327       0.113
  N839                 JUNCTION      0.01     0.54     0  00:25    0.000191      0.0156       0.196
  N840                 JUNCTION      0.24     0.78     0  00:28     0.00683      0.0224       0.167
  N842                 JUNCTION      0.34     1.26     0  00:31     0.00985      0.0363       0.263
  N845                 JUNCTION      0.34     0.34     0  00:00     0.00968     0.00968       0.278
  N847                 JUNCTION      0.04     0.79     0  01:13     0.00101      0.0227       0.258
  N849                 JUNCTION      0.11     0.87     0  00:54     0.00311     0.00319       4.043
  N851                 JUNCTION      0.10     2.86     0  00:38       0.003      0.0306       1.991
  N853                 JUNCTION      0.22     1.07     0  01:39     0.00643      0.0123       4.441
  N854                 JUNCTION      0.10     0.10     0  00:00     0.00293     0.00293       0.088
  N855                 JUNCTION      0.27     0.27     0  00:00     0.00787     0.00787       0.172
  N857                 JUNCTION      0.26     1.77     0  00:55     0.00742      0.0506       0.188
  N858                 JUNCTION     21.90    21.90     0  00:00       0.631       0.631       0.033
  N862                 JUNCTION      0.08     0.08     0  00:00     0.00225     0.00225       0.097
  N863                 JUNCTION      0.23     0.31     0  00:10     0.00657     0.00882       0.192
  N865                 JUNCTION      0.26     6.46     0  03:19     0.00746       0.184       0.152
  N869                 JUNCTION      0.24     6.20     0  00:57       0.007       0.177       0.162
  N870                 JUNCTION      0.26     7.56     0  01:01     0.00736       0.214       0.502
  N871                 JUNCTION      0.25    10.50     0  01:01     0.00714       0.295       0.264
  N873                 JUNCTION      0.17     0.17     0  00:00     0.00487     0.00487       0.209
  N874                 JUNCTION      0.18     0.35     0  00:22     0.00524      0.0101       0.361
  N875                 JUNCTION      0.24     0.65     0  00:45     0.00694      0.0185       0.302
  N877                 JUNCTION      0.23     5.28     0  00:32     0.00655      0.0439       2.878
  N878                 JUNCTION      0.24     1.79     0  00:34     0.00693      0.0512       0.369
  N886                 JUNCTION      0.16     1.10     0  00:29     0.00468      0.0314       0.157
  N887                 JUNCTION      0.22    10.56     0  02:19     0.00632       0.297       0.161
  N888                 JUNCTION      0.17    22.02     0  02:00      0.0049       0.607       0.699
  N890                 JUNCTION      0.04     1.34     0  00:57     0.00122      0.0381       0.219
  N892                 JUNCTION      0.05     0.05     0  00:00     0.00137     0.00137       0.059
  N893                 JUNCTION      0.30   143.13     0  06:35     0.00857        3.72       0.170
  N894                 JUNCTION      0.19     1.09     0  01:09     0.00545     0.00561       5.735
  N895                 JUNCTION      0.16     1.00     0  01:23     0.00463     0.00475       4.453
  N899                 JUNCTION      0.20     2.56     0  02:46      0.0059      0.0726       0.205
  N903                 JUNCTION      0.23     0.23     0  00:00     0.00672     0.00672       0.290
  N906                 JUNCTION      0.30    38.83     0  08:00     0.00856        1.03       0.550
  N908                 JUNCTION      0.16     0.22     0  00:18     0.00457     0.00619       0.158
  N909                 JUNCTION      0.11     0.81     0  01:30     0.00323      0.0033       3.300
  N912                 JUNCTION      0.08     0.69     0  00:47     0.00231      0.0197       0.087
  N913                 JUNCTION      0.25     0.93     0  00:29      0.0071      0.0268       0.133
  N914                 JUNCTION      0.37     2.02     0  00:57      0.0106      0.0569       2.667
  N915                 JUNCTION      0.14     1.23     0  00:36     0.00407      0.0159       7.059
  N916                 JUNCTION      0.15     0.15     0  00:00     0.00428     0.00428       0.148
  N919                 JUNCTION      0.22    10.25     0  01:05     0.00642       0.288       0.270
  N921                 JUNCTION      0.10     2.11     0  00:46      0.0028     0.00958       8.183
  N922                 JUNCTION      0.04   108.46     0  01:52     0.00116        2.76       0.131
  N923                 JUNCTION      0.01     1.60     0  00:36    0.000154       0.035       1.829
  N924                 JUNCTION      3.30     3.30     0  00:00      0.0951      0.0951       0.088
  N925                 JUNCTION      0.17     1.55     0  01:21     0.00486      0.0442       0.138
  N926                 JUNCTION      0.21     0.54     0  00:29     0.00592      0.0156       0.344
  N929                 JUNCTION      0.24     5.13     0  00:06     0.00703       0.146       0.282
  N930                 JUNCTION      0.32     3.18     0  00:27     0.00928       0.068       2.142
  N931                 JUNCTION      0.36     1.10     0  01:26      0.0105      0.0106       4.637
  N938                 JUNCTION      0.24     1.63     0  00:13     0.00703      0.0461       0.638
  N939                 JUNCTION      0.11     0.11     0  00:00     0.00318     0.00318       0.065
  N940                 JUNCTION      0.20     1.71     0  01:51     0.00585      0.0428       2.157
  N941                 JUNCTION      0.18     9.17     0  02:51      0.0053       0.258       0.230
  N942                 JUNCTION      0.35   124.84     0  01:52      0.0102        3.27       0.206
  N944                 JUNCTION      0.03     1.86     0  01:30    0.000916      0.0529       0.111
  N950                 JUNCTION      0.14     9.32     0  02:53     0.00415       0.261       0.343
  N951                 JUNCTION      0.12     0.55     0  00:42     0.00349      0.0157       0.423
  N952                 JUNCTION      0.18     0.81     0  01:23     0.00531     0.00543       4.135
  N954                 JUNCTION      0.23     9.13     0  01:00     0.00655       0.254       0.446
  N956                 JUNCTION      0.08     0.69     0  00:44     0.00224     0.00232       5.986
  N957                 JUNCTION      0.35     0.35     0  00:00     0.00998     0.00998       0.354
  N959                 JUNCTION      0.14     0.86     0  01:27       0.004      0.0041       4.400
  N960                 JUNCTION      0.28     0.28     0  00:00     0.00811     0.00811       0.303
  N961                 JUNCTION      0.26     0.54     0  00:32     0.00749      0.0156       0.507
  N962                 JUNCTION      0.24     0.62     0  00:39     0.00678      0.0178       0.536
  N963                 JUNCTION      0.25   100.06     0  01:49     0.00734        2.51       0.302
  N964                 JUNCTION      0.15     1.17     0  01:06     0.00424     0.00435       4.880
  N966                 JUNCTION      0.30     0.30     0  00:00     0.00856     0.00856       0.481
  N967                 JUNCTION      0.32     6.51     0  00:32     0.00917      0.0334       4.066
  N968                 JUNCTION      0.20     0.79     0  00:44     0.00578      0.0226       0.418
  N970                 JUNCTION      0.16     0.16     0  00:00     0.00471     0.00471       0.215
  N971                 JUNCTION      0.26     0.42     0  00:22     0.00752      0.0122       0.404
  N972                 JUNCTION      0.11     0.11     0  00:00     0.00329     0.00329       0.166
  N974                 JUNCTION      0.17     0.98     0  00:49      0.0049     0.00499       3.095
  N975                 JUNCTION      0.08     0.29     0  01:42     0.00222     0.00224       2.790
  N976                 JUNCTION      0.13     0.59     0  01:35     0.00363     0.00592       4.353
  N977                 JUNCTION      0.29     1.56     0  01:17     0.00833      0.0445       0.618
  N978                 JUNCTION      0.35     0.35     0  00:00      0.0101      0.0101       0.136
  N979                 JUNCTION      0.33     0.33     0  00:00     0.00947     0.00947       0.239
  N980                 JUNCTION      0.06     1.43     0  01:56     0.00183      0.0116       8.135
  N984                 JUNCTION      0.27     0.61     0  01:47     0.00786     0.00793       3.166
  N985                 JUNCTION      0.12     0.12     0  00:00     0.00354     0.00354       0.143
  N986                 JUNCTION      0.07     0.07     0  00:00     0.00188     0.00188       0.044
  N987                 JUNCTION      4.82     4.82     0  00:00       0.139       0.139       0.006
  N990                 JUNCTION      0.30     0.30     0  00:00      0.0086      0.0086       0.317
  N991                 JUNCTION      0.10    75.76     0  01:47     0.00302        1.81       0.184
  N992                 JUNCTION      0.20     1.55     0  01:06     0.00578     0.00593       5.064
  N994                 JUNCTION      0.05     1.07     0  01:55      0.0013      0.0221       2.635
  N995                 JUNCTION      0.56     0.56     0  00:00      0.0161      0.0161       0.290
  N996                 JUNCTION      0.24     0.24     0  00:00     0.00701     0.00701       0.140
  N997                 JUNCTION      0.00     2.46     0  01:18           0      0.0697       0.000
  N998                 JUNCTION      0.07     0.07     0  00:00     0.00197     0.00197       0.086
  N999                 JUNCTION      0.22     0.22     0  00:00     0.00625     0.00625       0.156
  N1000                JUNCTION      0.25     0.25     0  00:00     0.00731     0.00731       0.196
  N1001                JUNCTION      0.39    84.09     0  08:00      0.0114        2.22       0.260
  N1002                JUNCTION      0.07     0.07     0  00:00     0.00204     0.00204       0.139
  N1003                JUNCTION      0.15     0.15     0  00:00     0.00427     0.00427       0.568
  N1005                JUNCTION      0.36     1.13     0  01:12      0.0103      0.0105       3.466
  N1006                JUNCTION      0.22     0.22     0  00:00     0.00622     0.00622       0.447
  N1007                JUNCTION      0.34     1.31     0  01:12     0.00965     0.00979       3.944
  N1009                JUNCTION      0.31     1.14     0  01:16     0.00899     0.00914       4.027
  MH4454411            STORAGE       0.19     6.47     0  02:02      0.0054       0.181       1.190
  MH4450314            STORAGE       0.10     2.59     0  00:00       0.003      0.0731       0.059
  MH4428367            STORAGE       0.27     0.86     0  01:41     0.00787      0.0247       0.198
  MH4428606            STORAGE       0.35     2.61     0  00:49      0.0102      0.0746       3.765
  MH4454744            STORAGE       0.08     0.16     0  00:01     0.00239     0.00454       0.185
  MH4452397            STORAGE       0.02     0.40     0  00:25    0.000703      0.0114       0.124
  MH4453133            STORAGE       0.03     7.13     0  02:28    0.000939       0.202       0.772
  MH4447602            STORAGE       0.31     0.84     0  02:36      0.0088      0.0154       8.280
  MH4429312            STORAGE       0.38    12.05     0  00:30       0.011       0.329       0.668
  MH4453788            STORAGE       0.06     1.09     0  01:37     0.00177     0.00675       6.482
  MH4456108            STORAGE       0.24     2.16     0  01:21     0.00701      0.0617       0.201
  MH4454209            STORAGE       0.24     5.63     0  00:08     0.00687       0.159       0.297
  MH1624017            STORAGE       0.10     0.88     0  00:28       0.003      0.0253       0.256
  MH1623826            STORAGE       0.19     1.07     0  00:36     0.00544      0.0307       0.204
  MH4429136            STORAGE       0.34    17.77     0  00:11     0.00991       0.456       0.770
  MH4501201            STORAGE       0.14    10.70     0  02:22      0.0041       0.301       0.232
  MH4501544            STORAGE       0.18   144.43     0  06:35     0.00518        3.73       0.157
  MH4454640            STORAGE       0.13     7.09     0  01:30      0.0036       0.201       0.107
  MH4453512            STORAGE       0.22     8.42     0  01:42     0.00626       0.235       1.006
  MH4452154            STORAGE       0.09     7.07     0  00:52     0.00248      0.0944       6.502
  MH4452217            STORAGE       0.24     5.72     0  01:07     0.00688      0.0959       1.556
  MH4446824            STORAGE       0.25     4.76     0  01:23     0.00714       0.135       1.201
  MH4453931            STORAGE       0.28     0.72     0  00:32     0.00799      0.0206       0.386
  MH4456468            STORAGE       0.15     0.26     0  00:01     0.00434     0.00751       0.284
  MH4502097            STORAGE       0.06   155.46     0  06:33     0.00175        4.02       0.207
  MH4447369            STORAGE       0.07     1.30     0  00:00      0.0021      0.0374       0.214
  MH4448345            STORAGE       0.03    40.81     0  08:00    0.000763        1.07       0.221
  MH4448419            STORAGE       0.27    41.08     0  08:00     0.00766        1.07       0.138
  MH4449083            STORAGE       0.17     0.51     0  00:03     0.00493      0.0145       0.256
  MH4499116            STORAGE       0.16     2.60     0  01:32      0.0046      0.0742       0.092
  MH4454674            STORAGE       0.12     0.70     0  00:43      0.0034        0.02       0.214
  MH4427688            STORAGE       0.45     4.95     0  00:55       0.013       0.142       0.189
  MH4448753            STORAGE       0.27     0.33     0  00:01     0.00779     0.00956       0.625
  MH1627682            STORAGE       0.26     1.50     0  03:14     0.00741      0.0426       0.348
  MH4452538            STORAGE       0.38     1.03     0  00:27       0.011      0.0296       0.256
  MH5118586            STORAGE       0.24     3.15     0  01:28     0.00705        0.09       0.242
  MH4452724            STORAGE       0.27     0.56     0  00:18      0.0079       0.016       0.377
  MH4448853            STORAGE       0.37     9.31     0  00:31      0.0108      0.0895       3.596
  MH4500422            STORAGE       0.01     5.52     0  02:15    0.000432       0.155       0.062
  MH4449806            STORAGE       0.43     3.75     0  00:44      0.0122      0.0906       3.338
  MH4450137            STORAGE       0.24     5.84     0  00:39     0.00683       0.101       2.803
  MH4428117            STORAGE       0.09     0.09     0  00:00     0.00249     0.00249       0.022
  MH4428139            STORAGE       0.23     0.48     0  00:56     0.00675      0.0139       0.242
  MH4455909            STORAGE       0.31   135.38     0  01:51     0.00901        3.56       0.314
  MH4451823            STORAGE       0.04    33.98     0  08:00     0.00111       0.841       0.240
  MH4450787            STORAGE       0.37     0.37     0  00:00      0.0107      0.0107       0.275
  MH4428026            STORAGE       0.24     1.52     0  01:17     0.00678      0.0435       0.146
  MH4501866            STORAGE       0.18    21.60     0  02:10     0.00525         0.6       0.281
  MH1627986            STORAGE       0.15     1.75     0  00:49     0.00435      0.0499       0.340
  MH4499632            STORAGE       0.10     4.79     0  03:04     0.00289       0.135       0.162
  MH4429035            STORAGE       0.30     0.64     0  02:02     0.00859      0.0185       5.877
  MH4449704            STORAGE       0.33     4.87     0  00:47     0.00961      0.0742       4.177
  MH4449118            STORAGE       0.35     6.27     0  00:29      0.0101      0.0997       4.169
  MH1629281            STORAGE       0.05     2.72     0  02:47     0.00157      0.0771       0.169
  MH4454718            STORAGE       0.12     0.61     0  01:28     0.00343      0.0176       0.114
  MH4451287            STORAGE       1.04    19.29     0  02:21      0.0298       0.547       0.190
  MH4450219            STORAGE       0.29     1.63     0  01:12     0.00833      0.0465       0.304
  MH4449321            STORAGE       0.29     3.01     0  00:55     0.00827      0.0382       2.875
  MH4448509            STORAGE       0.31     2.87     0  01:14     0.00901      0.0229       4.692
  MH4428524            STORAGE       0.20    30.63     0  00:51     0.00579        0.86       0.052
  MH1627084            STORAGE       0.17     1.21     0  02:38     0.00489      0.0348       0.401
  MH4455762            STORAGE       0.02     0.72     0  01:00    0.000565      0.0207       0.125
  MH4452721            STORAGE       0.19     6.41     0  07:03      0.0056       0.183       0.250
  MH4447128            STORAGE       0.41     3.86     0  00:58      0.0117      0.0367       5.685
  MH4447726            STORAGE       0.32     4.76     0  00:38     0.00935      0.0637       4.001
  MH4428268            STORAGE       0.26     7.31     0  02:32     0.00748       0.209       0.863
  MH4428636            STORAGE       0.26     8.90     0  01:13     0.00735       0.251       0.704
  MH4452977            STORAGE       0.27     2.52     0  00:54     0.00765      0.0246       3.885
  MH1632309            STORAGE       0.05   186.93     0  06:32      0.0014        4.81       0.055
  MH4500035            STORAGE       0.26    10.03     0  01:06      0.0076       0.283       0.243
  MH4451759            STORAGE       0.02     0.29     0  00:36    0.000498     0.00825       0.092
  MH4454490            STORAGE       0.23     3.26     0  00:54     0.00663      0.0932       0.233
  MH4447880            STORAGE       0.25     5.31     0  01:19     0.00723       0.146       0.985
  MH4499417            STORAGE       0.19     7.68     0  03:05     0.00557       0.217       0.170
  MH4453579            STORAGE       0.23   108.35     0  01:52     0.00672        2.77       0.301
  MH4451531            STORAGE       0.14     0.27     0  00:01     0.00416     0.00778       0.275
  MH4449785            STORAGE       0.32    44.90     0  08:00     0.00917        1.19       0.469
  MH4447416            STORAGE       0.22     2.72     0  01:02     0.00638      0.0223       4.352
  MH4453124            STORAGE       0.18     4.17     0  01:15     0.00517       0.119       0.062
  MH5228371            STORAGE       0.07     0.15     0  00:01     0.00205     0.00427       0.129
  MH6153571            STORAGE       0.29   139.31     0  06:37     0.00826        3.65       0.150
  MH4427425            STORAGE       0.41     0.53     0  00:01      0.0117      0.0151       0.529
  MH7465841            STORAGE       0.06    33.16     0  01:10      0.0016        0.93       0.054
  MH4451971            STORAGE       0.27     0.84     0  00:47     0.00777      0.0243       0.252
  MH4450757            STORAGE       0.18    16.38     0  01:15      0.0053       0.465       0.182
  MH4447684            STORAGE       0.09     1.18     0  00:54     0.00252      0.0339       0.088
  MH4449173            STORAGE       0.47    44.58     0  08:00      0.0136        1.14       0.240
  MH4451058            STORAGE       0.04     3.98     0  00:55     0.00106       0.114       0.096
  MH4452032            STORAGE       0.32     2.28     0  01:17      0.0092      0.0185       3.636
  MH4451840            STORAGE       0.24     4.33     0  00:42     0.00705      0.0311       6.290
  MH1790845            STORAGE       0.61     1.27     0  01:52      0.0177      0.0365       1.297
  MH4456553            STORAGE       0.26   135.04     0  06:37     0.00755        3.55       0.292
  MH4449510            STORAGE       0.15    11.59     0  05:23     0.00425       0.332       0.141
  MH4428713            STORAGE       0.37     1.93     0  01:53      0.0107      0.0342       3.729
  MH4428995            STORAGE       0.31     4.17     0  01:17     0.00889       0.042       3.786
  MH4447351            STORAGE       0.33     1.15     0  01:14     0.00942      0.0329       0.249
  MH4450170            STORAGE       0.30    13.79     0  07:30     0.00865       0.393       0.208
  MH4500254            STORAGE       0.18     0.45     0  00:02     0.00509      0.0129       0.354
  MH4448662            STORAGE       0.28     1.01     0  01:02     0.00818      0.0289       0.519
  MH4429357            STORAGE       0.37    11.81     0  08:00      0.0106       0.271       0.990
  MH5286735            STORAGE       0.07     0.15     0  00:01      0.0019     0.00421       0.132
  MH4449860            STORAGE       0.16     0.28     0  00:01     0.00469     0.00788       0.373
  MH4452919            STORAGE       0.29     0.29     0  00:00     0.00821     0.00821       0.503
  MH4450449            STORAGE       0.33    72.42     0  08:00     0.00961        1.94       0.248
  MH4450581            STORAGE       0.37    72.79     0  08:00      0.0106        1.94       0.331
  MH6042164            STORAGE       0.24     1.61     0  01:05     0.00694      0.0459       0.259
  MH1625395            STORAGE       0.18     1.24     0  00:45     0.00504      0.0354       0.504
  MH4447397            STORAGE       0.31     3.08     0  01:38     0.00898      0.0345       4.899
  MH5241467            STORAGE       0.04     3.21     0  01:24     0.00119      0.0386       3.745
  MH4455121            STORAGE       0.26   124.64     0  01:52      0.0075        3.26       0.185
  MH4428765            STORAGE       0.07     1.30     0  02:03     0.00193      0.0124       6.283
  MH1624138            STORAGE       0.25   141.49     0  06:36     0.00709        3.69       0.195
  MH4452902            STORAGE       0.03     3.92     0  00:00    0.000976      0.0924       0.013
  MH4452980            STORAGE       0.00     4.44     0  04:49    0.000133       0.128       0.010
  MH4451333            STORAGE       0.04     0.17     0  00:18     0.00104     0.00495       0.027
  MH1623974            STORAGE       0.33     1.06     0  00:38     0.00957      0.0303       0.588
  MH4428320            STORAGE       0.27     0.75     0  00:54     0.00776      0.0217       0.283
  MH1632398            STORAGE       0.19   187.12     0  06:32     0.00556        4.81       0.063
  MH4447643            STORAGE       0.02    37.78     0  08:00     0.00057        1.03       0.366
  MH4452081            STORAGE       0.20     4.52     0  01:14     0.00574       0.129       0.118
  MH4429013            STORAGE       0.25    10.52     0  00:52     0.00712       0.293       0.761
  MH4429468            STORAGE       0.22     3.33     0  01:10     0.00635      0.0175       7.048
  MH4446883            STORAGE       0.11     3.46     0  01:11     0.00305      0.0261       5.787
  MH4451092            STORAGE       0.25     4.23     0  00:51     0.00721       0.121       0.086
  MH4448796            STORAGE       0.10     0.37     0  00:03     0.00295      0.0102       0.307
  MH4500902            STORAGE       0.21    10.34     0  02:18     0.00599       0.291       0.140
  MH4449330            STORAGE       0.08     0.41     0  01:15      0.0022      0.0117       0.054
  MH4450211            STORAGE       0.08     1.06     0  00:45     0.00224      0.0302       0.104
  MH4453770            STORAGE       0.24     0.66     0  00:45     0.00677      0.0189       1.898
  MH4429527            STORAGE       0.46     1.88     0  01:53      0.0131      0.0265       4.983
  MH4450975            STORAGE       0.27     3.04     0  00:53     0.00771      0.0247       4.870
  MH4450207            STORAGE       0.44     1.04     0  02:01      0.0128      0.0187       5.447
  MH4453740            STORAGE       0.25     1.41     0  00:49     0.00726      0.0404       0.174
  MH4429179            STORAGE       0.28     4.87     0  01:00     0.00815      0.0515       5.091
  MH4452527            STORAGE       0.24    76.41     0  01:47     0.00686        1.84       0.202
  MH4452680            STORAGE       0.53    79.34     0  01:48      0.0152        1.94       0.503
  MH1624769            STORAGE       0.06   142.83     0  06:36     0.00184        3.72       0.157
  MH4454629            STORAGE       0.22     7.88     0  01:30     0.00646       0.217       0.527
  MH1624494            STORAGE       0.28     1.50     0  00:51     0.00805      0.0429       0.284
  MH4451143            STORAGE       0.30     2.15     0  01:06     0.00857      0.0178       2.827
  MH4450922            STORAGE       0.29    89.16     0  08:00     0.00823        2.33       0.221
  MH4451207            STORAGE       0.36    89.52     0  08:00      0.0103        2.34       0.317
  MH8963773            STORAGE       0.03     8.21     0  00:45     0.00097       0.109       2.738
  MH4454643            STORAGE       0.24     1.29     0  00:47     0.00702       0.037       0.348
  MH4426971            STORAGE       0.14     0.14     0  00:00     0.00392     0.00392       0.169
  MH4453970            STORAGE       0.13     3.84     0  01:11     0.00367      0.0424       3.851
  MH4498454            STORAGE       0.15     1.99     0  02:21     0.00422      0.0564       0.094
  MH4429503            STORAGE       0.31    36.03     0  08:00     0.00904           1       0.438
  MH4429645            STORAGE       0.11     3.95     0  01:47     0.00315       0.112       1.184
  MH4452011            STORAGE       0.15    11.60     0  00:30      0.0043       0.193       0.773
  MH4451871            STORAGE       0.18    15.15     0  00:30     0.00507       0.174       1.573
  MH4449103            STORAGE       0.04    44.11     0  08:00     0.00113        1.14       0.182
  MH4499048            STORAGE       0.23     0.50     0  00:26     0.00651      0.0144       0.209
  MH4499729            STORAGE       0.09     2.94     0  01:03     0.00263      0.0837       0.089
  MH4456532            STORAGE       0.17     9.09     0  05:47     0.00495       0.257       0.119
  MH4454376            STORAGE       0.25   116.36     0  01:52     0.00726        3.01       0.280
  MH4499323            STORAGE       0.19     0.44     0  00:01     0.00552      0.0125       0.299
  MH1623928            STORAGE       0.13   139.69     0  06:37     0.00383        3.65       0.170
  MH4428920            STORAGE       0.23     1.70     0  01:48     0.00661      0.0156       4.558
  MH4449849            STORAGE       0.09    13.50     0  08:00     0.00268       0.313       0.453
  MH4455780            STORAGE       0.05     5.51     0  03:14     0.00151       0.156       0.044
  MH4429019            STORAGE       0.23    32.89     0  01:21     0.00676       0.923       0.037
  MH4447394            STORAGE       0.31    36.60     0  08:00     0.00892       0.986       0.362
  MH4453315            STORAGE       0.27     0.27     0  00:00     0.00786     0.00786       0.359
  MH4453553            STORAGE       0.18     1.16     0  00:50     0.00533      0.0333       0.224
  MH4428426            STORAGE       0.65     0.65     0  00:00      0.0186      0.0186       0.283
  MH4428245            STORAGE       0.46     1.67     0  00:46      0.0132      0.0479       0.382
  MH4450378            STORAGE       0.28    35.68     0  00:31     0.00814       0.876       0.563
  MH4450554            STORAGE       0.14    34.68     0  00:31     0.00394       0.872       0.218
  MH1631057            STORAGE       0.20   182.31     0  06:31     0.00588        4.69       0.116
  MH1631514            STORAGE       0.07   186.64     0  06:32     0.00197         4.8       0.069
  MH4427095            STORAGE       0.31    24.44     0  06:09     0.00899       0.691       0.219
  MH4455516            STORAGE       0.31     0.57     0  00:23     0.00888      0.0163       0.465
  MH1623725            STORAGE       0.26     2.93     0  01:19     0.00758      0.0831       0.244
  MH4456551            STORAGE       0.16     4.48     0  01:16      0.0047       0.127       0.216
  MH4453489            STORAGE       0.11     7.98     0  00:37     0.00316       0.219       0.609
  MH4449436            STORAGE       0.32     1.33     0  01:10     0.00918      0.0381       0.256
  MH4455808            STORAGE       0.22     1.80     0  01:03     0.00639      0.0512       0.264
  MH4450920            STORAGE       0.17     3.39     0  01:01      0.0048      0.0974       0.188
  MH4451516            STORAGE       0.20     4.93     0  01:46     0.00571       0.141       0.135
  MH4452994            STORAGE       0.28     7.04     0  00:59     0.00797         0.2       0.592
  MH4452189            STORAGE       0.10    75.91     0  01:47     0.00293        1.82       0.162
  MH4449882            STORAGE       0.15     2.13     0  00:47     0.00444      0.0116      11.067
  MH1629073            STORAGE       0.27     0.67     0  00:35     0.00773      0.0192       0.253
  MH4429320            STORAGE       0.14     0.90     0  01:49     0.00409     0.00649       3.544
  MH4451945            STORAGE       0.30    19.89     0  01:23     0.00855       0.562       0.234
  MH4452809            STORAGE       0.17     1.90     0  00:46     0.00493      0.0108       6.153
  MH4452632            STORAGE       0.27     4.00     0  00:38      0.0079      0.0264       6.619
  MH4453981            STORAGE       0.22     0.22     0  00:00     0.00634     0.00634       0.157
  MH4320104            STORAGE       0.46     1.58     0  00:57      0.0133      0.0451       0.585
  MH4426673            STORAGE       0.26     0.26     0  00:00      0.0076      0.0076       0.245
  MH4450077            STORAGE       0.42     0.79     0  00:29       0.012      0.0226       0.448
  MH4428836            STORAGE       0.44     3.02     0  01:43      0.0126      0.0854       3.064
  MH4429107            STORAGE       0.21     5.23     0  01:17     0.00601       0.144       1.936
  MH4429656            STORAGE       0.37     4.44     0  00:52      0.0105      0.0435       3.463
  MH4450617            STORAGE       0.39     0.79     0  00:26      0.0111      0.0227       0.472
  MH4448392            STORAGE       0.31     0.46     0  00:15     0.00899      0.0133       0.367
  MH4448813            STORAGE       0.43     0.89     0  00:46      0.0123      0.0255       5.172
  MH4449913            STORAGE       0.28    40.76     0  08:00     0.00814        1.07       0.616
  MH4427309            STORAGE       1.98     2.42     0  00:27      0.0571      0.0698       0.145
  MH1625316            STORAGE       0.23     2.28     0  01:16     0.00653      0.0651       0.303
  MH4429584            STORAGE       0.11     1.25     0  01:06     0.00312     0.00426       2.420
  MH4429544            STORAGE       0.13     2.09     0  01:06     0.00386     0.00891       4.712
  MH4452946            STORAGE       0.02     6.64     0  01:09    0.000541       0.189       0.210
  MH4428797            STORAGE       0.38     1.15     0  01:23       0.011       0.033       0.394
  MH4451468            STORAGE       0.61     6.84     0  01:09      0.0177      0.0518       6.265
  MH4450391            STORAGE       0.15    14.23     0  08:00     0.00436       0.364       0.347
  MH4450531            STORAGE       0.20    15.60     0  08:00     0.00576       0.393       0.470
  MH1629194            STORAGE       0.19   180.60     0  06:31     0.00536        4.67       0.197
  MH4449977            STORAGE       0.25     3.30     0  01:33      0.0071       0.042       3.488
  MH4454125            STORAGE       0.02     3.16     0  01:12    0.000609      0.0296       3.325
  MH4453047            STORAGE       0.33     0.41     0  00:10     0.00962      0.0117       0.242
  MH4455813            STORAGE       0.23     1.58     0  01:08     0.00665      0.0451       0.433
  MH4451576            STORAGE       0.33     0.33     0  00:00     0.00963     0.00963       0.219
  MH4450193            STORAGE       0.17    35.86     0  00:32     0.00504       0.862       0.293
  MH4449635            STORAGE       0.30     1.19     0  00:46     0.00865      0.0342       0.390
  MH4454657            STORAGE       0.21     2.36     0  02:59     0.00595      0.0669       0.318
  MH4428800            STORAGE       0.72     0.72     0  00:00      0.0208      0.0208       0.312
  MH4452071            STORAGE       0.21     5.96     0  00:53     0.00619        0.17       0.266
  MH4454876            STORAGE       0.05     0.66     0  01:20     0.00139       0.019       0.097
  MH4455429            STORAGE       0.18     1.32     0  01:32     0.00515      0.0376       0.126
  MH4448762            STORAGE       0.34     3.19     0  01:10     0.00992       0.056       2.637
  MH4454901            STORAGE       0.13     0.91     0  00:11     0.00361      0.0261       0.106
  MH1624202            STORAGE       0.08     0.56     0  00:47     0.00243      0.0161       0.236
  MH4454195            STORAGE       0.07     3.00     0  01:15     0.00204      0.0259       6.334
  MH1626450            STORAGE       0.16     0.38     0  00:02      0.0046      0.0108       0.416
  MH1626578            STORAGE       0.19     1.02     0  00:58      0.0056      0.0293       0.477
  MH4429411            STORAGE       0.40     1.41     0  00:55      0.0114      0.0118       5.128
  MH4501851            STORAGE       0.02    20.74     0  02:26    0.000599       0.575       0.422
  MH4456372            STORAGE       0.21     1.48     0  02:16     0.00602       0.042       0.113
  MH5216010            STORAGE       0.13     0.13     0  00:00     0.00385     0.00385       0.081
  MH4498407            STORAGE       0.02     1.53     0  02:30     0.00051      0.0431       0.029
  MH4453748            STORAGE       0.03     0.44     0  01:23    0.000764     0.00261       5.593
  MH4427312            STORAGE       0.25     1.51     0  00:39     0.00712      0.0433       0.189
  MH4451113            STORAGE       0.21     3.60     0  01:08     0.00597       0.103       0.147
  MH4450100            STORAGE       0.08     0.35     0  01:19     0.00225      0.0101       0.206
  MH4450180            STORAGE       0.13     2.42     0  00:47     0.00373      0.0176       4.700
  MH4429323            STORAGE       0.30     0.65     0  00:34     0.00869      0.0188       0.606
  MH4449920            STORAGE       0.08     1.01     0  01:19     0.00223      0.0288       0.122
  MH1790382            STORAGE       0.16     0.49     0  00:04     0.00466      0.0138       0.517
  MH4455602            STORAGE       0.13     2.93     0  03:42     0.00372       0.083       0.108
  MH4429471            STORAGE       0.36     2.40     0  01:21      0.0104      0.0226       4.919
  MH4451886            STORAGE       0.27    86.53     0  08:00     0.00768        2.27       0.295
  MH4450802            STORAGE       0.11     0.46     0  00:04     0.00328      0.0128       0.537
  MH4447506            STORAGE       0.16     0.36     0  00:02     0.00456      0.0102       0.399
  MH4429499            STORAGE       0.26    17.28     0  08:00     0.00762        0.48       0.450
  MH4447691            STORAGE       0.16    37.94     0  08:00     0.00465        1.02       0.180
  MH4449485            STORAGE       0.02     9.62     0  00:48    0.000506       0.276       0.134
  MH5233531            STORAGE       0.06     4.69     0  01:23     0.00164       0.133       0.115
  MH4428146            STORAGE       0.33     0.92     0  00:23     0.00941      0.0265       0.265
  MH4428096            STORAGE       0.31    25.10     0  01:14      0.0088       0.701       0.250
  MH4450167            STORAGE       0.36    14.02     0  08:00      0.0103       0.324       0.450
  MH1630330            STORAGE       0.47     3.86     0  01:15      0.0137       0.109       0.335
  MH1630926            STORAGE       0.40     4.26     0  02:41      0.0116        0.12       1.142
  MH4500043            STORAGE       0.15     5.16     0  03:05     0.00426       0.145       0.117
  MH4454993            STORAGE       0.16     4.40     0  00:57     0.00453       0.125       0.155
  MH1629888            STORAGE       0.22     3.22     0  01:15     0.00648      0.0911       0.493
  MH4427714            STORAGE       0.31     0.76     0  00:20     0.00887      0.0218       0.263
  MH4450332            STORAGE       0.14    14.83     0  08:00     0.00413       0.341       0.230
  MH4452952            STORAGE       0.02     1.25     0  00:00     0.00066      0.0353       0.089
  MH4426188            STORAGE       0.27     3.66     0  00:21     0.00766      0.0361       2.950
  MH4426979            STORAGE       0.27     0.71     0  00:36     0.00776      0.0203       0.223
  MH4455191            STORAGE       0.25     7.54     0  06:37     0.00731       0.214       0.125
  MH4454312            STORAGE       0.17     0.59     0  00:03     0.00484      0.0167       0.318
  MH4427849            STORAGE       0.44     0.94     0  00:39      0.0126       0.027       0.416
  MH1625959            STORAGE       0.09     2.46     0  01:18     0.00258      0.0698       0.055
  MH4498291            STORAGE       0.32     0.32     0  00:00     0.00915     0.00915       0.464
  MH5164627            STORAGE       0.12     0.12     0  00:00     0.00353     0.00353       0.203
  MH4453850            STORAGE       0.17     1.57     0  01:36     0.00484      0.0113       2.599
  MH4454009            STORAGE       0.16     2.26     0  01:26     0.00452      0.0157       4.250
  MH4453031            STORAGE       0.21     0.34     0  00:04     0.00619     0.00975       0.196
  MH1626189            STORAGE       0.26   143.75     0  06:35      0.0076        3.72       0.277
  MH4499059            STORAGE       0.12     2.38     0  02:25     0.00349      0.0675       0.130
  MH4451673            STORAGE       0.43     6.38     0  00:35      0.0124      0.0417       3.432
  MH4447346            STORAGE       0.06     2.56     0  01:24     0.00168      0.0103       8.168
  MH4427659            STORAGE       0.19     0.19     0  00:00     0.00535     0.00535       0.103
  MH4453098            STORAGE       0.31    99.76     0  01:49     0.00884        2.52       0.424
  MH4502186            STORAGE       0.19   177.67     0  06:33     0.00557        4.62       0.142
  MH4500625            STORAGE       0.28     0.52     0  00:31     0.00815      0.0149       0.601
  MH4429420            STORAGE       0.11     1.65     0  01:13     0.00315      0.0472       0.092
  MH4450396            STORAGE       0.23     0.45     0  00:21     0.00676      0.0129       0.349
  MH4499406            STORAGE       0.12     2.72     0  00:58      0.0034      0.0775       0.130
  MH4456777            STORAGE       0.19     6.34     0  02:51     0.00543       0.179       0.107
  MH4428638            STORAGE       0.37     1.37     0  00:12      0.0107      0.0392       0.412
  MH8707824            STORAGE       0.08     0.63     0  00:45     0.00244       0.018       0.154
  MH4454398            STORAGE       0.02     0.08     0  00:24      0.0007     0.00237       0.021
  MH4453185            STORAGE       0.06     1.73     0  00:42     0.00174     0.00808      10.080
  MH4450847            STORAGE       0.06     0.91     0  00:49     0.00177      0.0259       0.154
  MH4428583            STORAGE       0.39     1.66     0  00:33      0.0113      0.0474       2.182
  MH4455943            STORAGE       0.21     0.55     0  00:03     0.00608      0.0157       0.473
  MH4426728            STORAGE       0.24    24.88     0  00:00     0.00688       0.683       0.236
  MH4427741            STORAGE       0.16     0.69     0  01:00     0.00465      0.0197       0.131
  MH4452541            STORAGE       0.11    20.32     0  06:56     0.00323        0.57       0.086
  MH4449796            STORAGE       0.22     9.33     0  00:49     0.00622       0.256       0.686
  MH4450269            STORAGE       0.12     0.12     0  00:00     0.00342     0.00342       0.079
  MH4447355            STORAGE       0.34     0.34     0  00:00     0.00992     0.00992       0.666
  MH4448029            STORAGE       0.17     0.51     0  01:12     0.00487      0.0147       0.350
  MH4452462            STORAGE       0.30     2.71     0  00:36     0.00862      0.0391       1.477
  MH4448626            STORAGE       0.24     2.03     0  00:42     0.00702       0.058       0.354
  MH4428137            STORAGE       0.04     1.06     0  00:32     0.00117      0.0302       0.115
  MH1630702            STORAGE       0.16     0.16     0  00:00     0.00474     0.00474       0.369
  MH4454116            STORAGE       0.28   108.95     0  01:52     0.00797        2.77       0.168
  MH4452110            STORAGE       0.14     2.05     0  01:18     0.00396     0.00947       7.500
  MH4428968            STORAGE       0.33     1.27     0  01:20     0.00939      0.0364       0.463
  MH4500689            STORAGE       0.15     8.99     0  02:52     0.00439       0.253       0.223
  MH1623436            STORAGE       0.36     0.36     0  00:00      0.0105      0.0105       0.177
  MH4454395            STORAGE       0.30     0.30     0  00:00     0.00859     0.00859       0.745
  MH4449866            STORAGE       0.18     1.72     0  01:19     0.00523      0.0116       5.039
  MH4449011            STORAGE       0.27    38.54     0  08:00     0.00778        1.03       0.588
  MH4452760            STORAGE       0.06     0.06     0  00:00     0.00162     0.00162       0.034
  MH4447668            STORAGE       0.11     1.72     0  01:28     0.00318     0.00699       4.284
  MH4448929            STORAGE       0.24     5.85     0  00:37     0.00687       0.157       0.677
  MH4448474            STORAGE       0.25     7.16     0  01:21     0.00718         0.2       1.033
  MH4429086            STORAGE       0.21     2.38     0  01:16     0.00617      0.0678       0.254
  MH4320244            STORAGE       0.18     2.00     0  01:16     0.00515      0.0566       0.377
  MH4429268            STORAGE       0.37     1.45     0  01:31      0.0107       0.011       3.210
  MH4451870            STORAGE       0.38     1.34     0  00:46      0.0109      0.0113       4.641
  MH4453213            STORAGE       0.24     4.89     0  00:04     0.00702       0.139       0.276
  MH4428067            STORAGE       0.55     0.55     0  00:00      0.0157      0.0157       0.253
  MH4453837            STORAGE       0.19     5.48     0  00:50     0.00552       0.156       0.197
  MH4451967            STORAGE       0.34    34.61     0  08:00     0.00978       0.858       0.077
  MH4449503            STORAGE       0.44     1.88     0  02:01      0.0126      0.0368       5.270
  MH4428188            STORAGE       0.29     1.35     0  00:32     0.00834      0.0385       0.162
  MH4449778            STORAGE       0.36     1.90     0  01:13      0.0105       0.011       4.696
  MH4447452            STORAGE       0.40     8.60     0  00:37      0.0114       0.102       1.434
  MH4427588            STORAGE       0.17    24.92     0  06:05     0.00486       0.699       0.175
  MH4450776            STORAGE       0.47     2.28     0  01:09      0.0135      0.0139       4.471
  MH4453095            STORAGE       0.25     1.39     0  01:19     0.00715     0.00748       4.122
  X385                 OUTFALL       0.00     0.05     0  00:26           0     0.00157       0.000
  X570                 OUTFALL       0.00     0.19     0  00:20           0     0.00534       0.000
  OUT                  OUTFALL       0.00   187.12     0  06:33           0         4.8       0.000
  X902                 OUTFALL       0.00     0.03     0  00:34           0    0.000999       0.000
  
  
  **********************
  Node Surcharge Summary
  **********************
  
  Surcharging occurs when water rises above the top of the highest conduit.
  ---------------------------------------------------------------------
                                               Max. Height   Min. Depth
                                   Hours       Above Crown    Below Rim
  Node                 Type      Surcharged         Meters       Meters
  ---------------------------------------------------------------------
  N0                   JUNCTION        5.96          0.200        3.215
  N1                   JUNCTION        5.85          0.147        3.843
  N3                   JUNCTION        6.10          0.489        2.741
  N13                  JUNCTION        7.22          2.330        1.649
  N25                  JUNCTION        7.66          3.373        1.269
  N26                  JUNCTION        6.02          0.306        0.937
  N43                  JUNCTION        7.86          3.952        0.499
  N46                  JUNCTION        4.67          0.039        3.594
  N47                  JUNCTION        6.07          0.297        2.908
  N53                  JUNCTION        5.76          0.241        2.251
  N63                  JUNCTION        7.45          1.471        1.855
  N64                  JUNCTION        7.46          1.559        1.520
  N69                  JUNCTION        6.05          0.267        2.793
  N97                  JUNCTION        7.57          2.654        1.027
  N106                 JUNCTION        6.59          0.648        3.220
  N116                 JUNCTION        5.08          0.051        2.216
  N124                 JUNCTION        6.55          1.541        1.322
  N139                 JUNCTION        6.99          1.908        1.373
  N142                 JUNCTION        6.92          1.796        1.336
  N143                 JUNCTION        7.82          1.005        1.331
  N158                 JUNCTION        5.47          0.062        4.307
  N163                 JUNCTION        6.45          0.451        3.232
  N170                 JUNCTION        6.80          1.072        0.804
  N171                 JUNCTION        7.07          1.261        0.837
  N172                 JUNCTION        6.95          1.147        0.751
  N180                 JUNCTION        6.22          0.925        2.178
  N181                 JUNCTION        6.51          1.333        1.738
  N188                 JUNCTION        6.58          1.569        0.959
  N192                 JUNCTION        6.91          1.159        0.417
  N197                 JUNCTION        7.65          2.927        1.098
  N198                 JUNCTION        6.69          1.380        0.719
  N206                 JUNCTION        6.15          0.447        3.027
  N208                 JUNCTION        7.31          1.222        0.849
  N209                 JUNCTION        7.38          1.346        1.332
  N210                 JUNCTION        5.07          0.043        4.325
  N250                 JUNCTION        6.15          0.448        2.966
  N258                 JUNCTION        6.98          2.136        0.689
  N265                 JUNCTION        7.15          1.853        0.094
  N270                 JUNCTION        5.94          0.365        3.586
  N271                 JUNCTION        7.37          0.939        3.255
  N295                 JUNCTION        6.84          1.589        1.502
  N300                 JUNCTION        6.60          0.726        3.101
  N307                 JUNCTION        4.03          0.020        3.166
  N314                 JUNCTION        5.61          0.193        2.954
  N319                 JUNCTION        7.26          2.713        0.385
  N322                 JUNCTION        5.21          0.093        3.710
  N325                 JUNCTION        6.97          1.449        0.458
  N327                 JUNCTION        7.43          2.795        0.556
  N328                 JUNCTION        7.70          3.391        0.606
  N334                 JUNCTION        7.30          1.589        0.330
  N339                 JUNCTION        5.16          0.083        2.712
  N345                 JUNCTION        6.60          1.294        0.697
  N346                 JUNCTION        6.71          1.469        0.725
  N356                 JUNCTION        7.40          2.688        0.635
  N357                 JUNCTION        7.14          1.661        0.300
  N361                 JUNCTION        7.15          2.363        0.357
  N366                 JUNCTION        7.51          2.050        0.311
  N367                 JUNCTION        7.48          1.912        0.651
  N379                 JUNCTION        6.81          1.165        0.787
  N394                 JUNCTION        7.08          2.199        1.648
  N397                 JUNCTION        6.26          1.071        1.497
  N408                 JUNCTION        6.91          1.024        2.191
  N414                 JUNCTION        6.15          0.430        3.102
  N419                 JUNCTION        7.54          2.805        0.089
  N422                 JUNCTION        7.58          3.165        0.611
  N431                 JUNCTION        6.81          1.083        0.758
  N432                 JUNCTION        7.06          1.257        0.727
  N439                 JUNCTION        7.37          2.634        0.636
  N440                 JUNCTION        7.47          2.843        0.454
  N447                 JUNCTION        7.97          4.080        0.366
  N460                 JUNCTION        6.92          1.351        0.403
  N465                 JUNCTION        6.57          1.136        0.673
  N466                 JUNCTION        6.60          1.299        1.281
  N483                 JUNCTION        5.98          0.494        1.224
  N490                 JUNCTION        7.92          3.281        0.300
  N499                 JUNCTION        6.13          0.472        3.420
  N505                 JUNCTION        5.42          0.219        1.926
  N530                 JUNCTION        7.44          2.894        1.613
  N536                 JUNCTION        7.43          2.778        0.168
  N550                 JUNCTION        7.17          1.283        0.955
  N552                 JUNCTION        6.87          1.905        0.969
  N557                 JUNCTION        6.58          0.804        0.102
  N577                 JUNCTION        7.00          1.251        0.193
  N578                 JUNCTION        7.83          3.840        0.840
  N582                 JUNCTION        7.10          1.926        1.245
  N599                 JUNCTION        7.72          3.586        0.372
  N605                 JUNCTION        6.97          2.041        0.859
  N610                 JUNCTION        5.81          0.297        3.451
  N616                 JUNCTION        6.73          0.994        0.539
  N618                 JUNCTION        6.44          0.641        1.908
  N642                 JUNCTION        6.50          0.698        0.812
  N644                 JUNCTION        7.75          3.652        0.432
  N646                 JUNCTION        7.08          1.550        0.113
  N649                 JUNCTION        7.52          3.046        1.110
  N656                 JUNCTION        5.73          0.635        0.848
  N670                 JUNCTION        7.37          1.812        0.184
  N675                 JUNCTION        7.62          3.303        0.581
  N676                 JUNCTION        6.88          1.689        0.176
  N688                 JUNCTION        5.55          0.518        1.435
  N691                 JUNCTION        6.59          1.462        1.419
  N693                 JUNCTION        7.47          2.954        0.519
  N700                 JUNCTION        7.83          2.311        0.000
  N702                 JUNCTION        6.06          0.082        0.901
  N711                 JUNCTION        7.40          2.285        0.961
  N715                 JUNCTION        6.55          0.756        0.329
  N717                 JUNCTION        4.92          0.054        2.545
  N726                 JUNCTION        7.72          2.430        1.683
  N727                 JUNCTION        7.82          2.946        1.110
  N736                 JUNCTION        7.23          2.485        1.181
  N737                 JUNCTION        6.97          1.960        0.902
  N738                 JUNCTION        7.10          2.164        0.844
  N741                 JUNCTION        7.42          1.217        1.666
  N749                 JUNCTION        6.99          0.926        3.186
  N750                 JUNCTION        7.82          2.450        0.050
  N755                 JUNCTION        6.79          1.074        0.418
  N763                 JUNCTION        7.25          1.605        0.549
  N766                 JUNCTION        6.81          1.018        0.841
  N781                 JUNCTION        6.69          1.536        0.381
  N787                 JUNCTION        6.37          0.441        3.008
  N788                 JUNCTION        6.36          1.147        1.372
  N789                 JUNCTION        7.08          1.326        1.030
  N794                 JUNCTION        7.19          1.069        2.859
  N798                 JUNCTION        7.30          1.503        0.217
  N799                 JUNCTION        5.71          0.038        1.937
  N804                 JUNCTION        6.12          0.350        2.789
  N811                 JUNCTION        6.45          1.050        1.216
  N819                 JUNCTION        7.31          2.757        0.688
  N828                 JUNCTION        6.63          0.848        1.898
  N829                 JUNCTION        6.91          1.954        0.119
  N834                 JUNCTION        6.77          1.036        0.762
  N837                 JUNCTION        6.71          0.964        0.652
  N849                 JUNCTION        7.06          0.906        0.900
  N851                 JUNCTION        7.34          1.765        0.466
  N853                 JUNCTION        6.33          0.851        0.831
  N858                 JUNCTION        8.00          4.329        0.644
  N870                 JUNCTION        6.27          1.169        2.291
  N877                 JUNCTION        7.46          2.098        0.066
  N888                 JUNCTION        5.77          0.152        2.169
  N893                 JUNCTION        6.13          0.374        3.111
  N894                 JUNCTION        6.81          1.130        2.434
  N895                 JUNCTION        6.56          0.699        1.583
  N906                 JUNCTION        7.37          2.827        0.406
  N909                 JUNCTION        6.46          0.908        0.577
  N914                 JUNCTION        6.46          0.637        1.082
  N915                 JUNCTION        7.28          2.520        0.357
  N921                 JUNCTION        7.13          1.202        1.087
  N922                 JUNCTION        7.22          1.254        1.322
  N923                 JUNCTION        7.14          0.585        2.980
  N924                 JUNCTION        5.79          0.688        1.895
  N930                 JUNCTION        7.54          2.922        1.137
  N931                 JUNCTION        6.50          1.284        1.181
  N940                 JUNCTION        6.08          0.680        2.055
  N942                 JUNCTION        6.63          0.733        3.261
  N952                 JUNCTION        6.57          0.779        0.188
  N954                 JUNCTION        7.05          2.222        1.291
  N956                 JUNCTION        7.18          1.190        0.000
  N959                 JUNCTION        6.49          1.043        0.353
  N963                 JUNCTION        7.19          1.412        0.470
  N964                 JUNCTION        6.86          1.748        0.161
  N967                 JUNCTION        7.44          2.387        0.000
  N974                 JUNCTION        7.11          1.624        0.008
  N975                 JUNCTION        6.20          0.433        1.244
  N976                 JUNCTION        6.35          0.616        1.242
  N980                 JUNCTION        5.90          0.356        2.824
  N984                 JUNCTION        6.12          0.606        0.686
  N991                 JUNCTION        7.53          2.179        0.259
  N992                 JUNCTION        6.87          1.825        0.348
  N994                 JUNCTION        5.90          0.355        2.846
  N1001                JUNCTION        7.58          2.703        0.000
  N1005                JUNCTION        6.76          0.846        0.826
  N1007                JUNCTION        6.72          1.576        0.452
  N1009                JUNCTION        6.65          0.845        0.864
  
  
  *********************
  Node Flooding Summary
  *********************
  
  Flooding refers to all water that overflows a node, whether it ponds or not.
  --------------------------------------------------------------------------
                                                             Total   Maximum
                                 Maximum   Time of Max       Flood    Ponded
                        Hours       Rate    Occurrence      Volume     Depth
  Node                 Flooded       LPS   days hr:min    10^6 ltr    Meters
  --------------------------------------------------------------------------
  MH4429357               5.74     11.81      0  08:00       0.223     0.000
  MH4452011               5.91      9.17      0  08:00       0.184     0.000
  MH4451886               6.21     21.44      0  08:00       0.451     0.000
  MH4428096               7.14      1.82      0  01:14       0.046     0.000
  MH4450332               6.58     14.83      0  08:00       0.336     0.000
  MH4427588               6.76      0.57      0  06:05       0.014     0.000
  
  
  **********************
  Storage Volume Summary
  **********************
  
  ------------------------------------------------------------------------------------------------
                         Average    Avg   Evap  Exfil     Maximum    Max    Time of Max    Maximum
                          Volume   Pcnt   Pcnt   Pcnt      Volume   Pcnt     Occurrence    Outflow
  Storage Unit           1000 m³   Full   Loss   Loss     1000 m³   Full    days hr:min        LPS
  ------------------------------------------------------------------------------------------------
  MH4454411                0.000   11.2    0.0    0.0       0.000   15.6       0  08:00       6.47
  MH4450314                0.000    1.1    0.0    0.0       0.000    1.1       0  00:01       2.59
  MH4428367                0.000    0.5    0.0    0.0       0.000    0.5       0  01:42       0.86
  MH4428606                0.001   14.7    0.0    0.0       0.001   21.9       0  08:00       2.61
  MH4454744                0.000    0.5    0.0    0.0       0.000    0.5       0  00:31       0.16
  MH4452397                0.000    0.5    0.0    0.0       0.000    0.5       0  00:25       0.40
  MH4453133                0.000    6.5    0.0    0.0       0.000    9.0       0  08:00       7.13
  MH4447602                0.000   14.0    0.0    0.0       0.000   22.7       0  08:00       0.54
  MH4429312                0.002   75.0    0.0    0.0       0.003   92.7       0  08:00      12.05
  MH4453788                0.000   30.6    0.0    0.0       0.001   41.3       0  08:00       0.22
  MH4456108                0.000    1.2    0.0    0.0       0.000    1.2       0  01:35       2.16
  MH4454209                0.000    1.6    0.0    0.0       0.000    1.6       0  00:10       5.60
  MH1624017                0.000    0.8    0.0    0.0       0.000    0.8       0  00:36       0.88
  MH1623826                0.000    0.8    0.0    0.0       0.000    0.8       0  00:52       1.07
  MH4429136                0.003   76.9    0.0    0.0       0.004   90.3       0  08:00      16.12
  MH4501201                0.000    3.1    0.0    0.0       0.000    3.1       0  02:27      10.70
  MH4501544                0.001   16.8    0.0    0.0       0.001   20.8       0  08:00     144.43
  MH4454640                0.000    1.7    0.0    0.0       0.000    1.7       0  00:59       7.09
  MH4453512                0.000   18.2    0.0    0.0       0.001   24.5       0  08:00       8.42
  MH4452154                0.001   69.3    0.0    0.0       0.001   84.5       0  08:00       5.60
  MH4452217                0.001   72.0    0.0    0.0       0.001   87.2       0  08:00       5.47
  MH4446824                0.000   13.2    0.0    0.0       0.001   18.8       0  08:00       4.76
  MH4453931                0.000    0.7    0.0    0.0       0.000    0.7       0  01:29       0.72
  MH4456468                0.000    0.6    0.0    0.0       0.000    0.6       0  00:43       0.26
  MH4502097                0.000   17.3    0.0    0.0       0.001   21.1       0  08:00     155.46
  MH4447369                0.000    1.1    0.0    0.0       0.000    1.1       0  00:40       1.30
  MH4448345                0.003   74.6    0.0    0.0       0.003   88.6       0  08:00      40.81
  MH4448419                0.003   75.1    0.0    0.0       0.003   88.8       0  08:00      41.08
  MH4449083                0.000    0.5    0.0    0.0       0.000    0.5       0  00:28       0.50
  MH4499116                0.000    0.9    0.0    0.0       0.000    0.9       0  01:31       2.60
  MH4454674                0.000    0.9    0.0    0.0       0.000    0.9       0  00:44       0.70
  MH4427688                0.000    0.9    0.0    0.0       0.000    0.9       0  01:32       4.95
  MH4448753                0.000    0.8    0.0    0.0       0.000    0.8       0  01:15       0.33
  MH1627682                0.000    0.9    0.0    0.0       0.000    0.9       0  03:13       1.50
  MH4452538                0.000    0.8    0.0    0.0       0.000    0.8       0  00:37       1.03
  MH5118586                0.000    1.0    0.0    0.0       0.000    1.0       0  01:13       3.15
  MH4452724                0.000    1.0    0.0    0.0       0.000    1.0       0  01:14       0.56
  MH4448853                0.002   58.9    0.0    0.0       0.002   68.9       0  08:00       9.04
  MH4500422                0.000    1.1    0.0    0.0       0.000    1.1       0  02:33       5.52
  MH4449806                0.002   53.9    0.0    0.0       0.002   67.2       0  08:00       3.59
  MH4450137                0.002   66.7    0.0    0.0       0.002   81.8       0  08:00       4.19
  MH4428117                0.000    0.1    0.0    0.0       0.000    0.1       0  00:36       0.09
  MH4428139                0.000    0.3    0.0    0.0       0.000    0.3       0  01:06       0.48
  MH4455909                0.001   16.1    0.0    0.0       0.001   20.4       0  08:00     134.46
  MH4451823                0.001   21.7    0.0    0.0       0.001   26.0       0  08:00      33.98
  MH4450787                0.000    0.4    0.0    0.0       0.000    0.4       0  00:33       0.37
  MH4428026                0.000    0.6    0.0    0.0       0.000    0.6       0  01:18       1.52
  MH4501866                0.000   10.2    0.0    0.0       0.000   13.0       0  08:00      21.60
  MH1627986                0.000    1.2    0.0    0.0       0.000    1.2       0  00:55       1.75
  MH4499632                0.000    1.2    0.0    0.0       0.000    1.3       0  02:34       4.79
  MH4429035                0.000    2.4    0.0    0.0       0.000    4.7       0  08:00       0.64
  MH4449704                0.002   70.6    0.0    0.0       0.002   88.4       0  08:00       2.87
  MH4449118                0.002   71.6    0.0    0.0       0.003   87.2       0  08:00       3.98
  MH1629281                0.000    1.0    0.0    0.0       0.000    1.0       0  02:42       2.72
  MH4454718                0.000    0.7    0.0    0.0       0.000    0.7       0  01:29       0.61
  MH4451287                0.000    3.0    0.0    0.0       0.000    3.0       0  02:22      19.29
  MH4450219                0.000    0.8    0.0    0.0       0.000    0.8       0  01:20       1.63
  MH4449321                0.002   49.5    0.0    0.0       0.002   60.8       0  08:00       2.17
  MH4448509                0.001   45.9    0.0    0.0       0.001   58.1       0  08:00       1.32
  MH4428524                0.000    3.1    0.0    0.0       0.000    3.2       0  01:21      30.63
  MH1627084                0.000    0.9    0.0    0.0       0.000    1.0       0  00:49       1.21
  MH4455762                0.000    1.0    0.0    0.0       0.000    1.1       0  02:31       0.72
  MH4452721                0.000    1.7    0.0    0.0       0.000    1.7       0  01:09       6.41
  MH4447128                0.001   68.4    0.0    0.0       0.002   86.3       0  08:00       1.60
  MH4447726                0.002   58.4    0.0    0.0       0.002   71.5       0  08:00       2.90
  MH4428268                0.000    9.1    0.0    0.0       0.000   14.5       0  08:00       7.31
  MH4428636                0.001   43.1    0.0    0.0       0.002   57.3       0  08:00       8.90
  MH4452977                0.001   66.2    0.0    0.0       0.001   79.3       0  01:48       1.91
  MH1632309                0.000    6.4    0.0    0.0       0.000    7.0       0  06:32     186.93
  MH4500035                0.000    2.5    0.0    0.0       0.000    2.5       0  01:06      10.03
  MH4451759                0.000    0.3    0.0    0.0       0.000    0.3       0  00:36       0.29
  MH4454490                0.000    0.9    0.0    0.0       0.000    0.9       0  01:04       3.26
  MH4447880                0.001   52.6    0.0    0.0       0.002   70.5       0  08:00       5.31
  MH4499417                0.000    1.7    0.0    0.0       0.000    1.7       0  03:02       7.68
  MH4453579                0.001   57.1    0.0    0.0       0.001   69.3       0  08:00     108.18
  MH4451531                0.000    0.7    0.0    0.0       0.000    0.7       0  00:36       0.27
  MH4449785                0.002   61.4    0.0    0.0       0.003   70.8       0  08:00      44.90
  MH4447416                0.001   50.7    0.0    0.0       0.002   64.5       0  08:00       2.04
  MH4453124                0.000    1.2    0.0    0.0       0.000    1.3       0  02:50       4.17
  MH5228371                0.000    0.4    0.0    0.0       0.000    0.4       0  00:24       0.15
  MH6153571                0.001   18.2    0.0    0.0       0.001   22.9       0  08:00     139.31
  MH4427425                0.000    0.6    0.0    0.0       0.000    0.6       0  01:00       0.53
  MH7465841                0.000    3.6    0.0    0.0       0.000    3.6       0  01:42      33.16
  MH4451971                0.000    0.7    0.0    0.0       0.000    0.7       0  00:47       0.84
  MH4450757                0.000    3.4    0.0    0.0       0.000    3.4       0  02:00      16.38
  MH4447684                0.000    0.6    0.0    0.0       0.000    0.6       0  00:54       1.18
  MH4449173                0.003   66.9    0.0    0.0       0.003   78.5       0  08:00      44.58
  MH4451058                0.000    1.2    0.0    0.0       0.000    1.2       0  01:08       3.98
  MH4452032                0.001   53.8    0.0    0.0       0.001   65.8       0  08:00       1.76
  MH4451840                0.002   73.4    0.0    0.0       0.002   86.7       0  08:00       1.96
  MH1790845                0.000    1.2    0.0    0.0       0.000    1.2       0  02:16       1.27
  MH4456553                0.001   17.5    0.0    0.0       0.001   22.1       0  08:00     135.04
  MH4449510                0.000    2.4    0.0    0.0       0.000    2.4       0  01:19      11.59
  MH4428713                0.000   12.2    0.0    0.0       0.000   16.1       0  02:18       1.27
  MH4428995                0.001   57.1    0.0    0.0       0.001   71.1       0  02:19       1.60
  MH4447351                0.000    0.7    0.0    0.0       0.000    0.7       0  01:16       1.15
  MH4450170                0.000    2.4    0.0    0.0       0.000    2.4       0  02:05      13.79
  MH4500254                0.000    0.7    0.0    0.0       0.000    0.8       0  00:47       0.45
  MH4448662                0.000    0.8    0.0    0.0       0.000    0.8       0  01:18       1.01
  MH4429357                0.001   83.0    0.0    0.0       0.002  100.0       0  02:15       7.58
  MH5286735                0.000    0.4    0.0    0.0       0.000    0.4       0  00:25       0.15
  MH4449860                0.000    1.8    0.0    0.0       0.000    1.8       0  01:19       0.27
  MH4452919                0.000    0.5    0.0    0.0       0.000    0.5       0  01:16       0.29
  MH4450449                0.002   57.5    0.0    0.0       0.003   67.5       0  08:00      72.42
  MH4450581                0.002   55.9    0.0    0.0       0.003   65.2       0  08:00      72.79
  MH6042164                0.000    0.8    0.0    0.0       0.000    0.9       0  01:04       1.61
  MH1625395                0.000    1.1    0.0    0.0       0.000    1.1       0  01:07       1.24
  MH4447397                0.001   38.5    0.0    0.0       0.001   52.1       0  08:00       1.22
  MH5241467                0.001   39.9    0.0    0.0       0.001   52.8       0  08:00       1.93
  MH4455121                0.001   21.2    0.0    0.0       0.001   26.6       0  08:00     124.48
  MH4428765                0.000    8.2    0.0    0.0       0.000   10.9       0  02:18       0.48
  MH1624138                0.001   16.4    0.0    0.0       0.001   20.5       0  08:00     141.49
  MH4452902                0.000    1.1    0.0    0.0       0.000    1.1       0  00:00       3.33
  MH4452980                0.000    0.9    0.0    0.0       0.000    0.9       0  06:17       4.44
  MH4451333                0.000    0.5    0.0    0.0       0.000    0.5       0  00:19       0.17
  MH1623974                0.000    1.0    0.0    0.0       0.000    1.0       0  01:21       1.06
  MH4428320                0.000    0.9    0.0    0.0       0.000    0.9       0  00:07       0.77
  MH1632398                0.000    7.2    0.0    0.0       0.000    7.8       0  06:32     187.12
  MH4447643                0.002   69.3    0.0    0.0       0.003   82.7       0  08:00      37.78
  MH4452081                0.000    1.0    0.0    0.0       0.000    1.0       0  01:15       4.52
  MH4429013                0.002   64.1    0.0    0.0       0.002   81.8       0  08:00      10.52
  MH4429468                0.001   71.1    0.0    0.0       0.002   89.5       0  08:00       1.08
  MH4446883                0.002   71.2    0.0    0.0       0.002   88.3       0  08:00       2.74
  MH4451092                0.000    1.1    0.0    0.0       0.000    1.1       0  00:55       4.23
  MH4448796                0.000    0.5    0.0    0.0       0.000    0.5       0  00:38       0.36
  MH4500902                0.000    1.8    0.0    0.0       0.000    1.9       0  02:31      10.34
  MH4449330                0.000    0.8    0.0    0.0       0.000    0.8       0  01:15       0.41
  MH4450211                0.000    0.6    0.0    0.0       0.000    0.6       0  00:46       1.06
  MH4453770                0.000    1.9    0.0    0.0       0.000    1.9       0  03:30       0.66
  MH4429527                0.001   22.8    0.0    0.0       0.001   32.1       0  08:00       0.91
  MH4450975                0.002   60.2    0.0    0.0       0.002   74.9       0  08:00       1.73
  MH4450207                0.000   19.1    0.0    0.0       0.001   27.2       0  08:00       0.65
  MH4453740                0.000    0.7    0.0    0.0       0.000    0.7       0  00:52       1.41
  MH4429179                0.002   76.8    0.0    0.0       0.002   95.1       0  08:00       2.10
  MH4452527                0.002   63.6    0.0    0.0       0.002   74.6       0  08:00      76.17
  MH4452680                0.001   63.1    0.0    0.0       0.002   74.8       0  08:00      79.11
  MH1624769                0.001   16.5    0.0    0.0       0.001   20.6       0  08:00     142.83
  MH4454629                0.000   15.5    0.0    0.0       0.001   20.8       0  08:00       7.88
  MH1624494                0.000    1.1    0.0    0.0       0.000    1.1       0  01:04       1.50
  MH4451143                0.001   57.6    0.0    0.0       0.002   73.1       0  08:00       1.59
  MH4450922                0.003   73.6    0.0    0.0       0.003   84.5       0  08:00      89.16
  MH4451207                0.003   71.2    0.0    0.0       0.003   80.9       0  08:00      89.52
  MH8963773                0.002   76.1    0.0    0.0       0.002   90.3       0  08:00       8.21
  MH4454643                0.000    0.8    0.0    0.0       0.000    0.8       0  01:30       1.29
  MH4426971                0.000    0.2    0.0    0.0       0.000    0.2       0  00:26       0.14
  MH4453970                0.001   59.9    0.0    0.0       0.001   75.6       0  08:00       3.01
  MH4498454                0.000    1.2    0.0    0.0       0.000    1.2       0  02:27       1.99
  MH4429503                0.002   65.5    0.0    0.0       0.003   78.4       0  08:00      36.03
  MH4429645                0.001   26.0    0.0    0.0       0.001   38.2       0  08:00       3.94
  MH4452011                0.002   86.7    0.0    0.0       0.002  100.0       0  02:05       5.30
  MH4451871                0.002   85.9    0.0    0.0       0.003   98.8       0  08:00      10.24
  MH4449103                0.003   68.0    0.0    0.0       0.003   80.2       0  08:00      44.11
  MH4499048                0.000    0.4    0.0    0.0       0.000    0.4       0  00:27       0.50
  MH4499729                0.000    1.3    0.0    0.0       0.000    1.3       0  02:48       2.94
  MH4456532                0.000    1.5    0.0    0.0       0.000    1.5       0  00:54       9.09
  MH4454376                0.001   28.7    0.0    0.0       0.001   35.0       0  08:00     116.19
  MH4499323                0.000    0.4    0.0    0.0       0.000    0.4       0  00:37       0.44
  MH1623928                0.001   16.7    0.0    0.0       0.001   21.0       0  08:00     139.69
  MH4428920                0.000   18.3    0.0    0.0       0.001   24.7       0  08:00       0.53
  MH4449849                0.002   58.4    0.0    0.0       0.002   67.7       0  08:00      13.50
  MH4455780                0.000    1.2    0.0    0.0       0.000    1.2       0  04:40       5.51
  MH4429019                0.000    2.8    0.0    0.0       0.000    2.9       0  01:42      32.89
  MH4447394                0.003   72.9    0.0    0.0       0.003   86.5       0  08:00      36.60
  MH4453315                0.000    0.8    0.0    0.0       0.000    0.8       0  00:50       0.27
  MH4453553                0.000    0.6    0.0    0.0       0.000    0.6       0  00:51       1.16
  MH4428426                0.000    0.4    0.0    0.0       0.000    0.4       0  00:43       0.65
  MH4428245                0.000    0.8    0.0    0.0       0.000    0.8       0  02:25       1.67
  MH4450378                0.002   60.1    0.0    0.0       0.003   70.3       0  08:00      34.54
  MH4450554                0.002   57.8    0.0    0.0       0.003   67.8       0  08:00      34.19
  MH1631057                0.000    6.2    0.0    0.0       0.000    6.8       0  06:31     182.31
  MH1631514                0.000    6.1    0.0    0.0       0.000    6.7       0  06:32     186.64
  MH4427095                0.003   83.3    0.0    0.0       0.003   88.1       0  06:09      24.44
  MH4455516                0.000    0.6    0.0    0.0       0.000    0.6       0  00:54       0.57
  MH1623725                0.000    3.1    0.0    0.0       0.000    3.2       0  01:17       2.93
  MH4456551                0.000    1.6    0.0    0.0       0.000    1.6       0  01:33       4.48
  MH4453489                0.001   53.8    0.0    0.0       0.001   66.3       0  08:00       8.06
  MH4449436                0.000    0.4    0.0    0.0       0.000    0.4       0  01:10       1.33
  MH4455808                0.000    0.8    0.0    0.0       0.000    0.8       0  01:06       1.80
  MH4450920                0.000    1.6    0.0    0.0       0.000    1.6       0  01:06       3.39
  MH4451516                0.000    1.4    0.0    0.0       0.000    1.4       0  01:48       4.93
  MH4452994                0.001   33.8    0.0    0.0       0.001   42.9       0  08:00       7.30
  MH4452189                0.002   76.1    0.0    0.0       0.002   87.7       0  08:00      75.61
  MH4449882                0.002   72.0    0.0    0.0       0.002   90.5       0  08:00       0.48
  MH1629073                0.000    0.7    0.0    0.0       0.000    0.7       0  00:35       0.67
  MH4429320                0.000   37.0    0.0    0.0       0.001   52.8       0  08:00       0.25
  MH4451945                0.001   32.5    0.0    0.0       0.001   39.1       0  08:00      19.90
  MH4452809                0.002   82.4    0.0    0.0       0.002   97.8       0  02:06       0.81
  MH4452632                0.002   84.2    0.0    0.0       0.002   99.2       0  02:06       1.55
  MH4453981                0.000    0.4    0.0    0.0       0.000    0.4       0  00:24       0.22
  MH4320104                0.000    0.7    0.0    0.0       0.000    0.7       0  01:14       1.58
  MH4426673                0.000    0.4    0.0    0.0       0.000    0.4       0  00:34       0.26
  MH4450077                0.000    0.4    0.0    0.0       0.000    0.4       0  00:48       0.79
  MH4428836                0.000   21.0    0.0    0.0       0.001   27.0       0  04:21       3.00
  MH4429107                0.001   46.4    0.0    0.0       0.001   57.3       0  04:17       5.23
  MH4429656                0.002   70.7    0.0    0.0       0.002   86.9       0  08:00       3.87
  MH4450617                0.000    1.0    0.0    0.0       0.000    1.0       0  00:45       0.79
  MH4448392                0.000    0.8    0.0    0.0       0.000    0.8       0  00:46       0.46
  MH4448813                0.000    7.5    0.0    0.0       0.000   12.5       0  08:00       0.89
  MH4449913                0.002   61.4    0.0    0.0       0.003   72.6       0  08:00      40.76
  MH4427309                0.000    0.7    0.0    0.0       0.000    0.7       0  00:03       2.42
  MH1625316                0.000    1.5    0.0    0.0       0.000    1.5       0  01:16       2.28
  MH4429584                0.001   65.0    0.0    0.0       0.002   81.8       0  08:00       0.11
  MH4429544                0.001   68.9    0.0    0.0       0.002   85.9       0  08:00       1.14
  MH4452946                0.000    2.3    0.0    0.0       0.000    2.4       0  07:52       6.64
  MH4428797                0.000    0.7    0.0    0.0       0.000    0.7       0  00:51       1.15
  MH4451468                0.001   25.8    0.0    0.0       0.001   32.1       0  08:00       1.75
  MH4450391                0.002   72.7    0.0    0.0       0.003   87.5       0  08:00      14.23
  MH4450531                0.002   71.6    0.0    0.0       0.003   85.2       0  08:00      15.60
  MH1629194                0.000   10.2    0.0    0.0       0.000   12.2       0  08:00     180.60
  MH4449977                0.001   43.3    0.0    0.0       0.001   59.6       0  08:00       1.57
  MH4454125                0.001   60.3    0.0    0.0       0.001   76.0       0  08:00       2.30
  MH4453047                0.000    0.6    0.0    0.0       0.000    0.6       0  00:33       0.41
  MH4455813                0.000    1.1    0.0    0.0       0.000    1.1       0  01:03       1.58
  MH4451576                0.000    0.4    0.0    0.0       0.000    0.4       0  00:30       0.33
  MH4450193                0.002   61.9    0.0    0.0       0.003   72.1       0  08:00      34.93
  MH4449635                0.000    0.8    0.0    0.0       0.000    0.8       0  00:51       1.19
  MH4454657                0.000    1.0    0.0    0.0       0.000    1.0       0  03:01       2.36
  MH4428800                0.000    0.3    0.0    0.0       0.000    0.3       0  02:02       0.72
  MH4452071                0.000    1.5    0.0    0.0       0.000    1.5       0  00:57       5.96
  MH4454876                0.000    0.6    0.0    0.0       0.000    0.6       0  01:32       0.66
  MH4455429                0.000    0.7    0.0    0.0       0.000    0.7       0  01:30       1.32
  MH4448762                0.001   56.4    0.0    0.0       0.002   73.0       0  08:00       2.13
  MH4454901                0.000    0.5    0.0    0.0       0.000    0.5       0  00:12       0.91
  MH1624202                0.000    0.7    0.0    0.0       0.000    0.7       0  00:49       0.56
  MH4454195                0.001   55.9    0.0    0.0       0.001   70.9       0  08:00       2.03
  MH1626450                0.000    0.5    0.0    0.0       0.000    0.5       0  00:32       0.38
  MH1626578                0.000    1.0    0.0    0.0       0.000    1.0       0  01:03       1.02
  MH4429411                0.002   71.5    0.0    0.0       0.002   92.8       0  08:00       0.40
  MH4501851                0.000   10.0    0.0    0.0       0.000   12.7       0  08:00      20.65
  MH4456372                0.000    1.2    0.0    0.0       0.000    1.2       0  02:19       1.48
  MH5216010                0.000    0.3    0.0    0.0       0.000    0.3       0  00:18       0.13
  MH4498407                0.000    1.0    0.0    0.0       0.000    1.0       0  02:24       1.53
  MH4453748                0.001   43.6    0.0    0.0       0.001   56.2       0  08:00       0.10
  MH4427312                0.000    0.6    0.0    0.0       0.000    0.6       0  01:17       1.51
  MH4451113                0.000    1.1    0.0    0.0       0.000    1.1       0  01:07       3.60
  MH4450100                0.000    0.6    0.0    0.0       0.000    0.6       0  00:44       0.35
  MH4450180                0.001   50.7    0.0    0.0       0.001   58.8       0  01:25       1.09
  MH4429323                0.000    0.7    0.0    0.0       0.000    0.7       0  01:09       0.65
  MH4449920                0.000    0.6    0.0    0.0       0.000    0.6       0  01:20       1.01
  MH1790382                0.000    0.7    0.0    0.0       0.000    0.8       0  01:02       0.48
  MH4455602                0.000    0.9    0.0    0.0       0.000    0.9       0  03:06       2.93
  MH4429471                0.001   49.7    0.0    0.0       0.001   65.5       0  08:00       0.80
  MH4451886                0.002   88.1    0.0    0.0       0.002  100.0       0  01:47      75.65
  MH4450802                0.000    0.5    0.0    0.0       0.000    0.5       0  01:01       0.45
  MH4447506                0.000    0.6    0.0    0.0       0.000    0.6       0  00:47       0.36
  MH4429499                0.003   77.4    0.0    0.0       0.004   91.2       0  08:00      17.28
  MH4447691                0.002   69.1    0.0    0.0       0.003   82.4       0  08:00      37.94
  MH4449485                0.000    2.5    0.0    0.0       0.000    2.5       0  04:03       9.62
  MH5233531                0.000    1.4    0.0    0.0       0.000    1.4       0  00:58       4.69
  MH4428146                0.000    0.7    0.0    0.0       0.000    0.7       0  00:31       0.92
  MH4428096                0.002   95.7    0.0    0.0       0.002  100.0       0  00:51      23.29
  MH4450167                0.001   51.9    0.0    0.0       0.002   59.9       0  08:00      14.02
  MH1630330                0.000    1.9    0.0    0.0       0.000    2.0       0  01:46       3.86
  MH1630926                0.000    2.1    0.0    0.0       0.000    2.3       0  00:34       4.68
  MH4500043                0.000    1.0    0.0    0.0       0.000    1.0       0  03:05       5.16
  MH4454993                0.000    1.3    0.0    0.0       0.000    1.3       0  02:43       4.40
  MH1629888                0.000    1.3    0.0    0.0       0.000    1.3       0  01:15       3.22
  MH4427714                0.000    0.5    0.0    0.0       0.000    0.5       0  00:29       0.76
  MH4450332                0.001   87.3    0.0    0.0       0.001  100.0       0  01:25       2.01
  MH4452952                0.000    1.0    0.0    0.0       0.000    1.0       0  00:15       1.22
  MH4426188                0.002   49.4    0.0    0.0       0.002   54.1       0  06:10       1.24
  MH4426979                0.000    0.5    0.0    0.0       0.000    0.5       0  00:37       0.71
  MH4455191                0.000    1.3    0.0    0.0       0.000    1.4       0  00:51       7.54
  MH4454312                0.000    0.7    0.0    0.0       0.000    0.7       0  03:45       0.58
  MH4427849                0.000    0.6    0.0    0.0       0.000    0.6       0  00:46       0.94
  MH1625959                0.000    1.7    0.0    0.0       0.000    1.8       0  01:20       2.46
  MH4498291                0.000    0.7    0.0    0.0       0.000    0.7       0  00:54       0.32
  MH5164627                0.000    0.7    0.0    0.0       0.000    0.7       0  00:41       0.12
  MH4453850                0.000   31.6    0.0    0.0       0.001   42.3       0  08:00       0.87
  MH4454009                0.001   38.4    0.0    0.0       0.001   50.5       0  08:00       1.40
  MH4453031                0.000    0.8    0.0    0.0       0.000    0.8       0  00:29       0.34
  MH1626189                0.001   17.3    0.0    0.0       0.001   21.5       0  08:00     143.75
  MH4499059                0.000    1.1    0.0    0.0       0.000    1.1       0  02:29       2.38
  MH4451673                0.002   73.3    0.0    0.0       0.002   85.7       0  08:00       3.27
  MH4447346                0.001   50.2    0.0    0.0       0.001   66.8       0  08:00       0.34
  MH4427659                0.000    0.3    0.0    0.0       0.000    0.3       0  00:20       0.19
  MH4453098                0.001   73.8    0.0    0.0       0.002   87.7       0  08:00      99.52
  MH4502186                0.000   17.1    0.0    0.0       0.001   20.8       0  08:00     177.67
  MH4500625                0.000    1.1    0.0    0.0       0.000    1.1       0  01:13       0.52
  MH4429420                0.000    0.7    0.0    0.0       0.000    0.7       0  01:23       1.65
  MH4450396                0.000    0.5    0.0    0.0       0.000    0.5       0  01:00       0.45
  MH4499406                0.000    1.1    0.0    0.0       0.000    1.1       0  01:03       2.72
  MH4456777                0.000    1.2    0.0    0.0       0.000    1.2       0  06:22       6.34
  MH4428638                0.000    2.2    0.0    0.0       0.000    2.2       0  00:12       1.39
  MH8707824                0.000    1.1    0.0    0.0       0.000    1.1       0  00:48       0.63
  MH4454398                0.000    0.5    0.0    0.0       0.000    0.5       0  00:25       0.08
  MH4453185                0.001   64.4    0.0    0.0       0.001   79.0       0  08:00       0.62
  MH4450847                0.000    0.7    0.0    0.0       0.000    0.7       0  01:01       0.91
  MH4428583                0.000    5.4    0.0    0.0       0.000    6.9       0  04:21       1.66
  MH4455943                0.000    0.8    0.0    0.0       0.000    0.8       0  00:53       0.55
  MH4426728                0.004   81.8    0.0    0.0       0.004   86.0       0  06:11      23.87
  MH4427741                0.000    0.4    0.0    0.0       0.000    0.4       0  01:01       0.69
  MH4452541                0.001   40.4    0.0    0.0       0.001   48.5       0  08:00      20.32
  MH4449796                0.002   56.3    0.0    0.0       0.002   69.6       0  08:00       9.33
  MH4450269                0.000    0.2    0.0    0.0       0.000    0.2       0  00:35       0.12
  MH4447355                0.000    1.0    0.0    0.0       0.000    1.0       0  01:12       0.34
  MH4448029                0.000    1.1    0.0    0.0       0.000    1.1       0  01:14       0.51
  MH4452462                0.001   73.4    0.0    0.0       0.002   85.6       0  01:49       1.81
  MH4448626                0.000    1.2    0.0    0.0       0.000    1.2       0  00:47       2.03
  MH4428137                0.000    0.6    0.0    0.0       0.000    0.6       0  00:33       1.06
  MH1630702                0.000    0.5    0.0    0.0       0.000    0.5       0  00:56       0.16
  MH4454116                0.001   43.7    0.0    0.0       0.001   53.2       0  08:00     108.80
  MH4452110                0.001   44.1    0.0    0.0       0.001   54.7       0  08:00       0.84
  MH4428968                0.000    1.1    0.0    0.0       0.000    1.1       0  01:20       1.27
  MH4500689                0.000    3.9    0.0    0.0       0.000    3.9       0  04:05       8.99
  MH1623436                0.000    2.5    0.0    0.0       0.000    2.5       0  00:26       0.36
  MH4454395                0.000    0.9    0.0    0.0       0.000    0.9       0  01:27       0.30
  MH4449866                0.001   40.0    0.0    0.0       0.001   50.9       0  08:00       0.39
  MH4449011                0.002   78.8    0.0    0.0       0.003   93.8       0  08:00      38.54
  MH4452760                0.000    0.2    0.0    0.0       0.000    0.2       0  00:19       0.06
  MH4447668                0.001   61.6    0.0    0.0       0.001   80.0       0  08:00       0.69
  MH4448929                0.002   64.1    0.0    0.0       0.002   81.0       0  08:00       5.86
  MH4448474                0.001   47.1    0.0    0.0       0.002   61.0       0  08:00       7.16
  MH4429086                0.000    1.0    0.0    0.0       0.000    1.0       0  01:32       2.38
  MH4320244                0.000    0.8    0.0    0.0       0.000    0.8       0  01:18       2.00
  MH4429268                0.001   61.6    0.0    0.0       0.001   80.8       0  08:00       0.37
  MH4451870                0.001   59.2    0.0    0.0       0.001   70.9       0  08:00       0.42
  MH4453213                0.000    1.9    0.0    0.0       0.000    1.9       0  00:05       4.88
  MH4428067                0.000    0.4    0.0    0.0       0.000    0.4       0  00:39       0.55
  MH4453837                0.000    1.6    0.0    0.0       0.000    1.7       0  01:44       5.48
  MH4451967                0.001   41.6    0.0    0.0       0.001   51.7       0  08:00      34.61
  MH4449503                0.000   27.4    0.0    0.0       0.001   40.3       0  08:00       1.35
  MH4428188                0.000    0.8    0.0    0.0       0.000    0.8       0  00:43       1.35
  MH4449778                0.001   72.8    0.0    0.0       0.001   95.0       0  08:00       0.36
  MH4447452                0.002   68.1    0.0    0.0       0.002   80.8       0  08:00       8.60
  MH4427588                0.002   94.2    0.0    0.0       0.002  100.0       0  01:14      24.36
  MH4450776                0.001   47.6    0.0    0.0       0.001   59.6       0  08:00       0.47
  MH4453095                0.001   27.9    0.0    0.0       0.001   36.4       0  08:00       0.25
  
  
  ***********************
  Outfall Loading Summary
  ***********************
  
  -----------------------------------------------------------
                         Flow       Avg       Max       Total
                         Freq      Flow      Flow      Volume
  Outfall Node           Pcnt       LPS       LPS    10^6 ltr
  -----------------------------------------------------------
  X385                  99.72      0.05      0.05       0.002
  X570                  99.91      0.19      0.19       0.005
  OUT                   99.88    167.03    187.12       4.805
  X902                  99.21      0.03      0.03       0.001
  -----------------------------------------------------------
  System                99.68    167.31    187.40       4.812
  
  
  ********************
  Link Flow Summary
  ********************
  
  -----------------------------------------------------------------------------
                                 Maximum  Time of Max   Maximum    Max/    Max/
                                  |Flow|   Occurrence   |Veloc|    Full    Full
  Link                 Type          LPS  days hr:min     m/sec    Flow   Depth
  -----------------------------------------------------------------------------
  P4433449             PUMP        34.27     0  08:00                          
  P1495438             PUMP         2.46     0  01:18                          
  N0>N1                CONDUIT    177.96     0  06:33      1.12    1.18    1.00
  MH4454411>N3         CONDUIT      6.47     0  00:56      0.61    0.20    1.00
  N4>MH4450314         CONDUIT      0.10     0  00:29      0.25    0.01    0.06
  N8>N9                CONDUIT      0.23     0  00:20      0.34    0.01    0.08
  N10>MH4428367        CONDUIT      0.59     0  01:41      0.67    0.02    0.10
  MH4428606>N13        CONDUIT      2.61     0  00:58      0.80    0.12    1.00
  MH4454744>N15        CONDUIT      0.16     0  00:31      0.23    0.01    0.08
  N18>MH4452397        CONDUIT      0.37     0  00:25      0.47    0.02    0.09
  N20>MH4453133        CONDUIT      6.81     0  01:10      0.62    0.21    0.72
  N22>MH4447602        CONDUIT      0.22     0  00:31      0.33    0.01    1.00
  MH4429312>N25        CONDUIT     12.05     0  08:00      0.88    0.86    1.00
  N26>MH4453788        CONDUIT      0.19     0  01:47      0.33    0.02    1.00
  N28>MH4456108        CONDUIT      1.75     0  01:21      0.83    0.05    0.18
  N30>N31              CONDUIT      0.26     0  00:16      0.51    0.01    0.07
  N32>N33              CONDUIT      0.11     0  00:07      0.40    0.00    0.06
  N34>N35              CONDUIT      0.92     0  00:54      0.34    0.03    0.12
  N38>MH4454209        CONDUIT      5.39     0  00:08      0.69    0.15    0.26
  MH1624017>MH1623826  CONDUIT      0.88     0  00:36      0.47    0.06    0.17
  MH4429136>N43        CONDUIT     16.12     0  08:00      0.91    1.29    1.00
  MH4501201>N45        CONDUIT     10.70     0  02:24      0.54    0.22    0.32
  MH1623826>N46        CONDUIT      1.07     0  00:52      0.49    0.07    0.72
  N47>MH4501544        CONDUIT    143.88     0  06:35      0.91    1.14    1.00
  N49>N50              CONDUIT      0.66     0  00:37      0.57    0.03    0.12
  N51>MH4454640        CONDUIT      5.64     0  00:12      0.62    0.15    0.28
  N53>MH4453512        CONDUIT      7.46     0  01:12      0.62    0.24    1.00
  MH4452154>MH4452217  CONDUIT      5.47     0  01:07      0.42    0.19    1.00
  N59>MH4446824        CONDUIT      2.76     0  01:23      0.60    0.12    1.00
  N61>N62              CONDUIT      1.02     0  00:57      0.44    0.07    0.19
  N63>N64              CONDUIT     20.54     0  06:54      1.28    1.05    1.00
  MH4453931>N66        CONDUIT      0.72     0  01:29      0.43    0.04    0.15
  N67>MH4456468        CONDUIT      0.11     0  00:01      0.28    0.01    0.08
  N69>MH4502097        CONDUIT    144.68     0  06:35      0.91    1.14    1.00
  N71>N72              CONDUIT      9.28     0  00:59      1.39    0.11    0.22
  N73>MH4447369        CONDUIT      1.23     0  00:00      0.83    0.04    0.14
  MH4448345>MH4448419  CONDUIT     40.81     0  08:00      1.03    0.75    1.00
  N77>MH4449083        CONDUIT      0.29     0  00:03      0.51    0.01    0.08
  N13>MH4429136        CONDUIT      2.96     0  00:30      0.29    0.14    1.00
  N79>MH4499116        CONDUIT      0.59     0  00:51      0.48    0.02    0.15
  N81>N82              CONDUIT      0.12     0  00:09      0.29    0.01    0.07
  N83>MH4454674        CONDUIT      0.58     0  00:43      0.37    0.04    0.15
  N85>MH4427688        CONDUIT      2.72     0  00:36      1.15    0.08    0.19
  N87>MH4448753        CONDUIT      0.06     0  00:01      0.24    0.00    0.08
  N89>MH1627682        CONDUIT      1.24     0  03:14      0.41    0.12    0.23
  MH4452538>MH5118586  CONDUIT      1.03     0  00:37      0.65    0.03    0.16
  N33>MH4452724        CONDUIT      0.28     0  00:18      0.51    0.01    0.10
  MH4448853>N97        CONDUIT      9.04     0  00:26      0.55    0.38    1.00
  N98>MH4500422        CONDUIT      5.50     0  02:15      1.26    0.05    0.17
  N100>N101            CONDUIT      5.95     0  02:45      1.43    0.17    0.29
  MH4449806>MH4450137  CONDUIT      3.59     0  08:00      0.45    0.41    1.00
  MH4428117>MH4428139  CONDUIT      0.09     0  00:36      0.28    0.00    0.06
  N106>MH4455909       CONDUIT    124.89     0  01:51      1.13    1.22    1.00
  N108>MH5118586       CONDUIT      0.59     0  00:23      0.51    0.02    0.15
  N109>MH4451823       CONDUIT      0.53     0  00:04      0.51    0.03    1.00
  MH4450787>N112       CONDUIT      0.37     0  00:33      0.41    0.02    0.11
  N113>MH4428026       CONDUIT      0.94     0  01:16      0.73    0.03    0.13
  MH4501866>N116       CONDUIT     21.60     0  02:10      0.66    0.45    1.00
  N119>MH1627986       CONDUIT      1.60     0  00:49      0.44    0.04    0.15
  MH4499632>N122       CONDUIT      4.79     0  02:21      0.56    0.14    0.27
  MH4429035>N124       CONDUIT      0.64     0  02:10      0.55    0.03    1.00
  MH4454674>N125       CONDUIT      0.70     0  00:44      0.37    0.05    0.16
  MH4449704>MH4449118  CONDUIT      2.87     0  08:00      0.50    0.23    1.00
  N128>MH1629281       CONDUIT      0.50     0  00:40      0.33    0.05    0.20
  N82>MH4454718        CONDUIT      0.20     0  00:32      0.31    0.01    0.09
  N131>MH4451287       CONDUIT      1.41     0  00:48      0.36    0.08    0.43
  N133>N134            CONDUIT      0.14     0  00:19      0.23    0.01    0.08
  N137>MH4450219       CONDUIT      1.34     0  01:12      0.59    0.06    0.19
  N139>MH4449321       CONDUIT      1.95     0  01:14      0.43    0.16    1.00
  MH4448509>N142       CONDUIT      2.08     0  01:14      0.39    0.17    1.00
  N143>MH4428524       CONDUIT     23.56     0  00:51      1.33    2.15    1.00
  N145>MH1627084       CONDUIT      0.59     0  00:41      0.38    0.04    0.15
  MH1627084>N147       CONDUIT      1.21     0  02:38      0.45    0.03    0.12
  N148>N79             CONDUIT      0.55     0  00:28      0.59    0.02    0.10
  N149>N150            CONDUIT      9.03     0  02:18      1.34    0.11    0.23
  N151>MH4455762       CONDUIT      0.70     0  01:00      0.32    0.05    0.19
  N153>N154            CONDUIT      0.25     0  00:02      0.38    0.01    0.10
  N155>MH4452721       CONDUIT      0.68     0  00:40      0.61    0.03    0.11
  N157>N158            CONDUIT      0.87     0  00:55      0.56    0.04    0.78
  N159>MH4453931       CONDUIT      0.44     0  00:32      0.41    0.03    0.12
  MH4447128>MH4447726  CONDUIT      2.53     0  00:58      0.37    0.20    1.00
  MH1627986>N162       CONDUIT      1.75     0  02:38      0.38    0.06    0.17
  MH4501544>N69        CONDUIT    144.43     0  06:35      0.91    1.14    1.00
  N46>N163             CONDUIT      1.25     0  00:37      0.54    0.08    1.00
  N166>MH4428268       CONDUIT      5.37     0  01:32      0.94    0.19    1.00
  N168>MH4428636       CONDUIT      1.08     0  00:33      0.90    0.03    1.00
  N170>N171            CONDUIT      1.05     0  01:19      0.29    0.10    1.00
  N172>MH4452977       CONDUIT      1.91     0  01:02      0.30    0.18    1.00
  N176>MH1632309       CONDUIT    186.88     0  06:32      2.20    0.93    0.72
  N178>MH4500035       CONDUIT      9.76     0  01:06      1.06    0.11    0.29
  N180>N181            CONDUIT      4.99     0  01:30      0.76    0.33    1.00
  MH4451759>N183       CONDUIT      0.29     0  00:36      0.79    0.01    0.06
  N184>N59             CONDUIT      2.60     0  01:32      0.84    0.11    0.23
  MH4454490>N186       CONDUIT      3.26     0  00:50      1.15    0.10    0.22
  N112>N187            CONDUIT      0.43     0  00:52      0.45    0.03    0.10
  N188>MH4447880       CONDUIT      4.45     0  01:19      0.73    0.31    1.00
  MH4499417>N191       CONDUIT      7.68     0  02:50      0.84    0.17    0.28
  N192>MH4453579       CONDUIT      3.46     0  01:11      0.40    0.13    1.00
  N194>MH4451531       CONDUIT      0.13     0  00:01      0.42    0.01    0.08
  MH4449785>N197       CONDUIT     34.99     0  00:32      0.88    1.33    1.00
  N198>MH4447416       CONDUIT      2.04     0  01:24      0.44    0.12    1.00
  N202>MH4453124       CONDUIT      3.19     0  00:45      1.07    0.10    0.23
  MH5228371>N205       CONDUIT      0.15     0  00:24      0.29    0.01    0.07
  N206>MH6153571       CONDUIT    136.37     0  06:37      0.90    1.03    1.00
  N208>N209            CONDUIT     20.11     0  06:56      1.28    1.02    1.00
  N210>N211            CONDUIT    181.86     0  06:31      1.15    1.19    1.00
  N212>MH4427425       CONDUIT      0.12     0  00:01      0.44    0.00    0.07
  N216>N131            CONDUIT      1.14     0  00:46      0.54    0.06    0.18
  MH7465841>N220       CONDUIT     33.16     0  01:37      2.09    0.40    0.42
  N221>N222            CONDUIT      0.18     0  00:15      0.40    0.01    0.07
  MH4451971>N224       CONDUIT      0.84     0  00:37      0.64    0.03    0.13
  N225>MH4450757       CONDUIT     14.13     0  01:07      1.34    0.59    0.58
  N228>N229            CONDUIT      0.21     0  00:18      0.29    0.01    0.09
  N230>N231            CONDUIT      1.01     0  01:27      0.63    0.04    0.15
  N232>MH4451971       CONDUIT      0.58     0  00:47      0.55    0.02    0.11
  MH4447684>N234       CONDUIT      1.18     0  00:38      0.81    0.03    0.14
  MH4449173>MH4449785  CONDUIT     44.58     0  08:00      1.12    1.70    1.00
  N238>N239            CONDUIT      0.04     0  00:00      0.18    0.00    0.07
  N240>MH4451058       CONDUIT      3.33     0  00:32      1.01    0.12    0.25
  MH4452032>MH4451840  CONDUIT      1.96     0  01:17      0.35    0.11    1.00
  N244>MH1790845       CONDUIT      0.66     0  01:52      0.34    0.05    0.21
  N246>N247            CONDUIT      2.02     0  04:05      0.43    0.06    0.30
  N248>N61             CONDUIT      0.77     0  00:55      0.40    0.05    0.16
  MH4456553>N250       CONDUIT    135.04     0  06:37      0.90    1.07    1.00
  N251>MH4449510       CONDUIT      0.55     0  02:40      0.19    0.04    0.25
  MH4428713>MH4428995  CONDUIT      1.27     0  02:19      0.48    0.08    1.00
  N255>MH4447351       CONDUIT      0.82     0  01:14      0.60    0.03    0.13
  MH4450170>N225       CONDUIT     13.79     0  01:24      1.40    0.57    0.55
  MH4447880>N258       CONDUIT      5.31     0  01:06      0.79    0.38    1.00
  MH4500254>N260       CONDUIT      0.45     0  00:47      0.35    0.03    0.13
  N261>MH4448662       CONDUIT      0.72     0  01:02      0.42    0.05    0.16
  N263>MH5228371       CONDUIT      0.08     0  00:01      0.42    0.00    0.05
  MH4429357>N265       CONDUIT      7.58     0  00:53      0.56    0.27    1.00
  MH5286735>N267       CONDUIT      0.15     0  00:25      0.23    0.01    0.09
  N268>N269            CONDUIT      7.96     0  00:52      1.41    0.09    0.20
  N270>N271            CONDUIT      1.39     0  01:54      0.41    0.04    1.00
  N272>MH4449860       CONDUIT      0.12     0  00:01      0.33    0.01    0.09
  MH5118586>N202       CONDUIT      3.15     0  00:45      1.14    0.10    0.21
  N274>N275            CONDUIT      0.23     0  00:27      0.35    0.01    0.08
  N45>N276             CONDUIT     11.10     0  02:32      0.55    0.23    0.41
  N277>N278            CONDUIT      0.14     0  00:10      0.50    0.00    0.05
  N125>N279            CONDUIT      0.92     0  01:18      0.42    0.07    0.18
  N280>N281            CONDUIT      0.75     0  01:10      0.57    0.03    0.13
  MH4452919>MH4453133  CONDUIT      0.29     0  02:28      0.36    0.02    0.64
  MH4450449>MH4450581  CONDUIT     72.42     0  08:00      1.11    1.06    1.00
  N285>MH6042164       CONDUIT      0.11     0  00:01      0.31    0.01    0.11
  N287>MH1625395       CONDUIT      0.22     0  00:02      0.46    0.01    0.13
  MH4447397>MH5241467  CONDUIT      1.86     0  01:38      0.37    0.18    1.00
  N293>N294            CONDUIT      0.19     0  00:14      0.37    0.01    0.08
  N295>MH4449321       CONDUIT      0.85     0  01:07      0.32    0.04    1.00
  N296>N297            CONDUIT      1.90     0  01:14      0.88    0.06    0.18
  N298>N299            CONDUIT      0.20     0  00:31      0.30    0.01    0.09
  N300>MH4455121       CONDUIT      8.14     0  01:09      0.65    0.26    1.00
  MH4450219>N302       CONDUIT      1.63     0  01:17      0.58    0.10    0.22
  N303>MH4428765       CONDUIT      0.35     0  02:01      0.50    0.01    0.61
  N307>MH1624138       CONDUIT      1.56     0  00:54      0.57    0.10    1.00
  MH4452902>MH4452980  CONDUIT      3.33     0  00:00      1.45    0.10    0.21
  N311>MH4451333       CONDUIT      0.14     0  00:18      0.38    0.01    0.06
  MH1623974>N314       CONDUIT      1.06     0  01:21      0.45    0.07    1.00
  MH4428139>MH4428320  CONDUIT      0.48     0  00:54      0.72    0.01    0.08
  MH1632309>MH1632398  CONDUIT    186.93     0  06:32      1.94    0.57    0.58
  N317>N318            CONDUIT      0.18     0  00:18      0.25    0.01    0.10
  N319>MH4447643       CONDUIT     36.26     0  08:00      0.61    0.89    1.00
  N321>N322            CONDUIT      5.17     0  01:06      0.74    0.09    0.79
  MH4452081>N324       CONDUIT      4.52     0  01:07      1.33    0.13    0.25
  MH4447416>MH4447726  CONDUIT      2.32     0  01:24      0.49    0.13    1.00
  N325>MH4429357       CONDUIT      5.43     0  04:19      0.59    0.49    1.00
  MH4429013>N327       CONDUIT     10.52     0  00:35      0.86    0.76    1.00
  MH4448419>N328       CONDUIT     41.08     0  08:00      1.03    1.90    1.00
  MH4429468>MH4446883  CONDUIT      2.74     0  01:10      0.37    0.26    1.00
  N331>N332            CONDUIT      0.15     0  00:16      0.25    0.01    0.09
  MH4451058>MH4451092  CONDUIT      3.98     0  00:51      1.07    0.15    0.26
  MH4452217>N334       CONDUIT      5.48     0  01:07      0.38    0.26    1.00
  MH4448796>N336       CONDUIT      0.36     0  00:38      0.31    0.02    0.12
  N337>MH4500902       CONDUIT      0.94     0  00:48      0.66    0.04    0.13
  N339>MH4454411       CONDUIT      5.83     0  00:53      0.59    0.18    1.00
  N340>N341            CONDUIT      1.62     0  00:51      0.84    0.06    0.17
  MH4448753>MH4449330  CONDUIT      0.33     0  01:15      0.38    0.02    0.10
  N343>MH4450211       CONDUIT      0.98     0  00:45      0.77    0.03    0.13
  N345>N346            CONDUIT      1.26     0  01:21      0.22    0.11    1.00
  N347>MH4453770       CONDUIT      0.42     0  00:45      0.37    0.03    0.25
  MH4429527>MH4447397  CONDUIT      0.97     0  01:53      0.37    0.08    1.00
  N353>N354            CONDUIT      0.30     0  00:48      0.49    0.01    0.08
  MH4450975>N356       CONDUIT      2.18     0  00:53      0.39    0.13    1.00
  N357>MH4451840       CONDUIT      1.12     0  00:51      0.30    0.07    1.00
  MH4450207>MH4449806  CONDUIT      0.65     0  00:51      0.51    0.03    1.00
  MH4453740>N340       CONDUIT      1.41     0  00:51      0.80    0.05    0.16
  MH4429179>N361       CONDUIT      3.07     0  01:00      0.46    0.29    1.00
  N362>N363            CONDUIT      0.17     0  00:01      0.38    0.01    0.07
  MH4449083>N364       CONDUIT      0.50     0  00:28      0.55    0.01    0.10
  MH4448662>N365       CONDUIT      1.01     0  01:18      0.45    0.07    0.18
  N366>N367            CONDUIT     75.80     0  01:47      1.07    2.52    1.00
  MH4452527>MH4452680  CONDUIT     76.17     0  01:48      1.08    2.45    1.00
  N163>MH1624769       CONDUIT      1.89     0  01:50      0.54    0.12    1.00
  MH4454629>N300       CONDUIT      7.88     0  00:56      0.66    0.25    1.00
  N372>MH1624494       CONDUIT      0.66     0  00:51      0.62    0.03    0.11
  N375>N230            CONDUIT      0.86     0  01:24      0.61    0.04    0.13
  MH4451143>MH4450975  CONDUIT      1.73     0  01:32      0.38    0.14    1.00
  MH4450922>MH4451207  CONDUIT     89.16     0  08:00      1.26    1.30    1.00
  N379>MH8963773       CONDUIT      0.97     0  01:07      0.37    0.06    1.00
  N66>MH4454643        CONDUIT      1.05     0  00:47      0.51    0.06    0.18
  MH4454209>N51        CONDUIT      5.60     0  00:11      0.67    0.15    0.26
  MH4456108>N382       CONDUIT      2.16     0  01:35      0.77    0.10    0.22
  N383>MH4454744       CONDUIT      0.08     0  00:01      0.30    0.00    0.06
  MH4426971>X385       CONDUIT      0.05     0  00:26      0.22    0.00    0.04
  MH4453970>N192       CONDUIT      3.53     0  01:11      0.34    0.14    1.00
  N387>MH4453512       CONDUIT      0.74     0  01:42      0.45    0.05    1.00
  N389>MH6153571       CONDUIT      2.65     0  01:03      0.86    0.12    1.00
  MH4498454>N391       CONDUIT      1.99     0  02:13      0.63    0.12    0.24
  N394>MH4429503       CONDUIT     33.65     0  08:00      1.35    0.63    1.00
  MH4429645>N397       CONDUIT      3.94     0  01:36      0.76    0.28    1.00
  MH4452011>MH4451871  CONDUIT     10.24     0  00:30      0.35    0.43    1.00
  N328>MH4449103       CONDUIT     41.31     0  08:00      1.04    1.92    1.00
  N401>MH4502097       CONDUIT     10.81     0  00:39      0.72    0.16    1.00
  N278>MH4499048       CONDUIT      0.27     0  00:26      0.58    0.01    0.08
  N403>MH4428524       CONDUIT      5.83     0  00:00      2.29    0.17    0.48
  MH4499729>N405       CONDUIT      2.94     0  00:59      0.87    0.13    0.25
  N406>MH4456532       CONDUIT      0.76     0  01:07      0.57    0.04    0.13
  N408>MH4454376       CONDUIT      9.08     0  00:30      0.71    0.29    1.00
  MH1629281>N411       CONDUIT      2.72     0  01:15      0.58    0.06    0.18
  N412>MH4499323       CONDUIT      0.25     0  00:01      0.75    0.01    0.07
  N414>MH1623928       CONDUIT    139.55     0  06:37      0.90    1.09    1.00
  N416>MH4428920       CONDUIT      0.30     0  00:21      0.48    0.01    1.00
  MH4453124>N418       CONDUIT      4.17     0  00:47      1.22    0.12    0.25
  MH4451871>N419       CONDUIT     13.48     0  00:30      0.44    0.50    1.00
  N422>MH4450922       CONDUIT     15.77     0  08:00      0.97    1.02    1.00
  MH4449849>MH4449785  CONDUIT     13.41     0  08:00      0.76    1.19    1.00
  MH4455780>N426       CONDUIT      5.51     0  02:41      1.38    0.16    0.28
  MH4450757>N427       CONDUIT     16.38     0  02:00      1.46    0.68    0.61
  N3>MH4454629         CONDUIT      6.48     0  01:30      0.57    0.21    1.00
  MH4429019>MH7465841  CONDUIT     32.89     0  01:09      1.94    0.40    0.44
  N222>N148            CONDUIT      0.41     0  00:23      0.52    0.02    0.09
  N431>N432            CONDUIT      7.27     0  00:57      0.58    0.25    1.00
  N25>MH4447394        CONDUIT     12.45     0  08:00      0.71    0.89    1.00
  N434>N98             CONDUIT      5.31     0  02:14      1.33    0.05    0.16
  MH1624138>MH1624769  CONDUIT    141.49     0  06:36      0.91    1.15    1.00
  MH4453315>MH4453553  CONDUIT      0.27     0  00:50      0.26    0.03    0.13
  MH4428426>MH4428245  CONDUIT      0.27     0  00:43      0.45    0.01    0.08
  N439>N440            CONDUIT      9.59     0  08:00      0.80    0.74    1.00
  MH4450378>MH4450554  CONDUIT     34.54     0  00:31      0.87    1.33    1.00
  MH1631057>MH1631514  CONDUIT    182.31     0  06:32      2.01    1.05    0.76
  MH6153571>N414       CONDUIT    139.31     0  06:37      0.91    1.09    1.00
  N445>N446            CONDUIT      0.02     0  00:02      0.15    0.00    0.07
  N447>MH4427095       CONDUIT     24.13     0  06:09      1.37    1.74    1.00
  MH4427688>N166       CONDUIT      4.95     0  01:31      1.15    0.18    0.29
  N450>MH4455516       CONDUIT      0.26     0  00:23      0.33    0.02    0.11
  MH1623725>N453       CONDUIT      2.93     0  01:02      0.64    0.19    0.30
  N455>N456            CONDUIT      0.28     0  00:16      0.50    0.01    0.08
  N72>N178             CONDUIT      9.49     0  00:59      1.40    0.11    0.23
  N457>N287            CONDUIT      0.08     0  00:00      0.30    0.00    0.06
  N458>MH4456551       CONDUIT      3.39     0  01:16      0.62    0.22    0.35
  MH4428995>N460       CONDUIT      2.66     0  01:17      0.42    0.25    1.00
  N461>N416            CONDUIT      0.11     0  00:12      0.31    0.00    0.06
  N341>MH4454490       CONDUIT      1.88     0  00:54      0.79    0.06    0.19
  N432>MH4453489       CONDUIT      7.38     0  00:41      0.54    0.29    1.00
  MH4449436>N464       CONDUIT      1.33     0  00:50      0.67    0.06    0.17
  N465>MH4448509       CONDUIT      1.32     0  01:26      0.31    0.11    1.00
  MH4428920>N466       CONDUIT      1.17     0  01:48      0.47    0.06    1.00
  N467>N468            CONDUIT      0.06     0  00:02      0.49    0.00    0.05
  MH4455808>N470       CONDUIT      1.80     0  01:03      0.63    0.10    0.22
  N471>N472            CONDUIT      2.29     0  01:06      0.53    0.18    0.30
  N473>MH1623974       CONDUIT      0.32     0  00:35      0.35    0.02    0.14
  N474>MH4450920       CONDUIT      2.90     0  00:00      0.80    0.09    0.21
  MH4451516>N477       CONDUIT      4.93     0  00:53      1.15    0.18    0.29
  MH4452994>N431       CONDUIT      7.30     0  01:00      0.69    0.68    1.00
  MH4452189>N366       CONDUIT     75.61     0  01:47      1.07    2.48    1.00
  MH4449882>MH4449704  CONDUIT      1.77     0  00:47      0.16    0.53    1.00
  MH1629073>N157       CONDUIT      0.67     0  00:33      0.52    0.03    0.13
  MH1623928>MH1624138  CONDUIT    139.69     0  06:36      0.90    1.09    1.00
  N482>MH4452721       CONDUIT      4.99     0  01:08      0.91    0.14    0.36
  N361>MH4429503       CONDUIT      3.90     0  00:50      0.50    0.36    1.00
  N483>MH4429320       CONDUIT      0.25     0  01:54      0.28    0.02    1.00
  MH4451945>N208       CONDUIT     19.90     0  00:38      1.26    1.02    1.00
  N486>N487            CONDUIT      0.64     0  00:34      0.59    0.03    0.11
  N488>N489            CONDUIT      2.50     0  00:00      0.93    0.16    0.27
  MH4453489>MH4453579  CONDUIT      8.06     0  00:22      0.62    0.32    1.00
  MH4427095>N490       CONDUIT     24.44     0  06:09      1.38    1.76    1.00
  N491>N492            CONDUIT      0.15     0  00:07      0.46    0.00    0.07
  MH4452809>MH4452632  CONDUIT      1.55     0  00:46      0.22    0.14    1.00
  N498>MH5286735       CONDUIT      0.08     0  00:01      0.33    0.01    0.06
  N499>MH4456553       CONDUIT    134.78     0  06:37      0.91    1.06    1.00
  MH4453981>N501       CONDUIT      0.22     0  00:24      0.35    0.01    0.08
  N354>N108            CONDUIT      0.47     0  00:48      0.60    0.01    0.09
  MH4456532>N71        CONDUIT      9.09     0  00:53      1.38    0.11    0.22
  N505>MH4450207       CONDUIT      0.24     0  02:06      0.23    0.03    1.00
  MH4320104>N507       CONDUIT      1.58     0  01:14      0.42    0.05    0.15
  MH4447351>N510       CONDUIT      1.15     0  01:16      0.71    0.04    0.15
  N336>N511            CONDUIT      0.58     0  00:39      0.38    0.04    0.14
  MH4426673>N515       CONDUIT      0.23     0  00:34      0.32    0.01    0.09
  MH4450077>N517       CONDUIT      0.79     0  00:48      0.58    0.03    0.13
  MH4428836>MH4429107  CONDUIT      3.00     0  01:17      0.53    0.23    1.00
  MH4453553>MH4453740  CONDUIT      1.16     0  00:49      0.71    0.04    0.15
  N522>MH4450170       CONDUIT      1.47     0  01:19      0.32    0.09    0.37
  MH4429656>MH4447643  CONDUIT      3.96     0  01:11      0.47    0.38    1.00
  MH4450617>N343       CONDUIT      0.79     0  00:45      0.57    0.04    0.13
  MH4448392>MH4448813  CONDUIT      0.46     0  00:46      0.33    0.03    1.00
  MH4449913>N530       CONDUIT     40.76     0  08:00      0.66    0.99    1.00
  MH4427309>N85        CONDUIT      2.42     0  00:27      1.25    0.07    0.19
  N532>N533            CONDUIT      0.28     0  00:27      0.34    0.02    0.10
  N534>MH1625316       CONDUIT      1.58     0  01:16      0.37    0.15    0.29
  MH4450137>N536       CONDUIT      4.19     0  08:00      0.48    0.48    1.00
  MH4429584>MH4429544  CONDUIT      1.14     0  01:06      0.27    0.08    1.00
  N426>N100            CONDUIT      5.71     0  02:55      1.39    0.18    0.28
  MH4452721>MH4452946  CONDUIT      6.41     0  01:09      0.62    0.20    0.31
  N542>MH4428797       CONDUIT      0.11     0  01:22      0.44    0.00    0.04
  N544>MH4451468       CONDUIT      0.95     0  00:37      0.59    0.03    1.00
  MH4450391>MH4450531  CONDUIT     14.23     0  08:00      0.90    1.03    1.00
  N1>MH1629194         CONDUIT    178.18     0  06:33      1.12    1.18    1.00
  N62>MH6042164        CONDUIT      1.26     0  01:05      0.57    0.08    0.18
  N549>N307            CONDUIT      1.42     0  01:23      0.54    0.09    0.67
  MH4453579>N550       CONDUIT    108.18     0  01:52      0.98    1.24    1.00
  MH4449977>N552       CONDUIT      1.72     0  01:33      0.57    0.10    1.00
  N553>N554            CONDUIT     30.90     0  01:21      2.34    0.84    0.70
  MH1625395>N549       CONDUIT      1.24     0  01:06      0.51    0.08    0.19
  N557>MH4454125       CONDUIT      0.57     0  01:22      0.26    0.05    1.00
  N559>N560            CONDUIT      0.29     0  00:26      0.34    0.02    0.11
  N561>MH1629281       CONDUIT      2.17     0  02:45      0.44    0.08    0.18
  N562>N563            CONDUIT      1.75     0  00:35      0.73    0.08    0.20
  N564>MH4453047       CONDUIT      0.07     0  00:10      0.27    0.00    0.06
  N517>MH4449436       CONDUIT      1.01     0  01:10      0.61    0.04    0.15
  N566>MH4428268       CONDUIT      1.68     0  02:32      1.03    0.05    1.00
  N567>MH4455813       CONDUIT      0.83     0  00:59      0.31    0.06    0.22
  N569>MH4499632       CONDUIT      2.12     0  01:19      0.34    0.06    0.21
  MH4451576>N573       CONDUIT      0.33     0  00:30      0.40    0.02    0.10
  N574>MH4499417       CONDUIT      6.56     0  02:51      1.15    0.19    0.36
  MH4452980>N576       CONDUIT      4.44     0  00:13      1.52    0.04    0.23
  N577>MH4452527       CONDUIT      1.09     0  00:58      0.33    0.08    1.00
  N578>MH4447394       CONDUIT     17.53     0  08:00      0.99    1.64    1.00
  N581>MH4499729       CONDUIT      0.13     0  00:32      0.29    0.01    0.07
  N582>MH4450193       CONDUIT      1.62     0  00:53      0.57    0.07    1.00
  N511>MH4449635       CONDUIT      0.89     0  00:46      0.46    0.05    0.17
  N585>MH4454657       CONDUIT      1.05     0  02:46      0.43    0.06    0.20
  N587>MH4450757       CONDUIT      2.06     0  01:15      0.41    0.12    0.42
  MH4428800>MH4429035  CONDUIT      0.34     0  02:02      0.45    0.01    0.58
  MH6042164>N589       CONDUIT      1.61     0  01:05      0.82    0.06    0.17
  N302>N587            CONDUIT      1.84     0  01:30      0.60    0.11    0.23
  N592>N268            CONDUIT      7.74     0  00:52      1.40    0.08    0.20
  MH4447369>N593       CONDUIT      1.30     0  00:33      0.52    0.09    0.21
  N477>MH4452071       CONDUIT      5.17     0  00:53      1.13    0.19    0.33
  N191>N595            CONDUIT      7.83     0  02:50      0.84    0.17    0.28
  N596>MH4451516       CONDUIT      4.43     0  00:57      1.10    0.16    0.28
  N560>N145            CONDUIT      0.46     0  00:37      0.35    0.03    0.13
  N597>N246            CONDUIT      1.78     0  04:04      0.41    0.06    0.17
  MH4449118>MH4448345  CONDUIT      3.98     0  08:00      0.52    0.32    1.00
  MH4447394>N599       CONDUIT     36.60     0  08:00      0.92    1.56    1.00
  N405>N600            CONDUIT      3.15     0  02:43      0.90    0.14    0.25
  MH4454876>N375       CONDUIT      0.66     0  01:22      0.54    0.03    0.12
  N231>MH4455429       CONDUIT      1.14     0  01:32      0.76    0.05    0.14
  MH4450554>MH4450449  CONDUIT     34.19     0  00:31      0.91    1.31    1.00
  MH4448762>N605       CONDUIT      2.13     0  01:05      0.44    0.21    1.00
  MH1632398>OUT        CONDUIT    187.12     0  06:33      1.85    0.69    0.61
  N607>MH4454901       CONDUIT      0.44     0  00:11      0.76    0.01    0.08
  N609>N610            CONDUIT      4.65     0  01:06      0.75    0.30    1.00
  N15>N611             CONDUIT      0.30     0  00:32      0.33    0.02    0.25
  N612>MH1624202       CONDUIT      0.37     0  00:47      0.41    0.02    0.10
  N614>MH1629073       CONDUIT      0.40     0  00:35      0.40    0.02    0.11
  N615>N585            CONDUIT      0.86     0  02:45      0.50    0.05    0.15
  N31>MH4454901        CONDUIT      0.35     0  00:21      0.46    0.01    0.10
  MH4429503>N319       CONDUIT     36.03     0  08:00      0.64    0.89    1.00
  MH4428524>N553       CONDUIT     30.63     0  01:14      2.32    0.83    0.70
  N616>MH4454195       CONDUIT      1.24     0  01:14      0.15    0.06    1.00
  MH4453512>N618       CONDUIT      8.42     0  01:13      0.67    0.27    1.00
  N530>MH4450449       CONDUIT     40.98     0  08:00      0.67    0.99    1.00
  N619>MH4499632       CONDUIT      2.56     0  02:30      0.69    0.15    0.26
  N260>N620            CONDUIT      0.58     0  00:50      0.40    0.04    0.15
  N211>MH1631057       CONDUIT    182.11     0  06:31      1.32    1.20    0.81
  N621>MH1626450       CONDUIT      0.22     0  00:02      0.48    0.01    0.08
  N623>MH1626578       CONDUIT      0.12     0  00:02      0.29    0.01    0.14
  N625>N626            CONDUIT     11.79     0  01:24      1.15    0.60    0.56
  MH4429411>MH4429136  CONDUIT      1.02     0  00:55      0.10    0.05    1.00
  N276>MH4501851       CONDUIT     11.31     0  02:27      0.43    0.23    0.71
  N630>N631            CONDUIT      0.25     0  00:40      0.20    0.02    0.12
  N632>MH4452538       CONDUIT      0.65     0  00:27      0.62    0.02    0.11
  N633>N232            CONDUIT      0.37     0  00:19      0.45    0.01    0.09
  N634>N488            CONDUIT      2.96     0  00:00      1.60    0.10    0.24
  N554>MH4429019       CONDUIT     31.04     0  01:21      2.37    0.83    0.70
  MH1790845>MH4456372  CONDUIT      1.27     0  02:16      0.43    0.14    0.24
  MH5216010>N353       CONDUIT      0.13     0  00:18      0.33    0.00    0.06
  N640>N8              CONDUIT      0.14     0  00:36      0.37    0.01    0.06
  MH4498407>MH4498454  CONDUIT      1.53     0  02:21      0.58    0.07    0.21
  N324>N482            CONDUIT      4.73     0  01:07      1.35    0.14    0.25
  N642>MH4453748       CONDUIT      0.10     0  01:23      0.47    0.00    1.00
  N644>MH4429136       CONDUIT     14.69     0  00:00      6.17    0.16    1.00
  N645>N339            CONDUIT      5.66     0  00:52      0.60    0.18    0.94
  N124>MH4429312       CONDUIT      0.92     0  00:44      0.67    0.04    1.00
  N646>MH4452632       CONDUIT      1.03     0  00:54      0.30    0.09    1.00
  N647>MH4427312       CONDUIT      0.93     0  00:39      0.76    0.03    0.12
  N649>MH4450922       CONDUIT     73.11     0  08:00      1.08    1.07    1.00
  MH4449103>MH4449173  CONDUIT     44.11     0  08:00      1.11    0.97    1.00
  MH4446883>MH4429656  CONDUIT      3.03     0  01:11      0.37    0.27    1.00
  N318>N83             CONDUIT      0.44     0  00:42      0.34    0.03    0.13
  N650>N28             CONDUIT      1.52     0  01:20      1.00    0.04    0.14
  N552>MH4449704       CONDUIT      1.84     0  01:11      0.46    0.11    1.00
  MH4455909>N499       CONDUIT    134.46     0  01:51      0.91    1.06    1.00
  MH4451113>N652       CONDUIT      3.60     0  01:07      0.93    0.05    0.16
  MH4450100>MH4450180  CONDUIT      0.35     0  00:46      0.69    0.01    1.00
  N655>N656            CONDUIT      0.40     0  00:56      0.43    0.02    1.00
  N599>MH4448345       CONDUIT     36.81     0  08:00      0.93    1.58    1.00
  MH4429323>N658       CONDUIT      0.65     0  01:09      0.38    0.04    0.16
  N659>N660            CONDUIT      0.20     0  00:14      0.47    0.01    0.07
  MH4449920>N137       CONDUIT      1.01     0  01:11      0.60    0.04    0.15
  N662>MH1790382       CONDUIT      0.33     0  00:04      0.35    0.03    0.13
  N664>N665            CONDUIT      0.11     0  00:16      0.20    0.01    0.08
  N666>MH4455602       CONDUIT      2.81     0  03:42      0.92    0.14    0.23
  N668>MH4452902       CONDUIT      3.88     0  00:00      2.89    0.11    0.22
  MH4429471>MH4447128  CONDUIT      1.60     0  01:21      0.43    0.11    1.00
  N271>MH4455121       CONDUIT      1.68     0  00:20      0.19    0.05    1.00
  N670>MH4451886       CONDUIT      2.20     0  00:36      0.40    0.14    1.00
  N672>MH4499417       CONDUIT      0.92     0  00:37      0.73    0.03    0.12
  N673>N674            CONDUIT      0.70     0  00:42      0.46    0.04    0.14
  N675>MH4447394       CONDUIT      6.43     0  00:23      0.55    0.46    1.00
  N676>MH4447128       CONDUIT      1.02     0  01:04      0.25    0.06    1.00
  MH4501851>MH4501866  CONDUIT     20.65     0  02:10      0.64    0.43    0.93
  N677>MH4450802       CONDUIT      0.34     0  00:04      0.47    0.02    0.10
  N281>MH4449920       CONDUIT      0.93     0  01:19      0.64    0.04    0.14
  MH4447506>N261       CONDUIT      0.36     0  00:47      0.28    0.02    0.13
  MH4428245>MH4428606  CONDUIT      1.67     0  00:49      0.68    0.05    1.00
  N43>MH4429499        CONDUIT     16.47     0  08:00      0.93    1.31    1.00
  MH4447643>MH4447691  CONDUIT     37.78     0  08:00      0.61    0.97    1.00
  N683>N280            CONDUIT      0.48     0  01:10      0.47    0.02    0.11
  MH4446824>N180       CONDUIT      4.76     0  01:20      0.75    0.31    1.00
  MH4447602>MH4429645  CONDUIT      0.54     0  01:47      0.36    0.04    1.00
  MH4453770>N615       CONDUIT      0.66     0  04:12      0.18    0.33    0.26
  N489>MH4449485       CONDUIT      2.52     0  00:13      0.62    0.17    0.43
  N685>N686            CONDUIT      0.14     0  00:04      0.40    0.01    0.05
  MH4429499>N578       CONDUIT     17.28     0  08:00      0.98    1.60    1.00
  N687>N688            CONDUIT      0.12     0  00:08      0.36    0.00    1.00
  N150>MH4500902       CONDUIT      9.19     0  02:17      1.15    0.11    0.26
  MH5233531>N690       CONDUIT      4.69     0  00:57      0.71    0.08    0.19
  N691>MH4448762       CONDUIT      1.87     0  01:38      0.41    0.18    1.00
  N652>N692            CONDUIT      3.86     0  01:07      1.05    0.14    0.26
  N693>N675            CONDUIT      6.06     0  08:00      0.76    0.43    1.00
  MH4456468>N694       CONDUIT      0.26     0  00:43      0.28    0.02    0.10
  N695>MH4428146       CONDUIT      0.59     0  00:23      0.70    0.02    0.11
  N698>N699            CONDUIT      2.18     0  00:48      0.37    0.14    0.37
  N700>MH4428096       CONDUIT     24.79     0  01:14      1.40    1.36    1.00
  N702>MH4450167       CONDUIT      0.25     0  01:26      0.31    0.02    1.00
  N704>N705            CONDUIT      5.12     0  00:50      0.93    0.26    0.35
  N706>MH5118586       CONDUIT      1.28     0  00:40      0.80    0.05    0.15
  MH1630330>MH1630926  CONDUIT      3.86     0  02:41      0.46    0.14    0.29
  MH4500043>N434       CONDUIT      5.16     0  02:14      1.32    0.05    0.15
  N229>N128            CONDUIT      0.44     0  00:25      0.43    0.02    0.13
  MH4454993>MH5233531  CONDUIT      4.40     0  00:56      0.69    0.07    0.19
  MH4455762>N270       CONDUIT      0.72     0  00:43      0.40    0.00    1.00
  N711>MH4448853       CONDUIT      8.93     0  00:31      0.55    0.37    1.00
  MH1626450>MH4501544  CONDUIT      0.38     0  00:32      0.46    0.02    1.00
  N713>MH4456551       CONDUIT      0.93     0  00:51      0.37    0.04    0.26
  N714>MH4454490       CONDUIT      1.16     0  00:14      0.69    0.04    0.18
  N715>MH4454195       CONDUIT      0.51     0  01:27      0.27    0.03    1.00
  N716>MH4450077       CONDUIT      0.37     0  00:29      0.48    0.02    0.11
  MH4453133>N717       CONDUIT      7.13     0  02:19      0.64    0.23    1.00
  N411>MH1629888       CONDUIT      2.99     0  01:15      0.54    0.07    0.20
  N719>MH1626578       CONDUIT      0.72     0  00:58      0.32    0.07    0.19
  N720>N18             CONDUIT      0.23     0  00:24      0.27    0.02    0.10
  MH4427714>N722       CONDUIT      0.76     0  00:29      0.71    0.02    0.11
  N723>MH4450314       CONDUIT      2.48     0  00:00      1.74    0.07    0.19
  MH4450332>MH4450167  CONDUIT     14.02     0  08:00      0.79    1.29    1.00
  N725>MH4498407       CONDUIT      1.51     0  02:30      0.66    0.08    0.19
  N717>N53             CONDUIT      7.30     0  01:11      0.64    0.23    1.00
  N453>N458            CONDUIT      3.19     0  01:16      0.66    0.21    0.32
  N492>MH4427714       CONDUIT      0.45     0  00:20      0.69    0.01    0.09
  N726>N727            CONDUIT      2.66     0  00:14      0.56    0.18    1.00
  N728>MH1623725       CONDUIT      0.20     0  00:32      0.30    0.01    0.19
  MH4450167>MH4449849  CONDUIT     13.50     0  08:00      0.76    1.15    1.00
  N729>MH4452952       CONDUIT      0.05     0  00:11      0.15    0.00    0.08
  N247>MH1629194       CONDUIT      2.29     0  00:43      0.48    0.07    0.94
  N250>N206            CONDUIT    136.35     0  06:37      0.90    1.06    1.00
  N734>N735            CONDUIT      0.34     0  00:41      0.42    0.02    0.10
  MH4449510>N625       CONDUIT     11.59     0  01:20      1.15    0.59    0.55
  N736>MH4449913       CONDUIT      1.73     0  01:13      0.49    0.14    1.00
  N737>N738            CONDUIT      7.36     0  00:55      0.75    0.56    1.00
  MH4450581>N649       CONDUIT     72.79     0  08:00      1.11    1.06    1.00
  N472>MH4455780       CONDUIT      2.52     0  01:29      0.56    0.20    0.30
  N741>MH4426188       CONDUIT      1.38     0  00:36      0.72    0.07    1.00
  N327>MH4429312       CONDUIT     10.75     0  00:30      0.83    0.78    1.00
  N515>MH4426979       CONDUIT      0.44     0  00:36      0.45    0.02    0.10
  N745>MH4455191       CONDUIT      7.29     0  06:37      0.90    0.20    0.26
  MH4454312>N748       CONDUIT      0.58     0  00:44      0.41    0.03    0.31
  N749>MH4455121       CONDUIT    116.72     0  01:52      1.06    1.63    1.00
  N750>N700            CONDUIT     24.52     0  01:14      1.39    1.33    1.00
  N751>MH4427849       CONDUIT      0.27     0  00:23      0.47    0.01    0.10
  N753>MH4452994       CONDUIT      6.77     0  00:59      0.85    0.31    1.00
  N754>N34             CONDUIT      0.74     0  00:53      0.32    0.02    0.11
  N755>MH4453970       CONDUIT      3.01     0  01:12      0.22    0.31    1.00
  N756>MH1625959       CONDUIT      2.37     0  01:18      0.51    0.23    0.31
  N427>N758            CONDUIT     16.64     0  02:21      1.46    0.69    0.61
  N275>MH4427309       CONDUIT      0.44     0  00:27      0.31    0.02    0.14
  N762>MH4447369       CONDUIT      0.20     0  00:40      0.14    0.01    0.14
  MH5241467>N691       CONDUIT      2.22     0  01:38      0.37    0.23    1.00
  MH4452977>N763       CONDUIT      2.03     0  01:01      0.34    0.19    1.00
  N764>MH4429323       CONDUIT      0.35     0  00:34      0.39    0.02    0.12
  MH4498291>MH4498454  CONDUIT      0.32     0  00:55      0.48    0.01    0.08
  MH4453748>N766       CONDUIT      0.42     0  01:23      0.10    0.04    1.00
  MH5164627>N630       CONDUIT      0.12     0  00:41      0.16    0.01    0.09
  MH4452724>N768       CONDUIT      0.56     0  01:13      0.35    0.04    0.15
  MH4453850>MH4454009  CONDUIT      1.40     0  01:36      0.29    0.15    1.00
  N234>N771            CONDUIT      1.52     0  00:41      0.86    0.05    0.16
  N772>MH4453031       CONDUIT      0.12     0  00:04      0.23    0.01    0.08
  MH1626189>N47        CONDUIT    143.75     0  06:35      0.91    1.13    1.00
  N777>N778            CONDUIT      0.14     0  00:02      0.39    0.01    0.06
  N779>MH4428606       CONDUIT      0.29     0  00:00      2.31    0.00    1.00
  MH4456551>N609       CONDUIT      4.48     0  01:06      0.74    0.29    0.54
  N205>N780            CONDUIT      0.31     0  00:25      0.40    0.01    0.09
  N781>MH4449118       CONDUIT      0.88     0  01:14      0.48    0.04    1.00
  N391>MH4499059       CONDUIT      2.11     0  02:24      0.62    0.12    0.25
  N783>N337            CONDUIT      0.67     0  00:40      0.57    0.03    0.12
  MH4451673>MH4451871  CONDUIT      4.88     0  00:35      0.38    0.43    1.00
  N460>MH4429357       CONDUIT      2.43     0  01:17      0.35    0.23    1.00
  MH4454901>N714       CONDUIT      0.91     0  00:12      0.66    0.03    0.13
  N363>N446            CONDUIT      0.16     0  00:03      0.22    0.01    0.09
  N787>MH4451945       CONDUIT     19.59     0  01:23      1.37    0.81    1.00
  N788>MH5241467       CONDUIT      0.43     0  01:30      0.26    0.04    1.00
  N789>N670            CONDUIT      0.68     0  00:50      0.39    0.04    1.00
  MH4447346>N198       CONDUIT      2.23     0  01:24      0.31    0.13    1.00
  MH4455602>MH4455780  CONDUIT      2.93     0  03:04      0.95    0.08    0.23
  N501>N791            CONDUIT      0.41     0  00:33      0.44    0.02    0.10
  MH4450314>N792       CONDUIT      2.59     0  00:01      1.12    0.10    0.21
  MH4427659>X570       CONDUIT      0.19     0  00:20      0.42    0.01    0.06
  MH4454376>N794       CONDUIT    116.19     0  01:52      1.05    1.64    1.00
  N795>MH4447506       CONDUIT      0.20     0  00:02      0.38    0.01    0.09
  MH4450193>MH4450378  CONDUIT     34.93     0  00:31      0.88    1.35    1.00
  N796>MH4499059       CONDUIT      0.15     0  00:35      0.39    0.01    0.06
  N563>MH4428836       CONDUIT      1.99     0  01:34      0.75    0.09    1.00
  MH4428026>N566       CONDUIT      1.52     0  01:17      0.97    0.04    0.14
  MH1626578>N89        CONDUIT      1.02     0  01:03      0.36    0.10    0.22
  N269>MH4456532       CONDUIT      8.16     0  00:53      1.33    0.09    0.21
  N279>MH4454657       CONDUIT      1.10     0  00:46      0.44    0.08    0.21
  MH4453098>N798       CONDUIT     99.52     0  01:49      0.90    1.80    1.00
  N799>MH4428836       CONDUIT      0.28     0  01:43      0.28    0.03    1.00
  MH4502097>MH4502186  CONDUIT    155.46     0  06:32      0.98    1.02    1.00
  MH4499323>N783       CONDUIT      0.44     0  00:36      0.45    0.02    0.10
  N778>MH4456108       CONDUIT      0.16     0  00:18      0.36    0.01    0.07
  N801>N612            CONDUIT      0.25     0  00:03      0.40    0.01    0.09
  N804>MH1626189       CONDUIT    143.49     0  06:35      0.92    1.11    1.00
  MH4500625>N806       CONDUIT      0.52     0  01:13      0.31    0.05    0.16
  MH4499048>N807       CONDUIT      0.50     0  00:27      0.53    0.02    0.10
  N808>N809            CONDUIT      0.17     0  00:15      0.30    0.01    0.08
  N611>MH4454411       CONDUIT      0.45     0  02:02      0.40    0.03    1.00
  MH4429420>N296       CONDUIT      1.65     0  01:23      0.85    0.06    0.17
  MH4449330>N683       CONDUIT      0.41     0  01:10      0.49    0.02    0.09
  N811>MH4451143       CONDUIT      1.59     0  01:32      0.63    0.04    1.00
  MH4455516>N567       CONDUIT      0.57     0  00:54      0.36    0.04    0.15
  N294>N814            CONDUIT      0.37     0  00:57      0.40    0.02    0.10
  MH4455429>N650       CONDUIT      1.32     0  01:29      0.97    0.03    0.13
  N815>MH4452081       CONDUIT      4.32     0  01:14      1.26    0.14    0.25
  MH4454009>MH4454195  CONDUIT      1.71     0  01:26      0.34    0.18    1.00
  N816>MH4428797       CONDUIT      0.66     0  00:43      0.65    0.02    0.11
  N817>MH4450396       CONDUIT      0.21     0  00:21      0.36    0.01    0.09
  MH4447691>N819       CONDUIT     37.94     0  08:00      0.62    1.05    1.00
  MH4499059>N619       CONDUIT      2.38     0  02:15      0.66    0.14    0.26
  MH4499406>MH4499729  CONDUIT      2.72     0  00:59      0.84    0.12    0.24
  N101>MH4456777       CONDUIT      6.15     0  02:51      1.44    0.18    0.29
  N792>N822            CONDUIT      2.82     0  00:02      1.07    0.10    0.22
  N823>MH4428638       CONDUIT      1.00     0  00:12      0.37    0.08    0.21
  MH4428426>N816       CONDUIT      0.38     0  00:43      0.51    0.01    0.09
  MH8707824>N827       CONDUIT      0.63     0  00:48      0.48    0.03    0.13
  MH4452397>N632       CONDUIT      0.40     0  00:25      0.48    0.01    0.09
  N828>N408            CONDUIT      8.82     0  01:08      0.68    0.28    1.00
  N829>MH4449882       CONDUIT      0.48     0  01:02      0.37    0.03    1.00
  N830>MH4454398       CONDUIT      0.06     0  00:24      0.31    0.00    0.04
  N832>MH4452952       CONDUIT      1.22     0  00:00      1.34    0.04    0.16
  MH4450211>N833       CONDUIT      1.06     0  00:46      0.75    0.03    0.13
  N834>MH4453185       CONDUIT      0.62     0  01:09      0.37    0.04    1.00
  N836>MH4452721       CONDUIT      0.54     0  00:55      0.41    0.04    0.13
  N837>N616            CONDUIT      0.50     0  01:14      0.13    0.02    1.00
  N838>N772            CONDUIT      0.12     0  00:01      0.34    0.01    0.06
  N839>N840            CONDUIT      0.54     0  00:28      0.36    0.03    0.14
  N224>N706            CONDUIT      0.95     0  02:09      0.64    0.04    0.14
  N674>MH4450847       CONDUIT      0.84     0  00:49      0.51    0.05    0.15
  MH4429544>MH4429656  CONDUIT      1.96     0  01:06      0.29    0.17    1.00
  N842>MH4428583       CONDUIT      1.26     0  00:33      0.62    0.05    0.65
  N845>MH4455943       CONDUIT      0.34     0  00:03      0.39    0.02    0.12
  MH4453047>N49        CONDUIT      0.41     0  00:33      0.44    0.02    0.10
  N768>N847            CONDUIT      0.76     0  01:13      0.41    0.05    0.16
  MH4426728>N447       CONDUIT     23.87     0  06:11      1.35    1.69    1.00
  N849>MH4450180       CONDUIT      0.76     0  00:54      0.32    0.04    1.00
  MH4427425>MH4427741  CONDUIT      0.53     0  01:00      0.61    0.02    0.10
  N763>N851            CONDUIT      1.87     0  01:01      0.37    0.17    1.00
  MH1790382>N244       CONDUIT      0.48     0  01:02      0.32    0.04    0.15
  N158>N210            CONDUIT    181.56     0  06:31      1.14    1.19    1.00
  MH4451531>MH4451759  CONDUIT      0.27     0  00:36      0.46    0.02    0.08
  N419>MH4451207       CONDUIT     13.34     0  00:30      0.46    0.49    1.00
  MH4429320>N853       CONDUIT      0.74     0  01:54      0.25    0.04    1.00
  N332>MH1627084       CONDUIT      0.45     0  02:38      0.40    0.03    0.14
  N854>N228            CONDUIT      0.10     0  00:09      0.28    0.01    0.06
  N855>MH4500254       CONDUIT      0.28     0  00:02      0.46    0.01    0.10
  N533>MH1623974       CONDUIT      0.40     0  00:38      0.30    0.03    0.15
  MH4449485>MH4449510  CONDUIT      9.62     0  07:59      0.91    0.63    0.58
  N209>MH4452541       CONDUIT     20.21     0  06:56      1.27    1.02    1.00
  N64>MH4453098        CONDUIT     20.85     0  00:29      1.27    1.06    1.00
  N536>MH4450391       CONDUIT      4.40     0  08:00      0.34    0.50    1.00
  MH4454640>N745       CONDUIT      7.09     0  01:00      0.68    0.19    0.31
  N857>MH4427688       CONDUIT      1.77     0  00:55      0.61    0.05    0.22
  N858>MH4426728       CONDUIT     24.64     0  00:00      1.39    1.77    1.00
  MH1624494>N534       CONDUIT      1.50     0  01:04      0.43    0.13    0.26
  N738>MH4449796       CONDUIT      7.62     0  00:49      0.70    0.58    1.00
  N862>N863            CONDUIT      0.08     0  00:10      0.20    0.01    0.07
  N865>N753            CONDUIT      6.46     0  00:59      1.07    0.29    0.38
  MH4450269>N133       CONDUIT      0.12     0  00:35      0.37    0.00    0.05
  MH4447355>MH4448029  CONDUIT      0.34     0  01:12      0.39    0.02    0.10
  N869>N865            CONDUIT      6.20     0  03:19      1.03    0.30    0.37
  MH4452680>MH4453098  CONDUIT     79.11     0  01:49      0.72    1.44    1.00
  MH4428268>N870       CONDUIT      7.31     0  01:01      1.02    0.37    1.00
  N871>N401            CONDUIT     10.50     0  01:06      0.72    0.15    0.60
  N873>N874            CONDUIT      0.17     0  00:22      0.27    0.01    0.09
  MH4428146>N842       CONDUIT      0.92     0  00:31      0.66    0.03    0.13
  MH4428800>MH4428606  CONDUIT      0.38     0  00:35      0.53    0.01    1.00
  N694>N875            CONDUIT      0.40     0  00:45      0.31    0.03    0.13
  MH4452462>N877       CONDUIT      2.12     0  00:38      0.41    0.20    1.00
  N878>MH4448626       CONDUIT      1.79     0  00:42      0.59    0.12    0.24
  MH1629194>N158       CONDUIT    180.60     0  06:31      1.14    1.18    1.00
  N97>MH4449785        CONDUIT      7.08     0  00:21      0.37    0.30    1.00
  N722>MH4428137       CONDUIT      1.02     0  00:32      0.85    0.03    0.12
  MH1630702>MH1630330  CONDUIT      0.16     0  00:56      0.28    0.01    0.13
  MH4451823>N183       CONDUIT     33.98     0  08:00      2.12    3.60    1.00
  N886>MH4447684       CONDUIT      1.10     0  00:54      0.85    0.03    0.13
  N887>MH4501201       CONDUIT     10.56     0  02:22      0.83    0.18    0.36
  N116>N888            CONDUIT     21.85     0  02:00      0.66    0.45    1.00
  N890>MH4454640       CONDUIT      1.34     0  01:30      0.56    0.08    0.20
  MH4454116>MH4454376  CONDUIT    108.80     0  01:52      0.99    1.24    1.00
  MH4428765>MH4428713  CONDUIT      0.88     0  02:03      0.37    0.06    1.00
  MH4428797>MH4429013  CONDUIT      1.15     0  00:36      0.83    0.04    1.00
  N892>MH4449083       CONDUIT      0.05     0  00:01      0.27    0.00    0.06
  MH1627682>N597       CONDUIT      1.50     0  03:13      0.38    0.05    0.15
  N893>N804            CONDUIT    143.13     0  06:35      0.92    1.11    1.00
  MH4451092>N596       CONDUIT      4.23     0  00:51      1.11    0.16    0.27
  N894>MH4451468       CONDUIT      0.90     0  01:09      0.13    0.19    1.00
  N197>MH4450193       CONDUIT     35.11     0  00:32      0.88    1.36    1.00
  N895>MH4452110       CONDUIT      0.84     0  01:23      0.26    0.08    1.00
  N658>MH4428968       CONDUIT      0.95     0  01:20      0.43    0.06    0.18
  N122>MH4500043       CONDUIT      5.01     0  03:05      0.79    0.15    0.22
  N322>MH4455909       CONDUIT      5.37     0  00:28      0.75    0.09    1.00
  N863>MH4428836       CONDUIT      0.31     0  00:22      0.42    0.01    1.00
  N595>MH4500689       CONDUIT      7.98     0  02:51      0.65    0.18    0.35
  N899>N666            CONDUIT      2.56     0  02:48      0.72    0.13    0.26
  MH4452952>MH4452980  CONDUIT      1.22     0  00:20      0.49    0.09    0.20
  MH4452110>MH4452032  CONDUIT      1.76     0  01:18      0.29    0.18    1.00
  MH4500902>N887       CONDUIT     10.34     0  02:19      1.10    0.18    0.29
  N382>N389            CONDUIT      2.45     0  01:45      0.82    0.11    0.23
  MH1623436>N372       CONDUIT      0.36     0  00:26      0.52    0.01    0.10
  N142>N139            CONDUIT      2.05     0  01:14      0.39    0.16    1.00
  MH4427741>N113       CONDUIT      0.69     0  01:01      0.71    0.02    0.10
  MH4454395>MH4454718  CONDUIT      0.30     0  01:27      0.32    0.02    0.11
  MH4428096>N143       CONDUIT     23.29     0  00:51      1.32    2.20    1.00
  MH4426673>X902       CONDUIT      0.03     0  00:34      0.21    0.00    0.03
  N903>MH4500625       CONDUIT      0.23     0  00:31      0.29    0.02    0.12
  MH1630926>MH1631514  CONDUIT      4.68     0  00:38      0.47    0.21    0.55
  N690>N321            CONDUIT      4.92     0  00:57      0.72    0.08    0.20
  N699>MH4449485       CONDUIT      7.09     0  00:48      0.94    0.47    0.53
  MH4451840>MH4451673  CONDUIT      3.27     0  00:42      0.35    0.30    1.00
  MH4449866>N582       CONDUIT      1.34     0  01:19      0.49    0.06    1.00
  N771>MH4446824       CONDUIT      1.75     0  00:32      0.66    0.06    1.00
  N468>MH4427312       CONDUIT      0.33     0  00:25      0.55    0.01    0.11
  MH4449011>N906       CONDUIT     38.54     0  08:00      0.66    0.93    1.00
  MH4426971>N274       CONDUIT      0.08     0  00:26      0.22    0.00    0.05
  MH4452760>N908       CONDUIT      0.06     0  00:18      0.18    0.00    0.05
  N909>MH4447668       CONDUIT      0.69     0  01:30      0.24    0.06    1.00
  N365>MH4449510       CONDUIT      1.26     0  01:18      0.31    0.08    0.28
  N154>MH1625316       CONDUIT      0.47     0  00:42      0.39    0.03    0.18
  N853>MH4429471       CONDUIT      0.62     0  01:39      0.41    0.04    1.00
  N618>N828            CONDUIT      8.64     0  01:15      0.67    0.27    1.00
  N258>MH4448929       CONDUIT      5.62     0  00:37      0.74    0.41    1.00
  N660>MH4428713       CONDUIT      0.41     0  00:24      0.50    0.01    1.00
  N912>N913            CONDUIT      0.69     0  00:29      0.65    0.02    0.11
  N914>MH4429107       CONDUIT      2.02     0  00:57      0.43    0.15    1.00
  N915>MH4429499       CONDUIT      0.68     0  00:36      0.59    0.02    1.00
  N827>N713            CONDUIT      0.87     0  00:45      0.58    0.04    0.14
  MH4449321>N736       CONDUIT      1.95     0  01:13      0.45    0.16    1.00
  N916>MH4448392       CONDUIT      0.15     0  00:15      0.27    0.01    0.10
  MH4449635>N522       CONDUIT      1.19     0  00:50      0.51    0.07    0.19
  MH4448474>N737       CONDUIT      7.16     0  01:05      0.75    0.55    1.00
  MH4429086>N184       CONDUIT      2.38     0  01:32      0.80    0.11    0.22
  N919>N871            CONDUIT     10.25     0  01:01      0.69    0.15    0.26
  N847>MH4453124       CONDUIT      0.79     0  01:15      0.43    0.06    0.16
  MH4320244>N569       CONDUIT      2.00     0  01:17      0.45    0.06    0.17
  N921>MH4454116       CONDUIT      1.76     0  00:46      0.30    0.16    1.00
  N550>N922            CONDUIT    108.42     0  01:52      0.98    1.22    1.00
  N314>N923            CONDUIT      1.26     0  00:29      0.50    0.09    1.00
  N171>MH4453489       CONDUIT      1.03     0  01:19      0.33    0.10    1.00
  MH4447668>N465       CONDUIT      1.50     0  01:28      0.21    0.12    1.00
  MH4452071>N869       CONDUIT      5.96     0  00:57      1.02    0.27    0.36
  N924>MH4429645       CONDUIT      3.53     0  00:00      1.25    0.18    1.00
  MH4455191>N592       CONDUIT      7.54     0  00:51      1.38    0.08    0.19
  N925>MH4429420       CONDUIT      1.55     0  01:13      0.86    0.05    0.16
  N926>N387            CONDUIT      0.54     0  00:42      0.40    0.04    0.43
  N929>N38             CONDUIT      5.13     0  00:07      0.65    0.15    0.26
  MH1624202>MH1624494  CONDUIT      0.56     0  00:49      0.23    0.05    0.20
  N870>MH4428636       CONDUIT      7.56     0  01:13      0.85    0.38    1.00
  MH4450396>N673       CONDUIT      0.45     0  01:00      0.37    0.02    0.12
  MH4453185>MH4453098  CONDUIT      1.48     0  00:42      0.32    0.10    1.00
  N464>MH4448474       CONDUIT      1.71     0  00:51      0.55    0.07    1.00
  MH4447726>N930       CONDUIT      3.05     0  01:02      0.52    0.24    1.00
  N931>MH4449704       CONDUIT      0.74     0  01:26      0.43    0.04    1.00
  MH4451287>N787       CONDUIT     19.29     0  02:25      1.51    0.80    1.00
  MH4453031>N926       CONDUIT      0.34     0  00:29      0.31    0.02    0.12
  N888>MH4502186       CONDUIT     22.17     0  00:47      0.76    0.46    1.00
  MH4452946>N20        CONDUIT      6.64     0  01:46      0.63    0.21    0.31
  N487>N704            CONDUIT      4.96     0  00:50      0.93    0.25    0.34
  MH4450920>MH4451113  CONDUIT      3.39     0  01:08      0.66    0.10    0.19
  MH4429268>MH4429468  CONDUIT      1.08     0  01:31      0.40    0.07    1.00
  N908>MH4452946       CONDUIT      0.23     0  00:02      0.49    0.01    0.27
  N573>MH4452071       CONDUIT      0.58     0  00:39      0.46    0.03    0.23
  N299>N607            CONDUIT      0.36     0  00:09      0.54    0.02    0.09
  N466>MH4429179       CONDUIT      1.36     0  01:22      0.54    0.07    1.00
  N938>MH4429019       CONDUIT      1.62     0  00:37      0.49    0.13    0.24
  MH4427312>N857       CONDUIT      1.51     0  00:55      0.92    0.04    0.15
  N688>N915            CONDUIT      0.42     0  00:02      0.66    0.01    1.00
  N939>MH1624202       CONDUIT      0.12     0  00:01      0.66    0.00    0.09
  N758>MH4451287       CONDUIT     16.85     0  02:21      1.39    0.70    0.65
  N940>MH4449796       CONDUIT      1.50     0  00:51      0.59    0.05    1.00
  N267>MH4455813       CONDUIT      0.51     0  01:01      0.46    0.03    0.11
  N605>MH4449806       CONDUIT      2.67     0  00:44      0.51    0.26    1.00
  MH4426188>N726       CONDUIT      2.42     0  00:21      0.51    0.16    1.00
  MH4500689>N941       CONDUIT      8.99     0  02:51      0.59    0.35    0.41
  N942>N106            CONDUIT    124.76     0  01:52      1.13    1.22    1.00
  MH4451870>MH4452189  CONDUIT      0.96     0  00:46      0.34    0.07    1.00
  N589>N944            CONDUIT      1.83     0  01:30      0.88    0.07    0.17
  MH4453213>N929       CONDUIT      4.88     0  00:06      0.61    0.16    0.27
  N851>MH4452462       CONDUIT      1.81     0  00:42      0.36    0.17    1.00
  N930>MH4449103       CONDUIT      2.77     0  01:02      0.51    0.22    1.00
  MH4428067>N10        CONDUIT      0.31     0  00:39      0.50    0.01    0.08
  N705>MH4453837       CONDUIT      5.29     0  00:50      0.84    0.27    0.39
  N187>N544            CONDUIT      0.66     0  00:36      0.69    0.02    0.10
  MH4455121>N942       CONDUIT    124.48     0  01:52      1.13    1.23    1.00
  MH4451967>MH4452154  CONDUIT      3.64     0  01:02      0.43    0.32    1.00
  MH4448813>MH4449503  CONDUIT      0.89     0  01:13      0.39    0.07    1.00
  N686>MH4428139       CONDUIT      0.16     0  00:05      0.63    0.00    0.04
  N941>N950            CONDUIT      9.17     0  02:53      0.59    0.35    0.42
  N951>MH8707824       CONDUIT      0.55     0  00:45      0.37    0.05    0.14
  MH4453837>N645       CONDUIT      5.48     0  01:44      0.59    0.17    0.40
  N952>MH4453970       CONDUIT      0.62     0  01:23      0.33    0.05    1.00
  MH4454125>N755       CONDUIT      2.99     0  01:12      0.16    0.28    1.00
  MH4428188>N562       CONDUIT      1.35     0  00:43      0.62    0.06    0.18
  MH4454657>N899       CONDUIT      2.36     0  02:46      0.73    0.12    0.24
  N510>N925            CONDUIT      1.38     0  01:21      0.79    0.05    0.15
  N220>N394            CONDUIT     33.43     0  01:17      1.74    0.33    1.00
  MH4428636>N954       CONDUIT      8.90     0  01:00      0.83    0.64    1.00
  MH4449778>MH4450137  CONDUIT      1.54     0  01:13      0.40    0.09    1.00
  N956>MH4450332       CONDUIT      0.61     0  00:44      0.26    0.04    1.00
  MH1629888>MH1630330  CONDUIT      3.22     0  01:15      0.53    0.10    0.21
  MH4500422>N600       CONDUIT      5.52     0  02:27      0.98    0.07    0.20
  N957>MH4428026       CONDUIT      0.35     0  00:37      0.57    0.01    0.08
  N814>N406            CONDUIT      0.59     0  00:30      0.53    0.03    0.12
  N877>MH4451886       CONDUIT      3.64     0  00:32      0.46    0.34    1.00
  N906>MH4449913       CONDUIT     38.83     0  08:00      0.64    0.94    1.00
  N35>MH4320104        CONDUIT      1.12     0  00:57      0.34    0.04    0.14
  N959>N345            CONDUIT      0.72     0  01:27      0.25    0.06    1.00
  N960>N961            CONDUIT      0.28     0  00:32      0.25    0.03    0.13
  N962>MH4451058       CONDUIT      0.62     0  00:55      0.46    0.04    0.13
  MH4453788>MH4453850  CONDUIT      0.87     0  01:37      0.20    0.09    1.00
  N963>MH4453579       CONDUIT    100.01     0  01:49      0.91    1.81    1.00
  N964>MH4429179       CONDUIT      1.02     0  01:06      0.27    0.08    1.00
  MH4450847>N216       CONDUIT      0.91     0  00:49      0.49    0.05    0.16
  N507>MH4320244       CONDUIT      1.82     0  01:16      0.44    0.05    0.16
  MH8963773>MH4447452  CONDUIT      8.21     0  00:37      0.53    0.36    1.00
  N966>MH4451516       CONDUIT      0.30     0  00:48      0.40    0.02    0.09
  MH4450531>N422       CONDUIT     15.60     0  08:00      0.99    1.01    1.00
  N656>MH4447880       CONDUIT      0.61     0  00:57      0.44    0.03    1.00
  N954>MH4429013       CONDUIT      9.13     0  00:52      0.80    0.66    1.00
  N147>N119            CONDUIT      1.37     0  00:49      0.46    0.03    0.13
  N334>MH4452680       CONDUIT      5.24     0  01:07      0.43    0.25    1.00
  N967>MH4452011       CONDUIT      5.30     0  00:32      0.39    0.49    1.00
  N806>MH4501866       CONDUIT      0.80     0  02:28      0.38    0.07    0.52
  N735>N968            CONDUIT      0.59     0  00:44      0.54    0.03    0.12
  N346>MH4429179       CONDUIT      1.38     0  01:16      0.35    0.09    1.00
  MH4454195>MH4454125  CONDUIT      2.30     0  01:26      0.18    0.10    1.00
  MH4447452>N711       CONDUIT      8.60     0  00:37      0.54    0.36    1.00
  N791>N486            CONDUIT      0.63     0  00:33      0.58    0.03    0.11
  MH4427588>N750       CONDUIT     24.36     0  01:14      1.38    1.41    1.00
  MH4448029>N255       CONDUIT      0.51     0  01:14      0.38    0.04    0.14
  N913>N886            CONDUIT      0.93     0  00:29      0.75    0.03    0.12
  N181>MH4448474       CONDUIT      5.20     0  01:21      0.64    0.34    1.00
  N961>N719            CONDUIT      0.54     0  00:58      0.30    0.05    0.16
  N970>N971            CONDUIT      0.16     0  00:22      0.20    0.02    0.11
  N972>N720            CONDUIT      0.11     0  00:18      0.24    0.01    0.08
  MH4428583>N914       CONDUIT      1.66     0  00:57      0.51    0.12    1.00
  N809>MH1625395       CONDUIT      0.31     0  00:29      0.35    0.02    0.14
  MH4451333>N633       CONDUIT      0.17     0  00:19      0.31    0.01    0.08
  N794>N749            CONDUIT    116.48     0  01:52      1.05    1.63    1.00
  N840>MH1624017       CONDUIT      0.78     0  00:28      0.48    0.05    0.15
  MH4500035>N919       CONDUIT     10.03     0  01:05      0.69    0.15    0.26
  N974>MH4452809       CONDUIT      0.81     0  00:49      0.36    0.05    1.00
  N975>N976            CONDUIT      0.21     0  01:42      0.28    0.01    1.00
  MH4454718>MH4454876  CONDUIT      0.61     0  01:20      0.56    0.03    0.11
  N470>N471            CONDUIT      1.98     0  01:06      0.55    0.11    0.26
  N50>MH4453553        CONDUIT      0.70     0  00:36      0.63    0.03    0.11
  N780>N155            CONDUIT      0.51     0  00:27      0.55    0.02    0.11
  MH4451468>MH4452154  CONDUIT      5.27     0  01:09      0.33    0.23    1.00
  MH4452632>N967       CONDUIT      3.11     0  00:38      0.33    0.29    1.00
  N727>MH4426728       CONDUIT      3.64     0  00:08      0.38    0.24    1.00
  N950>MH4501851       CONDUIT      9.41     0  02:26      0.65    0.36    0.65
  N600>N149            CONDUIT      8.84     0  02:27      1.33    0.11    0.22
  MH1624769>N893       CONDUIT    142.83     0  06:35      0.92    1.10    1.00
  N822>N240            CONDUIT      3.08     0  00:03      1.03    0.12    0.23
  N766>N921            CONDUIT      0.51     0  00:59      0.25    0.05    1.00
  MH1625316>N756       CONDUIT      2.28     0  00:57      0.46    0.22    0.33
  MH4426979>N647       CONDUIT      0.71     0  00:37      0.64    0.02    0.11
  N456>N839            CONDUIT      0.54     0  00:25      0.62    0.02    0.11
  N446>MH4454312       CONDUIT      0.42     0  00:03      0.44    0.02    0.12
  MH4428968>N977       CONDUIT      1.27     0  01:17      0.50    0.08    0.21
  N978>N695            CONDUIT      0.35     0  00:13      0.67    0.01    0.08
  N807>N672            CONDUIT      0.72     0  00:28      0.66    0.03    0.12
  N610>MH4455909       CONDUIT      4.81     0  01:06      0.76    0.32    1.00
  N979>N980            CONDUIT      0.34     0  00:04      0.40    0.02    1.00
  N418>N487            CONDUIT      4.30     0  01:35      1.18    0.15    0.26
  N364>N912            CONDUIT      0.61     0  00:47      0.58    0.03    0.11
  N593>N878            CONDUIT      1.54     0  00:34      0.58    0.10    0.22
  MH4450776>MH4450378  CONDUIT      1.81     0  01:09      0.46    0.09    1.00
  MH4429107>N325       CONDUIT      5.23     0  04:19      0.61    0.46    1.00
  MH4456777>N574       CONDUIT      6.34     0  02:46      1.45    0.19    0.30
  N923>N250            CONDUIT      2.29     0  00:37      0.50    0.16    1.00
  N265>MH8963773       CONDUIT      7.92     0  00:45      0.53    0.32    1.00
  MH4427849>MH4428245  CONDUIT      0.94     0  00:46      0.61    0.04    0.15
  MH4455813>MH4455808  CONDUIT      1.58     0  01:03      0.48    0.15    0.24
  N944>MH4499116       CONDUIT      1.86     0  01:31      0.79    0.07    0.19
  MH4454398>N298       CONDUIT      0.08     0  00:20      0.19    0.01    0.06
  N874>N836            CONDUIT      0.35     0  00:38      0.35    0.02    0.12
  N397>N188            CONDUIT      4.31     0  01:34      0.74    0.31    1.00
  MH4428638>N938       CONDUIT      1.39     0  00:13      0.44    0.12    0.24
  N875>N151            CONDUIT      0.65     0  00:45      0.42    0.04    0.14
  MH4453095>N170       CONDUIT      1.15     0  01:19      0.21    0.11    1.00
  N984>MH4447346       CONDUIT      0.34     0  01:47      0.46    0.02    1.00
  MH4450802>MH4450920  CONDUIT      0.45     0  01:01      0.40    0.03    0.11
  N833>N940            CONDUIT      1.29     0  00:50      0.81    0.04    1.00
  MH4449796>N439       CONDUIT      9.33     0  08:00      0.79    0.72    1.00
  N985>N159            CONDUIT      0.12     0  00:15      0.23    0.01    0.08
  N819>MH4449011       CONDUIT     38.27     0  08:00      0.65    0.96    1.00
  MH4428320>N823       CONDUIT      0.77     0  00:08      0.33    0.08    0.19
  N986>N685            CONDUIT      0.07     0  00:04      0.35    0.00    0.05
  N987>N699            CONDUIT      6.14     0  00:00      1.17    0.26    0.36
  N922>MH4454116       CONDUIT    108.44     0  01:52      0.98    1.24    1.00
  N977>MH4428524       CONDUIT      1.56     0  01:17      0.50    0.10    0.31
  MH4455943>N248       CONDUIT      0.55     0  00:53      0.36    0.04    0.14
  MH4499116>MH4499406  CONDUIT      2.60     0  00:58      0.89    0.09    0.22
  MH4448626>N698       CONDUIT      2.03     0  00:46      0.60    0.13    0.25
  MH4454643>N890       CONDUIT      1.29     0  00:57      0.57    0.07    0.19
  N990>N251            CONDUIT      0.30     0  00:31      0.33    0.02    0.12
  N367>MH4452527       CONDUIT     75.84     0  01:47      1.07    2.50    1.00
  N980>MH4454629       CONDUIT      1.03     0  01:56      0.36    0.07    1.00
  MH4451886>N991       CONDUIT     75.65     0  01:47      1.07    2.44    1.00
  N971>N951            CONDUIT      0.42     0  00:42      0.29    0.04    0.15
  N626>MH4450170       CONDUIT     12.03     0  07:30      1.19    0.61    0.56
  N631>MH1625395       CONDUIT      0.53     0  00:44      0.30    0.05    0.17
  N297>MH4429086       CONDUIT      2.16     0  01:16      0.85    0.08    0.20
  N992>MH4446883       CONDUIT      1.35     0  01:06      0.26    0.14    1.00
  MH4450180>MH4450332  CONDUIT      1.83     0  00:47      0.36    0.15    1.00
  MH4448929>N693       CONDUIT      5.86     0  00:25      0.74    0.44    1.00
  MH1631514>N176       CONDUIT    186.64     0  06:32      2.17    0.78    0.73
  N748>N994            CONDUIT      0.73     0  00:39      0.48    0.04    1.00
  N186>MH4454993       CONDUIT      3.46     0  00:56      0.93    0.11    0.26
  N995>N754            CONDUIT      0.58     0  00:04      0.34    0.02    0.10
  N996>N811            CONDUIT      0.25     0  00:02      0.67    0.01    1.00
  N991>MH4452189       CONDUIT     75.72     0  01:47      1.07    2.47    1.00
  N692>N815            CONDUIT      4.12     0  01:46      1.12    0.15    0.26
  MH1625959>N997       CONDUIT      2.46     0  01:18      1.42    0.16    0.16
  N998>N734            CONDUIT      0.07     0  00:09      0.20    0.00    0.07
  N798>N963            CONDUIT     99.80     0  01:49      0.90    1.77    1.00
  MH4428137>MH4428188  CONDUIT      1.06     0  00:32      0.67    0.03    0.15
  MH4428067>MH4427849  CONDUIT      0.23     0  00:39      0.46    0.01    0.07
  N490>MH4427588       CONDUIT     24.75     0  06:05      1.40    1.80    1.00
  N999>N614            CONDUIT      0.22     0  00:16      0.36    0.01    0.09
  N239>MH5233531       CONDUIT      0.23     0  01:11      0.30    0.02    0.09
  N968>MH4454993       CONDUIT      0.79     0  00:45      0.58    0.04    0.13
  N1000>MH4448796      CONDUIT      0.26     0  00:03      0.41    0.02    0.09
  N1001>MH4451886      CONDUIT     84.09     0  08:00      1.19    2.78    1.00
  N620>MH4500689       CONDUIT      0.85     0  00:59      0.46    0.06    0.16
  N9>MH4429527         CONDUIT      0.45     0  00:46      0.41    0.02    1.00
  N162>N561            CONDUIT      1.99     0  00:58      0.39    0.07    0.19
  N994>MH4454629       CONDUIT      0.78     0  01:33      0.50    0.04    1.00
  N1002>N347           CONDUIT      0.07     0  00:14      0.15    0.00    0.08
  N356>MH4450531       CONDUIT      2.45     0  00:35      0.36    0.23    1.00
  MH4451207>N1001      CONDUIT     83.69     0  08:00      1.18    2.76    1.00
  MH4449860>MH4450100  CONDUIT      0.27     0  01:19      0.34    0.02    0.09
  MH4502186>N0         CONDUIT    177.67     0  06:33      1.12    1.17    1.00
  N576>MH4453213       CONDUIT      4.65     0  00:04      0.62    0.22    0.30
  N665>N962            CONDUIT      0.38     0  00:39      0.41    0.02    0.12
  N976>MH4449866       CONDUIT      0.39     0  01:35      0.40    0.02    1.00
  MH4449503>MH4449977  CONDUIT      1.35     0  01:29      0.46    0.11    1.00
  N1003>N655           CONDUIT      0.15     0  02:14      0.13    0.04    0.13
  N1005>N172           CONDUIT      0.77     0  01:12      0.28    0.07    1.00
  N1006>MH7465841      CONDUIT      0.22     0  00:31      0.33    0.01    0.13
  MH4456372>N725       CONDUIT      1.48     0  02:18      0.64    0.08    0.19
  N1007>MH4449118      CONDUIT      0.98     0  01:12      0.49    0.04    1.00
  MH4428367>N168       CONDUIT      0.86     0  01:41      0.81    0.02    0.11
  N1009>MH4452154      CONDUIT      0.83     0  01:16      0.34    0.06    1.00
  MH4452541>N63        CONDUIT     20.32     0  06:54      1.26    1.03    1.00
  N440>MH4450391       CONDUIT      9.68     0  08:00      0.71    0.75    1.00
  N134>MH4450617       CONDUIT      0.41     0  00:26      0.40    0.02    0.12
  MH4427659>MH4427741  CONDUIT      0.00     0  00:00      0.00    0.00    0.05
  MH4451967>MH4451823  CONDUIT     33.43     0  08:00      1.89    1.25    1.00
  MH4429019>MH4429086  CONDUIT      0.00     0  00:00      0.00    0.00    0.10
  MH4428638>N461       CONDUIT      0.00     0  00:00      0.00    0.00    0.02
  
  
  ***************************
  Flow Classification Summary
  ***************************
  
  -------------------------------------------------------------------------------------
                      Adjusted    ---------- Fraction of Time in Flow Class ---------- 
                       /Actual         Up    Down  Sub   Sup   Up    Down  Norm  Inlet 
  Conduit               Length    Dry  Dry   Dry   Crit  Crit  Crit  Crit  Ltd   Ctrl  
  -------------------------------------------------------------------------------------
  N0>N1                   1.00   0.00  0.00  0.00  1.00  0.00  0.00  0.00  0.00  0.00
  MH4454411>N3            1.00   0.00  0.00  0.00  0.99  0.01  0.00  0.00  0.22  0.00
  N4>MH4450314            1.00   0.00  0.00  0.00  0.00  0.00  0.00  1.00  0.00  0.00
  N8>N9                   1.00   0.00  0.00  0.00  0.00  1.00  0.00  0.00  1.00  0.00
  N10>MH4428367           1.00   0.00  0.00  0.00  0.00  1.00  0.00  0.00  1.00  0.00
  MH4428606>N13           1.00   0.00  0.00  0.00  0.93  0.07  0.00  0.00  0.20  0.00
  MH4454744>N15           1.00   0.00  0.00  0.00  1.00  0.00  0.00  0.00  1.00  0.00
  N18>MH4452397           1.00   0.00  0.00  0.00  0.00  1.00  0.00  0.00  0.00  0.00
  N20>MH4453133           1.00   0.00  0.00  0.00  1.00  0.00  0.00  0.00  0.98  0.00
  N22>MH4447602           1.00   0.00  0.00  0.00  0.99  0.01  0.00  0.00  0.99  0.00
  MH4429312>N25           1.00   0.00  0.00  0.00  0.97  0.03  0.00  0.00  0.01  0.00
  N26>MH4453788           1.00   0.00  0.00  0.00  0.99  0.01  0.00  0.00  0.21  0.00
  N28>MH4456108           1.00   0.00  0.00  0.00  0.00  1.00  0.00  0.00  1.00  0.00
  N30>N31                 1.00   0.00  0.00  0.00  0.00  1.00  0.00  0.00  1.00  0.00
  N32>N33                 1.00   0.00  0.00  0.00  0.00  1.00  0.00  0.00  1.00  0.00
  N34>N35                 1.00   0.00  0.00  0.00  1.00  0.00  0.00  0.00  0.99  0.00
  N38>MH4454209           1.00   0.00  0.00  0.00  0.01  0.99  0.00  0.00  0.98  0.00
  MH1624017>MH1623826     1.00   0.00  0.00  0.00  0.00  1.00  0.00  0.00  0.99  0.00
  MH4429136>N43           1.00   0.00  0.00  0.00  1.00  0.00  0.00  0.00  0.00  0.00
  MH4501201>N45           1.00   0.00  0.00  0.00  1.00  0.00  0.00  0.00  0.98  0.00
  MH1623826>N46           1.00   0.00  0.00  0.00  0.70  0.30  0.00  0.00  0.99  0.00
  N47>MH4501544           1.00   0.00  0.00  0.00  1.00  0.00  0.00  0.00  0.03  0.00
  N49>N50                 1.00   0.00  0.00  0.00  0.00  1.00  0.00  0.00  0.00  0.00
  N51>MH4454640           1.00   0.00  0.00  0.00  1.00  0.00  0.00  0.00  0.99  0.00
  N53>MH4453512           1.00   0.00  0.00  0.00  1.00  0.00  0.00  0.00  0.23  0.00
  MH4452154>MH4452217     1.00   0.00  0.00  0.00  1.00  0.00  0.00  0.00  0.09  0.00
  N59>MH4446824           1.00   0.00  0.00  0.00  0.75  0.25  0.00  0.00  1.00  0.00
  N61>N62                 1.00   0.00  0.00  0.00  0.00  1.00  0.00  0.00  0.99  0.00
  N63>N64                 1.00   0.00  0.00  0.00  0.95  0.05  0.00  0.00  0.02  0.00
  MH4453931>N66           1.00   0.00  0.00  0.00  0.00  1.00  0.00  0.00  1.00  0.00
  N67>MH4456468           1.00   0.00  0.00  0.00  1.00  0.00  0.00  0.00  1.00  0.00
  N69>MH4502097           1.00   0.00  0.00  0.00  1.00  0.00  0.00  0.00  0.06  0.00
  N71>N72                 1.00   0.00  0.00  0.00  0.00  1.00  0.00  0.00  0.98  0.00
  N73>MH4447369           1.00   0.00  0.00  0.00  0.00  0.00  0.00  1.00  0.00  0.00
  MH4448345>MH4448419     1.00   0.00  0.00  0.00  0.99  0.01  0.00  0.00  0.01  0.00
  N77>MH4449083           1.00   0.00  0.00  0.00  0.00  1.00  0.00  0.00  0.99  0.00
  N13>MH4429136           1.00   0.00  0.00  0.00  1.00  0.00  0.00  0.00  0.06  0.00
  N79>MH4499116           1.00   0.00  0.00  0.00  0.98  0.02  0.00  0.00  1.00  0.00
  N81>N82                 1.00   0.00  0.00  0.00  1.00  0.00  0.00  0.00  1.00  0.00
  N83>MH4454674           1.00   0.00  0.00  0.00  0.99  0.01  0.00  0.00  0.99  0.00
  N85>MH4427688           1.00   0.00  0.00  0.00  0.00  0.00  0.00  1.00  0.00  0.00
  N87>MH4448753           1.00   0.00  0.00  0.00  1.00  0.00  0.00  0.00  1.00  0.00
  N89>MH1627682           1.00   0.00  0.00  0.00  1.00  0.00  0.00  0.00  0.00  0.00
  MH4452538>MH5118586     1.00   0.00  0.00  0.00  0.00  1.00  0.00  0.00  1.00  0.00
  N33>MH4452724           1.00   0.00  0.00  0.00  0.99  0.01  0.00  0.00  1.00  0.00
  MH4448853>N97           1.00   0.00  0.00  0.00  1.00  0.00  0.00  0.00  0.01  0.00
  N98>MH4500422           1.00   0.00  0.00  0.00  0.00  1.00  0.00  0.00  0.99  0.00
  N100>N101               1.00   0.00  0.00  0.00  0.00  1.00  0.00  0.00  0.98  0.00
  MH4449806>MH4450137     1.00   0.00  0.00  0.00  1.00  0.00  0.00  0.00  0.07  0.00
  MH4428117>MH4428139     1.00   0.00  0.00  0.00  0.99  0.01  0.00  0.00  1.00  0.00
  N106>MH4455909          1.00   0.00  0.00  0.00  1.00  0.00  0.00  0.00  0.10  0.00
  N108>MH5118586          1.00   0.00  0.00  0.00  0.99  0.01  0.00  0.00  1.00  0.00
  N109>MH4451823          1.00   0.00  0.00  0.00  0.99  0.01  0.00  0.00  0.99  0.00
  MH4450787>N112          1.00   0.00  0.00  0.00  0.00  1.00  0.00  0.00  0.99  0.00
  N113>MH4428026          1.00   0.00  0.00  0.00  0.00  1.00  0.00  0.00  1.00  0.00
  MH4501866>N116          1.00   0.00  0.00  0.00  1.00  0.00  0.00  0.00  0.22  0.00
  N119>MH1627986          1.00   0.00  0.00  0.00  0.99  0.01  0.00  0.00  0.99  0.00
  MH4499632>N122          1.00   0.00  0.00  0.00  1.00  0.00  0.00  0.00  0.99  0.00
  MH4429035>N124          1.00   0.00  0.00  0.00  0.83  0.17  0.00  0.00  0.42  0.00
  MH4454674>N125          1.00   0.00  0.00  0.00  1.00  0.00  0.00  0.00  1.00  0.00
  MH4449704>MH4449118     1.00   0.00  0.00  0.00  1.00  0.00  0.00  0.00  0.07  0.00
  N128>MH1629281          1.00   0.00  0.00  0.00  0.99  0.01  0.00  0.00  0.99  0.00
  N82>MH4454718           1.00   0.00  0.00  0.00  0.99  0.01  0.00  0.00  1.00  0.00
  N131>MH4451287          1.00   0.00  0.00  0.00  1.00  0.00  0.00  0.00  1.00  0.00
  N133>N134               1.00   0.00  0.00  0.00  1.00  0.00  0.00  0.00  1.00  0.00
  N137>MH4450219          1.00   0.00  0.00  0.00  0.00  1.00  0.00  0.00  0.99  0.00
  N139>MH4449321          1.00   0.00  0.00  0.00  0.89  0.00  0.00  0.11  0.01  0.00
  MH4448509>N142          1.00   0.00  0.00  0.00  0.99  0.01  0.00  0.00  0.13  0.00
  N143>MH4428524          1.00   0.00  0.00  0.00  0.00  0.00  0.00  1.00  0.00  0.00
  N145>MH1627084          1.00   0.00  0.00  0.00  0.99  0.01  0.00  0.00  0.99  0.00
  MH1627084>N147          1.00   0.00  0.00  0.00  0.01  0.99  0.00  0.00  0.99  0.00
  N148>N79                1.00   0.00  0.00  0.00  0.00  1.00  0.00  0.00  0.99  0.00
  N149>N150               1.00   0.00  0.00  0.00  0.00  1.00  0.00  0.00  0.96  0.00
  N151>MH4455762          1.00   0.00  0.00  0.00  0.99  0.01  0.00  0.00  0.99  0.00
  N153>N154               1.00   0.00  0.00  0.00  0.99  0.01  0.00  0.00  0.99  0.00
  N155>MH4452721          1.00   0.00  0.00  0.00  0.00  0.00  0.00  1.00  0.00  0.00
  N157>N158               1.00   0.00  0.00  0.00  0.88  0.00  0.00  0.12  0.88  0.00
  N159>MH4453931          1.00   0.00  0.00  0.00  0.98  0.02  0.00  0.00  0.99  0.00
  MH4447128>MH4447726     1.00   0.00  0.00  0.00  1.00  0.00  0.00  0.00  0.10  0.00
  MH1627986>N162          1.00   0.00  0.00  0.00  1.00  0.00  0.00  0.00  0.99  0.00
  MH4501544>N69           1.00   0.00  0.00  0.00  1.00  0.00  0.00  0.00  0.01  0.00
  N46>N163                1.00   0.00  0.00  0.00  0.91  0.09  0.00  0.00  0.28  0.00
  N166>MH4428268          1.00   0.00  0.00  0.00  0.68  0.32  0.00  0.00  0.99  0.00
  N168>MH4428636          1.00   0.00  0.00  0.00  0.98  0.01  0.00  0.01  0.99  0.00
  N170>N171               1.00   0.00  0.00  0.00  1.00  0.00  0.00  0.00  0.11  0.00
  N172>MH4452977          1.00   0.00  0.00  0.00  1.00  0.00  0.00  0.00  0.11  0.00
  N176>MH1632309          1.00   0.00  0.00  0.00  0.00  1.00  0.00  0.00  0.00  0.00
  N178>MH4500035          1.00   0.00  0.00  0.00  0.00  1.00  0.00  0.00  1.00  0.00
  N180>N181               1.00   0.00  0.00  0.00  0.83  0.17  0.00  0.00  0.18  0.00
  MH4451759>N183          1.00   0.00  0.00  0.00  0.00  0.00  0.00  1.00  0.00  0.00
  N184>N59                1.00   0.00  0.00  0.00  0.00  1.00  0.00  0.00  0.98  0.00
  MH4454490>N186          1.00   0.00  0.00  0.00  0.00  1.00  0.00  0.00  0.99  0.00
  N112>N187               1.00   0.00  0.00  0.00  0.00  1.00  0.00  0.00  0.00  0.00
  N188>MH4447880          1.00   0.00  0.00  0.00  0.99  0.01  0.00  0.00  0.15  0.00
  MH4499417>N191          1.00   0.00  0.00  0.00  0.00  1.00  0.00  0.00  0.96  0.00
  N192>MH4453579          1.00   0.00  0.00  0.00  0.94  0.00  0.00  0.06  0.04  0.00
  N194>MH4451531          1.00   0.00  0.00  0.00  0.99  0.01  0.00  0.00  1.00  0.00
  MH4449785>N197          1.00   0.00  0.00  0.00  1.00  0.00  0.00  0.00  0.01  0.00
  N198>MH4447416          1.00   0.00  0.00  0.00  0.88  0.12  0.00  0.00  0.14  0.00
  N202>MH4453124          1.00   0.00  0.00  0.00  0.00  1.00  0.00  0.00  1.00  0.00
  MH5228371>N205          1.00   0.00  0.00  0.00  0.00  1.00  0.00  0.00  1.00  0.00
  N206>MH6153571          1.00   0.00  0.00  0.00  1.00  0.00  0.00  0.00  0.01  0.00
  N208>N209               1.00   0.00  0.00  0.00  0.92  0.08  0.00  0.00  0.04  0.00
  N210>N211               1.00   0.00  0.00  0.00  1.00  0.00  0.00  0.00  0.00  0.00
  N212>MH4427425          1.00   0.00  0.00  0.00  0.99  0.01  0.00  0.00  1.00  0.00
  N216>N131               1.00   0.00  0.00  0.00  0.00  1.00  0.00  0.00  0.99  0.00
  MH7465841>N220          1.00   0.00  0.00  0.00  0.00  1.00  0.00  0.00  0.00  0.00
  N221>N222               1.00   0.00  0.00  0.00  0.00  1.00  0.00  0.00  1.00  0.00
  MH4451971>N224          1.00   0.00  0.00  0.00  0.00  1.00  0.00  0.00  0.99  0.00
  N225>MH4450757          1.00   0.00  0.00  0.00  0.00  1.00  0.00  0.00  0.98  0.00
  N228>N229               1.00   0.00  0.00  0.00  1.00  0.00  0.00  0.00  1.00  0.00
  N230>N231               1.00   0.00  0.00  0.00  0.00  1.00  0.00  0.00  1.00  0.00
  N232>MH4451971          1.00   0.00  0.00  0.00  0.00  1.00  0.00  0.00  0.99  0.00
  MH4447684>N234          1.00   0.00  0.00  0.00  0.00  1.00  0.00  0.00  1.00  0.00
  MH4449173>MH4449785     1.00   0.00  0.00  0.00  1.00  0.00  0.00  0.00  0.00  0.00
  N238>N239               1.00   0.00  0.00  0.00  1.00  0.00  0.00  0.00  1.00  0.00
  N240>MH4451058          1.00   0.00  0.00  0.00  0.00  1.00  0.00  0.00  0.99  0.00
  MH4452032>MH4451840     1.00   0.00  0.00  0.00  0.99  0.01  0.00  0.00  0.12  0.00
  N244>MH1790845          1.00   0.00  0.00  0.00  1.00  0.00  0.00  0.00  0.99  0.00
  N246>N247               1.00   0.00  0.00  0.00  1.00  0.00  0.00  0.00  0.97  0.00
  N248>N61                1.00   0.00  0.00  0.00  0.99  0.01  0.00  0.00  1.00  0.00
  MH4456553>N250          1.00   0.00  0.00  0.00  1.00  0.00  0.00  0.00  0.02  0.00
  N251>MH4449510          1.00   0.00  0.00  0.00  1.00  0.00  0.00  0.00  1.00  0.00
  MH4428713>MH4428995     1.00   0.00  0.00  0.00  0.99  0.01  0.00  0.00  0.21  0.00
  N255>MH4447351          1.00   0.00  0.00  0.00  0.00  1.00  0.00  0.00  1.00  0.00
  MH4450170>N225          1.00   0.00  0.00  0.00  0.00  1.00  0.00  0.00  0.98  0.00
  MH4447880>N258          1.00   0.00  0.00  0.00  0.89  0.11  0.00  0.00  0.12  0.00
  MH4500254>N260          1.00   0.00  0.00  0.00  0.99  0.01  0.00  0.00  0.99  0.00
  N261>MH4448662          1.00   0.00  0.00  0.00  0.98  0.02  0.00  0.00  0.99  0.00
  N263>MH5228371          1.00   0.00  0.00  0.00  0.00  1.00  0.00  0.00  1.00  0.00
  MH4429357>N265          1.00   0.00  0.00  0.00  1.00  0.00  0.00  0.00  0.09  0.00
  MH5286735>N267          1.00   0.00  0.00  0.00  1.00  0.00  0.00  0.00  1.00  0.00
  N268>N269               1.00   0.00  0.00  0.00  0.00  1.00  0.00  0.00  0.98  0.00
  N270>N271               1.00   0.00  0.00  0.00  0.99  0.01  0.00  0.00  0.20  0.00
  N272>MH4449860          1.00   0.00  0.00  0.00  1.00  0.00  0.00  0.00  1.00  0.00
  MH5118586>N202          1.00   0.00  0.00  0.00  0.00  1.00  0.00  0.00  0.98  0.00
  N274>N275               1.00   0.00  0.00  0.00  0.00  1.00  0.00  0.00  1.00  0.00
  N45>N276                1.00   0.00  0.00  0.00  1.00  0.00  0.00  0.00  0.94  0.00
  N277>N278               1.00   0.00  0.00  0.00  0.00  1.00  0.00  0.00  1.00  0.00
  N125>N279               1.00   0.00  0.00  0.00  0.98  0.02  0.00  0.00  0.99  0.00
  N280>N281               1.00   0.00  0.00  0.00  0.00  1.00  0.00  0.00  1.00  0.00
  MH4452919>MH4453133     1.00   0.00  0.00  0.00  0.69  0.00  0.00  0.31  0.69  0.00
  MH4450449>MH4450581     1.00   0.00  0.00  0.00  0.99  0.01  0.00  0.00  0.00  0.00
  N285>MH6042164          1.00   0.00  0.00  0.00  1.00  0.00  0.00  0.00  1.00  0.00
  N287>MH1625395          1.00   0.00  0.00  0.00  0.99  0.01  0.00  0.00  1.00  0.00
  MH4447397>MH5241467     1.00   0.00  0.00  0.00  1.00  0.00  0.00  0.00  0.17  0.00
  N293>N294               1.00   0.00  0.00  0.00  0.00  1.00  0.00  0.00  1.00  0.00
  N295>MH4449321          1.00   0.00  0.00  0.00  0.89  0.00  0.00  0.11  0.03  0.00
  N296>N297               1.00   0.00  0.00  0.00  0.00  1.00  0.00  0.00  1.00  0.00
  N298>N299               1.00   0.00  0.00  0.00  0.00  1.00  0.00  0.00  1.00  0.00
  N300>MH4455121          1.00   0.00  0.00  0.00  1.00  0.00  0.00  0.00  0.09  0.00
  MH4450219>N302          1.00   0.00  0.00  0.00  0.00  1.00  0.00  0.00  0.99  0.00
  N303>MH4428765          1.00   0.00  0.00  0.00  0.75  0.00  0.00  0.25  0.75  0.00
  N307>MH1624138          1.00   0.00  0.00  0.00  0.88  0.01  0.00  0.11  0.20  0.00
  MH4452902>MH4452980     1.00   0.00  0.00  0.00  0.00  1.00  0.00  0.00  0.00  0.00
  N311>MH4451333          1.00   0.00  0.00  0.00  0.00  0.00  0.00  1.00  0.00  0.00
  MH1623974>N314          1.00   0.00  0.00  0.00  0.74  0.26  0.00  0.00  0.99  0.00
  MH4428139>MH4428320     1.00   0.00  0.00  0.00  0.00  0.00  0.00  1.00  0.00  0.00
  MH1632309>MH1632398     1.00   0.00  0.00  0.00  0.01  0.99  0.00  0.00  0.04  0.00
  N317>N318               1.00   0.00  0.00  0.00  1.00  0.00  0.00  0.00  1.00  0.00
  N319>MH4447643          1.00   0.00  0.00  0.00  1.00  0.00  0.00  0.00  0.00  0.00
  N321>N322               1.00   0.00  0.00  0.00  0.72  0.28  0.00  0.00  0.97  0.00
  MH4452081>N324          1.00   0.00  0.00  0.00  0.00  1.00  0.00  0.00  0.99  0.00
  MH4447416>MH4447726     1.00   0.00  0.00  0.00  0.93  0.00  0.00  0.07  0.05  0.00
  N325>MH4429357          1.00   0.00  0.00  0.00  1.00  0.00  0.00  0.00  0.10  0.00
  MH4429013>N327          1.00   0.00  0.00  0.00  0.98  0.02  0.00  0.00  0.05  0.00
  MH4448419>N328          1.00   0.00  0.00  0.00  1.00  0.00  0.00  0.00  0.01  0.00
  MH4429468>MH4446883     1.00   0.00  0.00  0.00  0.89  0.00  0.00  0.11  0.02  0.00
  N331>N332               1.00   0.00  0.00  0.00  1.00  0.00  0.00  0.00  1.00  0.00
  MH4451058>MH4451092     1.00   0.00  0.00  0.00  0.00  1.00  0.00  0.00  0.99  0.00
  MH4452217>N334          1.00   0.00  0.00  0.00  1.00  0.00  0.00  0.00  0.05  0.00
  MH4448796>N336          1.00   0.00  0.00  0.00  1.00  0.00  0.00  0.00  1.00  0.00
  N337>MH4500902          1.00   0.00  0.00  0.00  0.00  0.00  0.00  1.00  0.00  0.00
  N339>MH4454411          1.00   0.00  0.00  0.00  1.00  0.00  0.00  0.00  0.27  0.00
  N340>N341               1.00   0.00  0.00  0.00  0.00  1.00  0.00  0.00  1.00  0.00
  MH4448753>MH4449330     1.00   0.00  0.00  0.00  0.00  0.00  0.00  1.00  0.00  0.00
  N343>MH4450211          1.00   0.00  0.00  0.00  0.00  1.00  0.00  0.00  0.99  0.00
  N345>N346               1.00   0.00  0.00  0.00  1.00  0.00  0.00  0.00  0.16  0.00
  N347>MH4453770          1.00   0.00  0.00  0.00  0.99  0.01  0.00  0.00  0.99  0.00
  MH4429527>MH4447397     1.00   0.00  0.00  0.00  1.00  0.00  0.00  0.00  0.21  0.00
  N353>N354               1.00   0.00  0.00  0.00  0.00  1.00  0.00  0.00  1.00  0.00
  MH4450975>N356          1.00   0.00  0.00  0.00  1.00  0.00  0.00  0.00  0.10  0.00
  N357>MH4451840          1.00   0.00  0.00  0.00  0.92  0.00  0.00  0.08  0.02  0.00
  MH4450207>MH4449806     1.00   0.00  0.00  0.00  0.89  0.00  0.00  0.11  0.13  0.00
  MH4453740>N340          1.00   0.00  0.00  0.00  0.00  1.00  0.00  0.00  0.99  0.00
  MH4429179>N361          1.00   0.00  0.00  0.00  0.99  0.01  0.00  0.00  0.09  0.00
  N362>N363               1.00   0.00  0.00  0.00  0.00  1.00  0.00  0.00  0.99  0.00
  MH4449083>N364          1.00   0.00  0.00  0.00  0.00  1.00  0.00  0.00  1.00  0.00
  MH4448662>N365          1.00   0.00  0.00  0.00  0.00  1.00  0.00  0.00  0.99  0.00
  N366>N367               1.00   0.00  0.00  0.00  1.00  0.00  0.00  0.00  0.00  0.00
  MH4452527>MH4452680     1.00   0.00  0.00  0.00  1.00  0.00  0.00  0.00  0.02  0.00
  N163>MH1624769          1.00   0.00  0.00  0.00  0.94  0.00  0.00  0.06  0.03  0.00
  MH4454629>N300          1.00   0.00  0.00  0.00  1.00  0.00  0.00  0.00  0.16  0.00
  N372>MH1624494          1.00   0.00  0.00  0.00  0.00  0.00  0.00  1.00  0.00  0.00
  N375>N230               1.00   0.00  0.00  0.00  0.00  1.00  0.00  0.00  0.99  0.00
  MH4451143>MH4450975     1.00   0.00  0.00  0.00  0.99  0.01  0.00  0.00  0.12  0.00
  MH4450922>MH4451207     1.00   0.00  0.00  0.00  0.99  0.00  0.00  0.01  0.03  0.00
  N379>MH8963773          1.00   0.00  0.00  0.00  0.96  0.01  0.00  0.04  0.10  0.00
  N66>MH4454643           1.00   0.00  0.00  0.00  0.00  1.00  0.00  0.00  0.99  0.00
  MH4454209>N51           1.00   0.00  0.00  0.00  0.00  1.00  0.00  0.00  0.98  0.00
  MH4456108>N382          1.00   0.00  0.00  0.00  0.00  1.00  0.00  0.00  1.00  0.00
  N383>MH4454744          1.00   0.00  0.00  0.00  1.00  0.00  0.00  0.00  1.00  0.00
  MH4426971>X385          1.00   0.00  0.00  0.00  0.00  1.00  0.00  0.00  0.99  0.00
  MH4453970>N192          1.00   0.00  0.00  0.00  1.00  0.00  0.00  0.00  0.10  0.00
  N387>MH4453512          1.00   0.00  0.00  0.00  0.78  0.00  0.00  0.21  0.14  0.00
  N389>MH6153571          1.00   0.00  0.00  0.00  0.83  0.04  0.00  0.13  0.87  0.00
  MH4498454>N391          1.00   0.00  0.00  0.00  0.00  1.00  0.00  0.00  0.98  0.00
  N394>MH4429503          1.00   0.00  0.00  0.00  0.90  0.06  0.00  0.04  0.06  0.00
  MH4429645>N397          1.00   0.00  0.00  0.00  0.80  0.20  0.00  0.00  0.22  0.00
  MH4452011>MH4451871     1.00   0.00  0.00  0.00  1.00  0.00  0.00  0.00  0.04  0.00
  N328>MH4449103          1.00   0.00  0.00  0.00  1.00  0.00  0.00  0.00  0.00  0.00
  N401>MH4502097          1.00   0.00  0.00  0.00  0.92  0.00  0.00  0.08  0.18  0.00
  N278>MH4499048          1.00   0.00  0.00  0.00  0.00  1.00  0.00  0.00  1.00  0.00
  N403>MH4428524          1.00   0.00  0.00  0.00  0.95  0.05  0.00  0.00  1.00  0.00
  MH4499729>N405          1.00   0.00  0.00  0.00  0.00  1.00  0.00  0.00  0.99  0.00
  N406>MH4456532          1.00   0.00  0.00  0.00  0.00  0.00  0.00  1.00  0.00  0.00
  N408>MH4454376          1.00   0.00  0.00  0.00  0.94  0.00  0.00  0.06  0.03  0.00
  MH1629281>N411          1.00   0.00  0.00  0.00  0.01  0.99  0.00  0.00  0.99  0.00
  N412>MH4499323          1.00   0.00  0.00  0.00  0.00  1.00  0.00  0.00  1.00  0.00
  N414>MH1623928          1.00   0.00  0.00  0.00  1.00  0.00  0.00  0.00  0.00  0.00
  N416>MH4428920          1.00   0.00  0.00  0.00  0.78  0.22  0.00  0.00  1.00  0.00
  MH4453124>N418          1.00   0.00  0.00  0.00  0.00  1.00  0.00  0.00  0.99  0.00
  MH4451871>N419          1.00   0.00  0.00  0.00  1.00  0.00  0.00  0.00  0.04  0.00
  N422>MH4450922          1.00   0.00  0.00  0.00  0.96  0.04  0.00  0.00  0.01  0.00
  MH4449849>MH4449785     1.00   0.00  0.00  0.00  0.97  0.00  0.00  0.03  0.01  0.00
  MH4455780>N426          1.00   0.00  0.00  0.00  0.00  1.00  0.00  0.00  1.00  0.00
  MH4450757>N427          1.00   0.00  0.00  0.00  0.00  1.00  0.00  0.00  0.98  0.00
  N3>MH4454629            1.00   0.00  0.00  0.00  1.00  0.00  0.00  0.00  0.02  0.00
  MH4429019>MH7465841     1.00   0.00  0.00  0.00  0.00  1.00  0.00  0.00  0.98  0.00
  N222>N148               1.00   0.00  0.00  0.00  0.00  1.00  0.00  0.00  1.00  0.00
  N431>N432               1.00   0.00  0.00  0.00  1.00  0.00  0.00  0.00  0.10  0.00
  N25>MH4447394           1.00   0.00  0.00  0.00  0.98  0.00  0.00  0.02  0.02  0.00
  N434>N98                1.00   0.00  0.00  0.00  0.00  1.00  0.00  0.00  0.99  0.00
  MH1624138>MH1624769     1.00   0.00  0.00  0.00  1.00  0.00  0.00  0.00  0.02  0.00
  MH4453315>MH4453553     1.00   0.00  0.00  0.00  1.00  0.00  0.00  0.00  0.99  0.00
  MH4428426>MH4428245     1.00   0.00  0.00  0.00  0.00  0.00  0.00  1.00  0.00  0.00
  N439>N440               1.00   0.00  0.00  0.00  0.98  0.02  0.00  0.00  0.03  0.00
  MH4450378>MH4450554     1.00   0.00  0.00  0.00  0.96  0.00  0.00  0.04  0.00  0.00
  MH1631057>MH1631514     1.00   0.00  0.00  0.00  0.00  1.00  0.00  0.00  0.18  0.00
  MH6153571>N414          1.00   0.00  0.00  0.00  1.00  0.00  0.00  0.00  0.00  0.00
  N445>N446               1.00   0.00  0.00  0.00  1.00  0.00  0.00  0.00  1.00  0.00
  N447>MH4427095          1.00   0.00  0.00  0.00  1.00  0.00  0.00  0.00  0.00  0.00
  MH4427688>N166          1.00   0.00  0.00  0.00  0.00  1.00  0.00  0.00  0.99  0.00
  N450>MH4455516          1.00   0.00  0.00  0.00  0.99  0.01  0.00  0.00  0.99  0.00
  MH1623725>N453          1.00   0.00  0.00  0.00  0.00  1.00  0.00  0.00  0.98  0.00
  N455>N456               1.00   0.00  0.00  0.00  0.00  1.00  0.00  0.00  1.00  0.00
  N72>N178                1.00   0.00  0.00  0.00  0.00  1.00  0.00  0.00  0.98  0.00
  N457>N287               1.00   0.00  0.00  0.00  1.00  0.00  0.00  0.00  1.00  0.00
  N458>MH4456551          1.00   0.00  0.00  0.00  0.01  0.99  0.00  0.00  0.99  0.00
  MH4428995>N460          1.00   0.00  0.00  0.00  1.00  0.00  0.00  0.00  0.13  0.00
  N461>N416               1.00   0.00  0.00  0.00  0.00  1.00  0.00  0.00  1.00  0.00
  N341>MH4454490          1.00   0.00  0.00  0.00  0.00  1.00  0.00  0.00  0.99  0.00
  N432>MH4453489          1.00   0.00  0.00  0.00  1.00  0.00  0.00  0.00  0.07  0.00
  MH4449436>N464          1.00   0.00  0.00  0.00  0.00  1.00  0.00  0.00  1.00  0.00
  N465>MH4448509          1.00   0.00  0.00  0.00  1.00  0.00  0.00  0.00  0.16  0.00
  MH4428920>N466          1.00   0.00  0.00  0.00  0.84  0.16  0.00  0.00  0.21  0.00
  N467>N468               1.00   0.00  0.00  0.00  1.00  0.00  0.00  0.00  1.00  0.00
  MH4455808>N470          1.00   0.00  0.00  0.00  0.00  1.00  0.00  0.00  0.99  0.00
  N471>N472               1.00   0.00  0.00  0.00  0.98  0.02  0.00  0.00  0.97  0.00
  N473>MH1623974          1.00   0.00  0.00  0.00  0.99  0.01  0.00  0.00  0.99  0.00
  N474>MH4450920          1.00   0.00  0.00  0.00  1.00  0.00  0.00  0.00  1.00  0.00
  MH4451516>N477          1.00   0.00  0.00  0.00  0.00  1.00  0.00  0.00  0.99  0.00
  MH4452994>N431          1.00   0.00  0.00  0.00  1.00  0.00  0.00  0.00  0.03  0.00
  MH4452189>N366          1.00   0.00  0.00  0.00  1.00  0.00  0.00  0.00  0.02  0.00
  MH4449882>MH4449704     1.00   0.00  0.00  0.00  0.92  0.00  0.00  0.08  0.00  0.00
  MH1629073>N157          1.00   0.00  0.00  0.00  0.00  1.00  0.00  0.00  0.99  0.00
  MH1623928>MH1624138     1.00   0.00  0.00  0.00  1.00  0.00  0.00  0.00  0.04  0.00
  N482>MH4452721          1.00   0.00  0.00  0.00  0.00  1.00  0.00  0.00  1.00  0.00
  N361>MH4429503          1.00   0.00  0.00  0.00  0.96  0.00  0.00  0.04  0.05  0.00
  N483>MH4429320          1.00   0.00  0.00  0.00  1.00  0.00  0.00  0.00  0.23  0.00
  MH4451945>N208          1.00   0.00  0.00  0.00  0.92  0.08  0.00  0.00  0.01  0.00
  N486>N487               1.00   0.00  0.00  0.00  0.00  0.00  0.00  1.00  0.00  0.00
  N488>N489               1.00   0.00  0.00  0.00  0.00  1.00  0.00  0.00  1.00  0.00
  MH4453489>MH4453579     1.00   0.00  0.00  0.00  0.96  0.00  0.00  0.04  0.02  0.00
  MH4427095>N490          1.00   0.00  0.00  0.00  0.99  0.01  0.00  0.00  0.00  0.00
  N491>N492               1.00   0.00  0.00  0.00  0.00  1.00  0.00  0.00  1.00  0.00
  MH4452809>MH4452632     1.00   0.00  0.00  0.00  1.00  0.00  0.00  0.00  0.08  0.00
  N498>MH5286735          1.00   0.00  0.00  0.00  0.99  0.01  0.00  0.00  1.00  0.00
  N499>MH4456553          1.00   0.00  0.00  0.00  1.00  0.00  0.00  0.00  0.00  0.00
  MH4453981>N501          1.00   0.00  0.00  0.00  0.00  1.00  0.00  0.00  1.00  0.00
  N354>N108               1.00   0.00  0.00  0.00  0.00  1.00  0.00  0.00  1.00  0.00
  MH4456532>N71           1.00   0.00  0.00  0.00  0.00  1.00  0.00  0.00  0.97  0.00
  N505>MH4450207          1.00   0.00  0.00  0.00  0.74  0.00  0.00  0.26  0.02  0.00
  MH4320104>N507          1.00   0.00  0.00  0.00  1.00  0.00  0.00  0.00  0.97  0.00
  MH4447351>N510          1.00   0.00  0.00  0.00  0.00  1.00  0.00  0.00  0.99  0.00
  N336>N511               1.00   0.00  0.00  0.00  0.99  0.01  0.00  0.00  1.00  0.00
  MH4426673>N515          1.00   0.00  0.00  0.00  0.00  1.00  0.00  0.00  1.00  0.00
  MH4450077>N517          1.00   0.00  0.00  0.00  0.00  1.00  0.00  0.00  0.99  0.00
  MH4428836>MH4429107     1.00   0.00  0.00  0.00  0.99  0.01  0.00  0.00  0.18  0.00
  MH4453553>MH4453740     1.00   0.00  0.00  0.00  0.00  1.00  0.00  0.00  0.99  0.00
  N522>MH4450170          1.00   0.00  0.00  0.00  0.99  0.01  0.00  0.00  0.99  0.00
  MH4429656>MH4447643     1.00   0.00  0.00  0.00  0.96  0.00  0.00  0.04  0.06  0.00
  MH4450617>N343          1.00   0.00  0.00  0.00  0.00  1.00  0.00  0.00  0.00  0.00
  MH4448392>MH4448813     1.00   0.00  0.00  0.00  1.00  0.00  0.00  0.00  0.99  0.00
  MH4449913>N530          1.00   0.00  0.00  0.00  1.00  0.00  0.00  0.00  0.00  0.00
  MH4427309>N85           1.00   0.00  0.00  0.00  0.00  1.00  0.00  0.00  0.99  0.00
  N532>N533               1.00   0.00  0.00  0.00  0.99  0.01  0.00  0.00  0.99  0.00
  N534>MH1625316          1.00   0.00  0.00  0.00  1.00  0.00  0.00  0.00  1.00  0.00
  MH4450137>N536          1.00   0.00  0.00  0.00  1.00  0.00  0.00  0.00  0.04  0.00
  MH4429584>MH4429544     1.00   0.00  0.00  0.00  0.87  0.00  0.00  0.13  0.01  0.00
  N426>N100               1.00   0.00  0.00  0.00  0.00  1.00  0.00  0.00  0.01  0.00
  MH4452721>MH4452946     1.00   0.00  0.00  0.00  0.99  0.01  0.00  0.00  0.98  0.00
  N542>MH4428797          1.00   0.00  0.00  0.00  0.00  0.00  0.00  1.00  0.00  0.00
  N544>MH4451468          1.00   0.00  0.00  0.00  0.98  0.02  0.00  0.00  1.00  0.00
  MH4450391>MH4450531     1.00   0.00  0.00  0.00  0.98  0.02  0.00  0.00  0.00  0.00
  N1>MH1629194            1.00   0.00  0.00  0.00  1.00  0.00  0.00  0.00  0.02  0.00
  N62>MH6042164           1.00   0.00  0.00  0.00  0.00  1.00  0.00  0.00  0.00  0.00
  N549>N307               1.00   0.00  0.00  0.00  0.68  0.32  0.00  0.00  0.98  0.00
  MH4453579>N550          1.00   0.00  0.00  0.00  1.00  0.00  0.00  0.00  0.01  0.00
  MH4449977>N552          1.00   0.00  0.00  0.00  0.87  0.13  0.00  0.00  0.18  0.00
  N553>N554               1.00   0.00  0.00  0.00  0.00  1.00  0.00  0.00  0.00  0.00
  MH1625395>N549          1.00   0.00  0.00  0.00  0.00  1.00  0.00  0.00  0.99  0.00
  N557>MH4454125          1.00   0.00  0.00  0.00  0.87  0.00  0.00  0.13  0.04  0.00
  N559>N560               1.00   0.00  0.00  0.00  0.99  0.01  0.00  0.00  0.99  0.00
  N561>MH1629281          1.00   0.00  0.00  0.00  1.00  0.00  0.00  0.00  0.00  0.00
  N562>N563               1.00   0.00  0.00  0.00  0.00  1.00  0.00  0.00  0.98  0.00
  N564>MH4453047          1.00   0.00  0.00  0.00  1.00  0.00  0.00  0.00  1.00  0.00
  N517>MH4449436          1.00   0.00  0.00  0.00  0.00  1.00  0.00  0.00  1.00  0.00
  N566>MH4428268          1.00   0.00  0.00  0.00  0.67  0.02  0.00  0.32  0.68  0.00
  N567>MH4455813          1.00   0.00  0.00  0.00  1.00  0.00  0.00  0.00  1.00  0.00
  N569>MH4499632          1.00   0.00  0.00  0.00  1.00  0.00  0.00  0.00  1.00  0.00
  MH4451576>N573          1.00   0.00  0.00  0.00  0.00  1.00  0.00  0.00  1.00  0.00
  N574>MH4499417          1.00   0.00  0.00  0.00  0.00  1.00  0.00  0.00  1.00  0.00
  MH4452980>N576          1.00   0.00  0.00  0.00  0.00  1.00  0.00  0.00  1.00  0.00
  N577>MH4452527          1.00   0.00  0.00  0.00  0.95  0.00  0.00  0.05  0.06  0.00
  N578>MH4447394          1.00   0.00  0.00  0.00  0.97  0.00  0.00  0.03  0.00  0.00
  N581>MH4499729          1.00   0.00  0.00  0.00  0.00  0.00  0.00  1.00  0.00  0.00
  N582>MH4450193          1.00   0.00  0.00  0.00  0.97  0.00  0.00  0.03  0.07  0.00
  N511>MH4449635          1.00   0.00  0.00  0.00  0.00  1.00  0.00  0.00  0.99  0.00
  N585>MH4454657          1.00   0.00  0.00  0.00  0.99  0.01  0.00  0.00  0.99  0.00
  N587>MH4450757          1.00   0.00  0.00  0.00  0.99  0.01  0.00  0.00  0.99  0.00
  MH4428800>MH4429035     1.00   0.00  0.00  0.00  0.57  0.43  0.00  0.00  0.99  0.00
  MH6042164>N589          1.00   0.00  0.00  0.00  0.00  1.00  0.00  0.00  1.00  0.00
  N302>N587               1.00   0.00  0.00  0.00  0.00  1.00  0.00  0.00  0.99  0.00
  N592>N268               1.00   0.00  0.00  0.00  0.00  1.00  0.00  0.00  0.99  0.00
  MH4447369>N593          1.00   0.00  0.00  0.00  0.00  1.00  0.00  0.00  0.99  0.00
  N477>MH4452071          1.00   0.00  0.00  0.00  0.00  1.00  0.00  0.00  0.99  0.00
  N191>N595               1.00   0.00  0.00  0.00  0.00  1.00  0.00  0.00  0.96  0.00
  N596>MH4451516          1.00   0.00  0.00  0.00  0.00  1.00  0.00  0.00  0.99  0.00
  N560>N145               1.00   0.00  0.00  0.00  0.99  0.01  0.00  0.00  1.00  0.00
  N597>N246               1.00   0.00  0.00  0.00  1.00  0.00  0.00  0.00  0.99  0.00
  MH4449118>MH4448345     1.00   0.00  0.00  0.00  0.99  0.01  0.00  0.00  0.03  0.00
  MH4447394>N599          1.00   0.00  0.00  0.00  1.00  0.00  0.00  0.00  0.00  0.00
  N405>N600               1.00   0.00  0.00  0.00  0.00  0.00  0.00  1.00  0.00  0.00
  MH4454876>N375          1.00   0.00  0.00  0.00  0.00  1.00  0.00  0.00  1.00  0.00
  N231>MH4455429          1.00   0.00  0.00  0.00  0.00  1.00  0.00  0.00  0.00  0.00
  MH4450554>MH4450449     1.00   0.00  0.00  0.00  0.95  0.00  0.00  0.05  0.00  0.00
  MH4448762>N605          1.00   0.00  0.00  0.00  1.00  0.00  0.00  0.00  0.11  0.00
  MH1632398>OUT           1.00   0.00  0.00  0.00  0.00  1.00  0.00  0.00  0.04  0.00
  N607>MH4454901          1.00   0.00  0.00  0.00  0.00  0.00  0.00  1.00  0.00  0.00
  N609>N610               1.00   0.00  0.00  0.00  0.75  0.25  0.00  0.00  0.36  0.00
  N15>N611                1.00   0.00  0.00  0.00  0.99  0.01  0.00  0.00  0.99  0.00
  N612>MH1624202          1.00   0.00  0.00  0.00  0.00  0.00  0.00  1.00  0.00  0.00
  N614>MH1629073          1.00   0.00  0.00  0.00  0.00  1.00  0.00  0.00  1.00  0.00
  N615>N585               1.00   0.00  0.00  0.00  0.00  1.00  0.00  0.00  1.00  0.00
  N31>MH4454901           1.00   0.00  0.00  0.00  0.00  1.00  0.00  0.00  1.00  0.00
  MH4429503>N319          1.00   0.00  0.00  0.00  1.00  0.00  0.00  0.00  0.02  0.00
  MH4428524>N553          1.00   0.00  0.00  0.00  0.00  1.00  0.00  0.00  0.98  0.00
  N616>MH4454195          1.00   0.00  0.00  0.00  1.00  0.00  0.00  0.00  0.12  0.00
  MH4453512>N618          1.00   0.00  0.00  0.00  1.00  0.00  0.00  0.00  0.18  0.00
  N530>MH4450449          1.00   0.00  0.00  0.00  0.97  0.00  0.00  0.03  0.00  0.00
  N619>MH4499632          1.00   0.00  0.00  0.00  0.00  0.00  0.00  1.00  0.00  0.00
  N260>N620               1.00   0.00  0.00  0.00  0.99  0.01  0.00  0.00  0.99  0.00
  N211>MH1631057          1.00   0.00  0.00  0.00  1.00  0.00  0.00  0.00  0.00  0.00
  N621>MH1626450          1.00   0.00  0.00  0.00  0.00  1.00  0.00  0.00  0.99  0.00
  N623>MH1626578          1.00   0.00  0.00  0.00  1.00  0.00  0.00  0.00  1.00  0.00
  N625>N626               1.00   0.00  0.00  0.00  0.00  1.00  0.00  0.00  0.99  0.00
  MH4429411>MH4429136     1.00   0.00  0.00  0.00  1.00  0.00  0.00  0.00  0.10  0.00
  N276>MH4501851          1.00   0.00  0.00  0.00  1.00  0.00  0.00  0.00  0.34  0.00
  N630>N631               1.00   0.00  0.00  0.00  1.00  0.00  0.00  0.00  1.00  0.00
  N632>MH4452538          1.00   0.00  0.00  0.00  0.00  1.00  0.00  0.00  1.00  0.00
  N633>N232               1.00   0.00  0.00  0.00  0.00  1.00  0.00  0.00  1.00  0.00
  N634>N488               1.00   0.00  0.00  0.00  0.00  1.00  0.00  0.00  1.00  0.00
  N554>MH4429019          1.00   0.00  0.00  0.00  0.00  0.00  0.00  1.00  0.00  0.00
  MH1790845>MH4456372     1.00   0.00  0.00  0.00  0.00  0.00  0.00  1.00  0.00  0.00
  MH5216010>N353          1.00   0.00  0.00  0.00  0.00  1.00  0.00  0.00  1.00  0.00
  N640>N8                 1.00   0.00  0.00  0.00  0.00  1.00  0.00  0.00  1.00  0.00
  MH4498407>MH4498454     1.00   0.00  0.00  0.00  0.01  0.99  0.00  0.00  1.00  0.00
  N324>N482               1.00   0.00  0.00  0.00  0.00  1.00  0.00  0.00  0.99  0.00
  N642>MH4453748          1.00   0.00  0.00  0.00  0.99  0.01  0.00  0.00  0.17  0.00
  N644>MH4429136          1.00   0.00  0.00  0.00  0.98  0.02  0.00  0.00  0.03  0.00
  N645>N339               1.00   0.00  0.00  0.00  1.00  0.00  0.00  0.00  0.36  0.00
  N124>MH4429312          1.00   0.00  0.00  0.00  0.98  0.00  0.00  0.02  0.15  0.00
  N646>MH4452632          1.00   0.00  0.00  0.00  0.92  0.00  0.00  0.08  0.02  0.00
  N647>MH4427312          1.00   0.00  0.00  0.00  0.00  0.00  0.00  1.00  0.00  0.00
  N649>MH4450922          1.00   0.00  0.00  0.00  0.97  0.00  0.00  0.03  0.00  0.00
  MH4449103>MH4449173     1.00   0.00  0.00  0.00  0.99  0.01  0.00  0.00  0.02  0.00
  MH4446883>MH4429656     1.00   0.00  0.00  0.00  1.00  0.00  0.00  0.00  0.10  0.00
  N318>N83                1.00   0.00  0.00  0.00  0.99  0.01  0.00  0.00  0.99  0.00
  N650>N28                1.00   0.00  0.00  0.00  0.00  1.00  0.00  0.00  1.00  0.00
  N552>MH4449704          1.00   0.00  0.00  0.00  0.99  0.01  0.00  0.00  0.13  0.00
  MH4455909>N499          1.00   0.00  0.00  0.00  1.00  0.00  0.00  0.00  0.01  0.00
  MH4451113>N652          1.00   0.00  0.00  0.00  0.00  1.00  0.00  0.00  1.00  0.00
  MH4450100>MH4450180     1.00   0.00  0.00  0.00  0.90  0.00  0.00  0.10  0.90  0.00
  N655>N656               1.00   0.00  0.00  0.00  0.74  0.26  0.00  0.00  1.00  0.00
  N599>MH4448345          1.00   0.00  0.00  0.00  1.00  0.00  0.00  0.00  0.00  0.00
  MH4429323>N658          1.00   0.00  0.00  0.00  0.99  0.01  0.00  0.00  1.00  0.00
  N659>N660               1.00   0.00  0.00  0.00  0.00  1.00  0.00  0.00  1.00  0.00
  MH4449920>N137          1.00   0.00  0.00  0.00  0.00  1.00  0.00  0.00  1.00  0.00
  N662>MH1790382          1.00   0.00  0.00  0.00  0.99  0.01  0.00  0.00  0.99  0.00
  N664>N665               1.00   0.00  0.00  0.00  1.00  0.00  0.00  0.00  1.00  0.00
  N666>MH4455602          1.00   0.00  0.00  0.00  0.00  1.00  0.00  0.00  0.00  0.00
  N668>MH4452902          1.00   0.00  0.00  0.00  0.00  1.00  0.00  0.00  1.00  0.00
  MH4429471>MH4447128     1.00   0.00  0.00  0.00  0.89  0.00  0.00  0.11  0.04  0.00
  N271>MH4455121          1.00   0.00  0.00  0.00  1.00  0.00  0.00  0.00  0.01  0.00
  N670>MH4451886          1.00   0.00  0.00  0.00  0.95  0.00  0.00  0.05  0.02  0.00
  N672>MH4499417          1.00   0.00  0.00  0.00  0.00  0.00  0.00  1.00  0.00  0.00
  N673>N674               1.00   0.00  0.00  0.00  0.00  1.00  0.00  0.00  0.99  0.00
  N675>MH4447394          1.00   0.00  0.00  0.00  0.99  0.00  0.00  0.01  0.03  0.00
  N676>MH4447128          1.00   0.00  0.00  0.00  1.00  0.00  0.00  0.00  0.13  0.00
  MH4501851>MH4501866     1.00   0.00  0.00  0.00  1.00  0.00  0.00  0.00  0.02  0.00
  N677>MH4450802          1.00   0.00  0.00  0.00  0.00  1.00  0.00  0.00  0.99  0.00
  N281>MH4449920          1.00   0.00  0.00  0.00  0.00  1.00  0.00  0.00  0.99  0.00
  MH4447506>N261          1.00   0.00  0.00  0.00  1.00  0.00  0.00  0.00  1.00  0.00
  MH4428245>MH4428606     1.00   0.00  0.00  0.00  0.78  0.22  0.00  0.00  1.00  0.00
  N43>MH4429499           1.00   0.00  0.00  0.00  0.99  0.01  0.00  0.00  0.00  0.00
  MH4447643>MH4447691     1.00   0.00  0.00  0.00  1.00  0.00  0.00  0.00  0.01  0.00
  N683>N280               1.00   0.00  0.00  0.00  0.00  1.00  0.00  0.00  1.00  0.00
  MH4446824>N180          1.00   0.00  0.00  0.00  0.80  0.20  0.00  0.00  0.23  0.00
  MH4447602>MH4429645     1.00   0.00  0.00  0.00  0.78  0.00  0.00  0.22  0.08  0.00
  MH4453770>N615          1.00   0.00  0.00  0.00  1.00  0.00  0.00  0.00  0.00  0.00
  N489>MH4449485          1.00   0.00  0.00  0.00  1.00  0.00  0.00  0.00  1.00  0.00
  N685>N686               1.00   0.00  0.00  0.00  0.00  1.00  0.00  0.00  0.00  0.00
  MH4429499>N578          1.00   0.00  0.00  0.00  0.99  0.01  0.00  0.00  0.00  0.00
  N687>N688               1.00   0.00  0.00  0.00  0.72  0.28  0.00  0.00  0.86  0.00
  N150>MH4500902          1.00   0.00  0.00  0.00  0.00  1.00  0.00  0.00  1.00  0.00
  MH5233531>N690          1.00   0.00  0.00  0.00  0.01  0.99  0.00  0.00  0.98  0.00
  N691>MH4448762          1.00   0.00  0.00  0.00  1.00  0.00  0.00  0.00  0.14  0.00
  N652>N692               1.00   0.00  0.00  0.00  0.00  1.00  0.00  0.00  0.99  0.00
  N693>N675               1.00   0.00  0.00  0.00  0.96  0.04  0.00  0.00  0.03  0.00
  MH4456468>N694          1.00   0.00  0.00  0.00  1.00  0.00  0.00  0.00  1.00  0.00
  N695>MH4428146          1.00   0.00  0.00  0.00  0.00  1.00  0.00  0.00  1.00  0.00
  N698>N699               1.00   0.00  0.00  0.00  1.00  0.00  0.00  0.00  1.00  0.00
  N700>MH4428096          1.00   0.00  0.00  0.00  0.98  0.02  0.00  0.00  0.00  0.00
  N702>MH4450167          1.00   0.00  0.00  0.00  0.86  0.00  0.00  0.14  0.03  0.00
  N704>N705               1.00   0.00  0.00  0.00  0.00  1.00  0.00  0.00  0.98  0.00
  N706>MH5118586          1.00   0.00  0.00  0.00  0.00  0.00  0.00  1.00  0.00  0.00
  MH1630330>MH1630926     1.00   0.00  0.00  0.00  1.00  0.00  0.00  0.00  0.97  0.00
  MH4500043>N434          1.00   0.00  0.00  0.00  0.00  1.00  0.00  0.00  0.98  0.00
  N229>N128               1.00   0.00  0.00  0.00  0.99  0.01  0.00  0.00  1.00  0.00
  MH4454993>MH5233531     1.00   0.00  0.00  0.00  0.00  1.00  0.00  0.00  0.98  0.00
  MH4455762>N270          1.00   0.00  0.01  0.00  0.79  0.21  0.00  0.00  0.99  0.00
  N711>MH4448853          1.00   0.00  0.00  0.00  1.00  0.00  0.00  0.00  0.03  0.00
  MH1626450>MH4501544     1.00   0.00  0.00  0.00  0.93  0.00  0.00  0.07  0.93  0.00
  N713>MH4456551          1.00   0.00  0.00  0.00  0.99  0.01  0.00  0.00  1.00  0.00
  N714>MH4454490          1.00   0.00  0.00  0.00  0.00  1.00  0.00  0.00  0.99  0.00
  N715>MH4454195          1.00   0.00  0.00  0.00  0.87  0.00  0.00  0.13  0.03  0.00
  N716>MH4450077          1.00   0.00  0.00  0.00  0.00  1.00  0.00  0.00  1.00  0.00
  MH4453133>N717          1.00   0.00  0.00  0.00  1.00  0.00  0.00  0.00  0.01  0.00
  N411>MH1629888          1.00   0.00  0.00  0.00  0.97  0.03  0.00  0.00  0.98  0.00
  N719>MH1626578          1.00   0.00  0.00  0.00  1.00  0.00  0.00  0.00  0.99  0.00
  N720>N18                1.00   0.00  0.00  0.00  1.00  0.00  0.00  0.00  1.00  0.00
  MH4427714>N722          1.00   0.00  0.00  0.00  0.00  1.00  0.00  0.00  1.00  0.00
  N723>MH4450314          1.00   0.00  0.00  0.00  0.00  1.00  0.00  0.00  1.00  0.00
  MH4450332>MH4450167     1.00   0.00  0.00  0.00  1.00  0.00  0.00  0.00  0.08  0.00
  N725>MH4498407          1.00   0.00  0.00  0.00  0.00  1.00  0.00  0.00  0.00  0.00
  N717>N53                1.00   0.00  0.00  0.00  1.00  0.00  0.00  0.00  0.26  0.00
  N453>N458               1.00   0.00  0.00  0.00  0.00  1.00  0.00  0.00  0.97  0.00
  N492>MH4427714          1.00   0.00  0.00  0.00  0.00  1.00  0.00  0.00  1.00  0.00
  N726>N727               1.00   0.00  0.00  0.00  0.98  0.02  0.00  0.00  0.01  0.00
  N728>MH1623725          1.00   0.00  0.00  0.00  1.00  0.00  0.00  0.00  1.00  0.00
  MH4450167>MH4449849     1.00   0.00  0.00  0.00  0.99  0.01  0.00  0.00  0.04  0.00
  N729>MH4452952          1.00   0.00  0.00  0.00  1.00  0.00  0.00  0.00  1.00  0.00
  N247>MH1629194          1.00   0.00  0.00  0.00  0.91  0.00  0.00  0.09  0.23  0.00
  N250>N206               1.00   0.00  0.00  0.00  1.00  0.00  0.00  0.00  0.02  0.00
  N734>N735               1.00   0.00  0.00  0.00  0.00  1.00  0.00  0.00  1.00  0.00
  MH4449510>N625          1.00   0.00  0.00  0.00  0.00  1.00  0.00  0.00  0.98  0.00
  N736>MH4449913          1.00   0.00  0.00  0.00  0.93  0.00  0.00  0.07  0.02  0.00
  N737>N738               1.00   0.00  0.00  0.00  0.98  0.02  0.00  0.00  0.09  0.00
  MH4450581>N649          1.00   0.00  0.00  0.00  0.98  0.02  0.00  0.00  0.00  0.00
  N472>MH4455780          1.00   0.00  0.00  0.00  0.00  0.00  0.00  1.00  0.00  0.00
  N741>MH4426188          1.00   0.00  0.00  0.00  0.96  0.04  0.00  0.00  0.06  0.00
  N327>MH4429312          1.00   0.00  0.00  0.00  0.99  0.01  0.00  0.00  0.05  0.00
  N515>MH4426979          1.00   0.00  0.00  0.00  0.00  1.00  0.00  0.00  0.99  0.00
  N745>MH4455191          1.00   0.00  0.00  0.00  0.01  0.99  0.00  0.00  0.00  0.00
  MH4454312>N748          1.00   0.00  0.00  0.00  0.62  0.38  0.00  0.00  0.99  0.00
  N749>MH4455121          1.00   0.00  0.00  0.00  1.00  0.00  0.00  0.00  0.03  0.00
  N750>N700               1.00   0.00  0.00  0.00  0.98  0.02  0.00  0.00  0.01  0.00
  N751>MH4427849          1.00   0.00  0.00  0.00  0.99  0.01  0.00  0.00  1.00  0.00
  N753>MH4452994          1.00   0.00  0.00  0.00  0.85  0.15  0.00  0.00  0.99  0.00
  N754>N34                1.00   0.00  0.00  0.00  1.00  0.00  0.00  0.00  0.99  0.00
  N755>MH4453970          1.00   0.00  0.00  0.00  1.00  0.00  0.00  0.00  0.00  0.00
  N756>MH1625959          1.00   0.00  0.00  0.00  0.00  0.00  0.00  1.00  0.00  0.00
  N427>N758               1.00   0.00  0.00  0.00  0.00  1.00  0.00  0.00  0.97  0.00
  N275>MH4427309          1.00   0.00  0.00  0.00  1.00  0.00  0.00  0.00  1.00  0.00
  N762>MH4447369          1.00   0.00  0.00  0.00  1.00  0.00  0.00  0.00  1.00  0.00
  MH5241467>N691          1.00   0.00  0.00  0.00  1.00  0.00  0.00  0.00  0.16  0.00
  MH4452977>N763          1.00   0.00  0.00  0.00  1.00  0.00  0.00  0.00  0.09  0.00
  N764>MH4429323          1.00   0.00  0.00  0.00  0.99  0.01  0.00  0.00  0.99  0.00
  MH4498291>MH4498454     1.00   0.00  0.00  0.00  0.00  0.00  0.00  1.00  0.00  0.00
  MH4453748>N766          1.00   0.00  0.00  0.00  1.00  0.00  0.00  0.00  0.12  0.00
  MH5164627>N630          1.00   0.00  0.00  0.00  1.00  0.00  0.00  0.00  1.00  0.00
  MH4452724>N768          1.00   0.00  0.00  0.00  1.00  0.00  0.00  0.00  0.99  0.00
  MH4453850>MH4454009     1.00   0.00  0.00  0.00  1.00  0.00  0.00  0.00  0.17  0.00
  N234>N771               1.00   0.00  0.00  0.00  0.00  1.00  0.00  0.00  0.99  0.00
  N772>MH4453031          1.00   0.00  0.00  0.00  1.00  0.00  0.00  0.00  1.00  0.00
  MH1626189>N47           1.00   0.00  0.00  0.00  1.00  0.00  0.00  0.00  0.00  0.00
  N777>N778               1.00   0.00  0.00  0.00  0.00  1.00  0.00  0.00  1.00  0.00
  N779>MH4428606          1.00   0.00  0.00  0.00  0.77  0.01  0.00  0.22  0.78  0.00
  MH4456551>N609          1.00   0.00  0.00  0.00  0.59  0.41  0.00  0.00  0.97  0.00
  N205>N780               1.00   0.00  0.00  0.00  0.00  1.00  0.00  0.00  1.00  0.00
  N781>MH4449118          1.00   0.00  0.00  0.00  0.95  0.02  0.00  0.03  0.12  0.00
  N391>MH4499059          1.00   0.00  0.00  0.00  0.00  1.00  0.00  0.00  1.00  0.00
  N783>N337               1.00   0.00  0.00  0.00  0.00  1.00  0.00  0.00  0.99  0.00
  MH4451673>MH4451871     1.00   0.00  0.00  0.00  0.99  0.01  0.00  0.00  0.05  0.00
  N460>MH4429357          1.00   0.00  0.00  0.00  1.00  0.00  0.00  0.00  0.11  0.00
  MH4454901>N714          1.00   0.00  0.00  0.00  0.00  1.00  0.00  0.00  1.00  0.00
  N363>N446               1.00   0.00  0.00  0.00  1.00  0.00  0.00  0.00  0.00  0.00
  N787>MH4451945          1.00   0.00  0.00  0.00  0.90  0.10  0.00  0.00  0.16  0.00
  N788>MH5241467          1.00   0.00  0.00  0.00  0.83  0.00  0.00  0.17  0.02  0.00
  N789>N670               1.00   0.00  0.00  0.00  0.99  0.01  0.00  0.00  0.10  0.00
  MH4447346>N198          1.00   0.00  0.00  0.00  1.00  0.00  0.00  0.00  0.17  0.00
  MH4455602>MH4455780     1.00   0.00  0.00  0.00  0.00  1.00  0.00  0.00  1.00  0.00
  N501>N791               1.00   0.00  0.00  0.00  0.00  1.00  0.00  0.00  1.00  0.00
  MH4450314>N792          1.00   0.00  0.00  0.00  0.00  1.00  0.00  0.00  1.00  0.00
  MH4427659>X570          1.00   0.00  0.00  0.00  0.00  1.00  0.00  0.00  0.00  0.00
  MH4454376>N794          1.00   0.00  0.00  0.00  1.00  0.00  0.00  0.00  0.01  0.00
  N795>MH4447506          1.00   0.00  0.00  0.00  0.99  0.01  0.00  0.00  0.99  0.00
  MH4450193>MH4450378     1.00   0.00  0.00  0.00  1.00  0.00  0.00  0.00  0.01  0.00
  N796>MH4499059          1.00   0.00  0.00  0.00  0.00  0.00  0.00  1.00  0.00  0.00
  N563>MH4428836          1.00   0.00  0.00  0.00  0.80  0.00  0.00  0.20  0.80  0.00
  MH4428026>N566          1.00   0.00  0.00  0.00  0.00  1.00  0.00  0.00  0.99  0.00
  MH1626578>N89           1.00   0.00  0.00  0.00  1.00  0.00  0.00  0.00  1.00  0.00
  N269>MH4456532          1.00   0.00  0.00  0.00  0.00  1.00  0.00  0.00  0.99  0.00
  N279>MH4454657          1.00   0.00  0.00  0.00  0.98  0.02  0.00  0.00  0.98  0.00
  MH4453098>N798          1.00   0.00  0.00  0.00  1.00  0.00  0.00  0.00  0.01  0.00
  N799>MH4428836          1.00   0.00  0.00  0.00  0.78  0.00  0.00  0.22  0.04  0.00
  MH4502097>MH4502186     1.00   0.00  0.00  0.00  1.00  0.00  0.00  0.00  0.04  0.00
  MH4499323>N783          1.00   0.00  0.00  0.00  0.00  1.00  0.00  0.00  1.00  0.00
  N778>MH4456108          1.00   0.00  0.00  0.00  0.00  0.00  0.00  1.00  0.00  0.00
  N801>N612               1.00   0.00  0.00  0.00  0.00  1.00  0.00  0.00  0.99  0.00
  N804>MH1626189          1.00   0.00  0.00  0.00  1.00  0.00  0.00  0.00  0.00  0.00
  MH4500625>N806          1.00   0.00  0.00  0.00  1.00  0.00  0.00  0.00  0.99  0.00
  MH4499048>N807          1.00   0.00  0.00  0.00  0.00  1.00  0.00  0.00  1.00  0.00
  N808>N809               1.00   0.00  0.00  0.00  1.00  0.00  0.00  0.00  1.00  0.00
  N611>MH4454411          1.00   0.00  0.00  0.00  0.74  0.00  0.00  0.26  0.15  0.00
  MH4429420>N296          1.00   0.00  0.00  0.00  0.00  1.00  0.00  0.00  1.00  0.00
  MH4449330>N683          1.00   0.00  0.00  0.00  0.00  1.00  0.00  0.00  1.00  0.00
  N811>MH4451143          1.00   0.00  0.00  0.00  0.87  0.00  0.00  0.13  0.05  0.00
  MH4455516>N567          1.00   0.00  0.00  0.00  0.99  0.01  0.00  0.00  0.99  0.00
  N294>N814               1.00   0.00  0.00  0.00  0.00  1.00  0.00  0.00  1.00  0.00
  MH4455429>N650          1.00   0.00  0.00  0.00  0.00  1.00  0.00  0.00  1.00  0.00
  N815>MH4452081          1.00   0.00  0.00  0.00  0.00  1.00  0.00  0.00  0.00  0.00
  MH4454009>MH4454195     1.00   0.00  0.00  0.00  0.85  0.00  0.00  0.15  0.02  0.00
  N816>MH4428797          1.00   0.00  0.00  0.00  0.00  1.00  0.00  0.00  0.99  0.00
  N817>MH4450396          1.00   0.00  0.00  0.00  0.99  0.01  0.00  0.00  1.00  0.00
  MH4447691>N819          1.00   0.00  0.00  0.00  1.00  0.00  0.00  0.00  0.01  0.00
  MH4499059>N619          1.00   0.00  0.00  0.00  0.00  1.00  0.00  0.00  0.98  0.00
  MH4499406>MH4499729     1.00   0.00  0.00  0.00  0.00  1.00  0.00  0.00  0.97  0.00
  N101>MH4456777          1.00   0.00  0.00  0.00  0.00  1.00  0.00  0.00  0.97  0.00
  N792>N822               1.00   0.00  0.00  0.00  0.00  1.00  0.00  0.00  0.99  0.00
  N823>MH4428638          1.00   0.00  0.00  0.00  1.00  0.00  0.00  0.00  1.00  0.00
  MH4428426>N816          1.00   0.00  0.00  0.00  0.00  1.00  0.00  0.00  1.00  0.00
  MH8707824>N827          1.00   0.00  0.00  0.00  0.01  0.99  0.00  0.00  1.00  0.00
  MH4452397>N632          1.00   0.00  0.00  0.00  0.00  1.00  0.00  0.00  1.00  0.00
  N828>N408               1.00   0.00  0.00  0.00  1.00  0.00  0.00  0.00  0.11  0.00
  N829>MH4449882          1.00   0.00  0.00  0.00  0.99  0.01  0.00  0.00  0.12  0.00
  N830>MH4454398          1.00   0.00  0.00  0.00  0.00  0.00  0.00  1.00  0.00  0.00
  N832>MH4452952          1.00   0.00  0.00  0.00  0.00  1.00  0.00  0.00  1.00  0.00
  MH4450211>N833          1.00   0.00  0.00  0.00  0.00  1.00  0.00  0.00  1.00  0.00
  N834>MH4453185          1.00   0.00  0.00  0.00  0.99  0.01  0.00  0.00  0.13  0.00
  N836>MH4452721          1.00   0.00  0.00  0.00  0.00  0.00  0.00  1.00  0.00  0.00
  N837>N616               1.00   0.00  0.00  0.00  1.00  0.00  0.00  0.00  0.13  0.00
  N838>N772               1.00   0.00  0.00  0.00  0.00  1.00  0.00  0.00  1.00  0.00
  N839>N840               1.00   0.00  0.00  0.00  1.00  0.00  0.00  0.00  0.00  0.00
  N224>N706               1.00   0.00  0.00  0.00  0.00  1.00  0.00  0.00  0.99  0.00
  N674>MH4450847          1.00   0.00  0.00  0.00  0.00  1.00  0.00  0.00  0.99  0.00
  MH4429544>MH4429656     1.00   0.00  0.00  0.00  0.89  0.00  0.00  0.11  0.02  0.00
  N842>MH4428583          1.00   0.00  0.00  0.00  0.74  0.26  0.00  0.00  1.00  0.00
  N845>MH4455943          1.00   0.00  0.00  0.00  0.99  0.01  0.00  0.00  0.99  0.00
  MH4453047>N49           1.00   0.00  0.00  0.00  0.00  1.00  0.00  0.00  1.00  0.00
  N768>N847               1.00   0.00  0.00  0.00  0.00  1.00  0.00  0.00  0.98  0.00
  MH4426728>N447          1.00   0.00  0.00  0.00  1.00  0.00  0.00  0.00  0.00  0.00
  N849>MH4450180          1.00   0.00  0.00  0.00  1.00  0.00  0.00  0.00  0.11  0.00
  MH4427425>MH4427741     1.00   0.00  0.00  0.00  0.00  0.00  0.00  1.00  0.00  0.00
  N763>N851               1.00   0.00  0.00  0.00  1.00  0.00  0.00  0.00  0.07  0.00
  MH1790382>N244          1.00   0.00  0.00  0.00  1.00  0.00  0.00  0.00  1.00  0.00
  N158>N210               1.00   0.00  0.00  0.00  1.00  0.00  0.00  0.00  0.01  0.00
  MH4451531>MH4451759     1.00   0.00  0.00  0.00  0.00  1.00  0.00  0.00  0.00  0.00
  N419>MH4451207          1.00   0.00  0.00  0.00  0.97  0.00  0.00  0.03  0.02  0.00
  MH4429320>N853          1.00   0.00  0.00  0.00  1.00  0.00  0.00  0.00  0.22  0.00
  N332>MH1627084          1.00   0.00  0.00  0.00  0.99  0.01  0.00  0.00  0.99  0.00
  N854>N228               1.00   0.00  0.00  0.00  1.00  0.00  0.00  0.00  1.00  0.00
  N855>MH4500254          1.00   0.00  0.00  0.00  0.99  0.01  0.00  0.00  1.00  0.00
  N533>MH1623974          1.00   0.00  0.00  0.00  1.00  0.00  0.00  0.00  0.99  0.00
  MH4449485>MH4449510     1.00   0.00  0.00  0.00  0.00  0.00  0.00  1.00  0.00  0.00
  N209>MH4452541          1.00   0.00  0.00  0.00  0.93  0.07  0.00  0.00  0.03  0.00
  N64>MH4453098           1.00   0.00  0.00  0.00  0.94  0.00  0.00  0.06  0.00  0.00
  N536>MH4450391          1.00   0.00  0.00  0.00  1.00  0.00  0.00  0.00  0.05  0.00
  MH4454640>N745          1.00   0.00  0.00  0.00  0.99  0.01  0.00  0.00  0.99  0.00
  N857>MH4427688          1.00   0.00  0.00  0.00  0.00  1.00  0.00  0.00  1.00  0.00
  N858>MH4426728          1.00   0.00  0.00  0.00  1.00  0.00  0.00  0.00  0.00  0.00
  MH1624494>N534          1.00   0.00  0.00  0.00  0.99  0.01  0.00  0.00  0.98  0.00
  N738>MH4449796          1.00   0.00  0.00  0.00  1.00  0.00  0.00  0.00  0.10  0.00
  N862>N863               1.00   0.00  0.00  0.00  1.00  0.00  0.00  0.00  1.00  0.00
  N865>N753               1.00   0.00  0.00  0.00  0.00  1.00  0.00  0.00  0.98  0.00
  MH4450269>N133          1.00   0.00  0.00  0.00  0.00  1.00  0.00  0.00  1.00  0.00
  MH4447355>MH4448029     1.00   0.00  0.00  0.00  0.00  0.00  0.00  1.00  0.00  0.00
  N869>N865               1.00   0.00  0.00  0.00  0.00  1.00  0.00  0.00  0.00  0.00
  MH4452680>MH4453098     1.00   0.00  0.00  0.00  1.00  0.00  0.00  0.00  0.03  0.00
  MH4428268>N870          1.00   0.00  0.00  0.00  0.80  0.20  0.00  0.00  0.28  0.00
  N871>N401               1.00   0.00  0.00  0.00  0.99  0.01  0.00  0.00  0.96  0.00
  N873>N874               1.00   0.00  0.00  0.00  1.00  0.00  0.00  0.00  1.00  0.00
  MH4428146>N842          1.00   0.00  0.00  0.00  0.00  1.00  0.00  0.00  1.00  0.00
  MH4428800>MH4428606     1.00   0.00  0.00  0.00  0.78  0.01  0.00  0.22  0.78  0.00
  N694>N875               1.00   0.00  0.00  0.00  1.00  0.00  0.00  0.00  1.00  0.00
  MH4452462>N877          1.00   0.00  0.00  0.00  1.00  0.00  0.00  0.00  0.05  0.00
  N878>MH4448626          1.00   0.00  0.00  0.00  0.00  1.00  0.00  0.00  0.98  0.00
  MH1629194>N158          1.00   0.00  0.00  0.00  1.00  0.00  0.00  0.00  0.03  0.00
  N97>MH4449785           1.00   0.00  0.00  0.00  0.97  0.00  0.00  0.03  0.01  0.00
  N722>MH4428137          1.00   0.00  0.00  0.00  0.00  1.00  0.00  0.00  0.99  0.00
  MH1630702>MH1630330     1.00   0.00  0.00  0.00  0.98  0.00  0.00  0.02  0.98  0.00
  MH4451823>N183          1.00   0.00  0.00  0.00  0.86  0.14  0.00  0.00  0.00  0.00
  N886>MH4447684          1.00   0.00  0.00  0.00  0.00  1.00  0.00  0.00  0.00  0.00
  N887>MH4501201          1.00   0.00  0.00  0.00  0.00  1.00  0.00  0.00  0.99  0.00
  N116>N888               1.00   0.00  0.00  0.00  1.00  0.00  0.00  0.00  0.20  0.00
  N890>MH4454640          1.00   0.00  0.00  0.00  0.00  0.98  0.00  0.02  0.98  0.00
  MH4454116>MH4454376     1.00   0.00  0.00  0.00  1.00  0.00  0.00  0.00  0.06  0.00
  MH4428765>MH4428713     1.00   0.00  0.00  0.00  0.77  0.00  0.00  0.23  0.02  0.00
  MH4428797>MH4429013     1.00   0.00  0.00  0.00  0.98  0.01  0.00  0.02  0.98  0.00
  N892>MH4449083          1.00   0.00  0.00  0.00  1.00  0.00  0.00  0.00  1.00  0.00
  MH1627682>N597          1.00   0.00  0.00  0.00  1.00  0.00  0.00  0.00  1.00  0.00
  N893>N804               1.00   0.00  0.00  0.00  1.00  0.00  0.00  0.00  0.01  0.00
  MH4451092>N596          1.00   0.00  0.00  0.00  0.00  1.00  0.00  0.00  0.99  0.00
  N894>MH4451468          1.00   0.00  0.00  0.00  1.00  0.00  0.00  0.00  0.13  0.00
  N197>MH4450193          1.00   0.00  0.00  0.00  1.00  0.00  0.00  0.00  0.02  0.00
  N895>MH4452110          1.00   0.00  0.00  0.00  1.00  0.00  0.00  0.00  0.16  0.00
  N658>MH4428968          1.00   0.00  0.00  0.00  0.97  0.03  0.00  0.00  0.99  0.00
  N122>MH4500043          1.00   0.00  0.00  0.00  0.00  1.00  0.00  0.00  0.00  0.00
  N322>MH4455909          1.00   0.00  0.00  0.00  0.94  0.00  0.00  0.06  0.21  0.00
  N863>MH4428836          1.00   0.00  0.00  0.00  0.99  0.01  0.00  0.00  1.00  0.00
  N595>MH4500689          1.00   0.00  0.00  0.00  1.00  0.00  0.00  0.00  1.00  0.00
  N899>N666               1.00   0.00  0.00  0.00  0.00  1.00  0.00  0.00  1.00  0.00
  MH4452952>MH4452980     1.00   0.00  0.00  0.00  0.00  0.00  0.00  1.00  0.00  0.00
  MH4452110>MH4452032     1.00   0.00  0.00  0.00  0.86  0.00  0.00  0.14  0.01  0.00
  MH4500902>N887          1.00   0.00  0.00  0.00  0.00  1.00  0.00  0.00  0.96  0.00
  N382>N389               1.00   0.00  0.00  0.00  0.00  1.00  0.00  0.00  0.98  0.00
  MH1623436>N372          1.00   0.00  0.00  0.00  0.00  1.00  0.00  0.00  0.99  0.00
  N142>N139               1.00   0.00  0.00  0.00  1.00  0.00  0.00  0.00  0.12  0.00
  MH4427741>N113          1.00   0.00  0.00  0.00  0.00  1.00  0.00  0.00  1.00  0.00
  MH4454395>MH4454718     1.00   0.00  0.00  0.00  0.00  0.00  0.00  1.00  0.00  0.00
  MH4428096>N143          1.00   0.00  0.00  0.00  0.99  0.01  0.00  0.00  0.00  0.00
  MH4426673>X902          1.00   0.00  0.00  0.00  0.00  1.00  0.00  0.00  0.00  0.00
  N903>MH4500625          1.00   0.00  0.00  0.00  1.00  0.00  0.00  0.00  0.99  0.00
  MH1630926>MH1631514     1.00   0.00  0.00  0.00  0.93  0.00  0.00  0.07  0.92  0.00
  N690>N321               1.00   0.00  0.00  0.00  0.00  1.00  0.00  0.00  0.98  0.00
  N699>MH4449485          1.00   0.00  0.00  0.00  1.00  0.00  0.00  0.00  1.00  0.00
  MH4451840>MH4451673     1.00   0.00  0.00  0.00  1.00  0.00  0.00  0.00  0.07  0.00
  MH4449866>N582          1.00   0.00  0.00  0.00  0.90  0.10  0.00  0.00  0.15  0.00
  N771>MH4446824          1.00   0.00  0.00  0.00  0.98  0.02  0.00  0.00  0.99  0.00
  N468>MH4427312          1.00   0.00  0.00  0.00  0.99  0.01  0.00  0.00  1.00  0.00
  MH4449011>N906          1.00   0.00  0.00  0.00  1.00  0.00  0.00  0.00  0.02  0.00
  MH4426971>N274          1.00   0.00  0.00  0.00  1.00  0.00  0.00  0.00  1.00  0.00
  MH4452760>N908          1.00   0.00  0.00  0.00  1.00  0.00  0.00  0.00  1.00  0.00
  N909>MH4447668          1.00   0.00  0.00  0.00  0.99  0.00  0.00  0.01  0.18  0.00
  N365>MH4449510          1.00   0.00  0.00  0.00  1.00  0.00  0.00  0.00  1.00  0.00
  N154>MH1625316          1.00   0.00  0.00  0.00  0.99  0.00  0.00  0.01  0.99  0.00
  N853>MH4429471          1.00   0.00  0.00  0.00  0.99  0.01  0.00  0.00  0.19  0.00
  N618>N828               1.00   0.00  0.00  0.00  1.00  0.00  0.00  0.00  0.14  0.00
  N258>MH4448929          1.00   0.00  0.00  0.00  0.92  0.00  0.00  0.08  0.04  0.00
  N660>MH4428713          1.00   0.00  0.00  0.00  0.99  0.01  0.00  0.00  1.00  0.00
  N912>N913               1.00   0.00  0.00  0.00  0.00  1.00  0.00  0.00  1.00  0.00
  N914>MH4429107          1.00   0.00  0.00  0.00  0.99  0.01  0.00  0.00  0.16  0.00
  N915>MH4429499          1.00   0.00  0.00  0.00  0.99  0.00  0.00  0.01  0.06  0.00
  N827>N713               1.00   0.00  0.00  0.00  0.00  1.00  0.00  0.00  0.98  0.00
  MH4449321>N736          1.00   0.00  0.00  0.00  0.99  0.01  0.00  0.00  0.08  0.00
  N916>MH4448392          1.00   0.00  0.00  0.00  1.00  0.00  0.00  0.00  1.00  0.00
  MH4449635>N522          1.00   0.00  0.00  0.00  0.00  1.00  0.00  0.00  0.99  0.00
  MH4448474>N737          1.00   0.00  0.00  0.00  0.98  0.02  0.00  0.00  0.11  0.00
  MH4429086>N184          1.00   0.00  0.00  0.00  0.00  1.00  0.00  0.00  0.99  0.00
  N919>N871               1.00   0.00  0.00  0.00  1.00  0.00  0.00  0.00  0.97  0.00
  N847>MH4453124          1.00   0.00  0.00  0.00  0.00  0.00  0.00  1.00  0.00  0.00
  MH4320244>N569          1.00   0.00  0.00  0.00  1.00  0.00  0.00  0.00  0.97  0.00
  N921>MH4454116          1.00   0.00  0.00  0.00  0.95  0.00  0.00  0.05  0.03  0.00
  N550>N922               1.00   0.00  0.00  0.00  1.00  0.00  0.00  0.00  0.00  0.00
  N314>N923               1.00   0.00  0.00  0.00  0.94  0.06  0.00  0.00  0.20  0.00
  N171>MH4453489          1.00   0.00  0.00  0.00  0.92  0.00  0.00  0.08  0.02  0.00
  MH4447668>N465          1.00   0.00  0.00  0.00  1.00  0.00  0.00  0.00  0.18  0.00
  MH4452071>N869          1.00   0.00  0.00  0.00  0.00  1.00  0.00  0.00  0.99  0.00
  N924>MH4429645          1.00   0.00  0.00  0.00  0.77  0.23  0.00  0.00  0.26  0.00
  MH4455191>N592          1.00   0.00  0.00  0.00  0.00  1.00  0.00  0.00  0.99  0.00
  N925>MH4429420          1.00   0.00  0.00  0.00  0.00  1.00  0.00  0.00  0.99  0.00
  N926>N387               1.00   0.00  0.00  0.00  0.98  0.02  0.00  0.00  0.99  0.00
  N929>N38                1.00   0.00  0.00  0.00  0.99  0.01  0.00  0.00  0.00  0.00
  MH1624202>MH1624494     1.00   0.00  0.00  0.00  1.00  0.00  0.00  0.00  1.00  0.00
  N870>MH4428636          1.00   0.00  0.00  0.00  0.87  0.13  0.00  0.00  0.19  0.00
  MH4450396>N673          1.00   0.00  0.00  0.00  0.00  1.00  0.00  0.00  1.00  0.00
  MH4453185>MH4453098     1.00   0.00  0.00  0.00  0.94  0.00  0.00  0.06  0.02  0.00
  N464>MH4448474          1.00   0.00  0.00  0.00  0.99  0.01  0.00  0.00  0.99  0.00
  MH4447726>N930          1.00   0.00  0.00  0.00  1.00  0.00  0.00  0.00  0.06  0.00
  N931>MH4449704          1.00   0.00  0.00  0.00  0.92  0.00  0.00  0.07  0.10  0.00
  MH4451287>N787          1.00   0.00  0.00  0.00  0.80  0.20  0.00  0.00  0.97  0.00
  MH4453031>N926          1.00   0.00  0.00  0.00  1.00  0.00  0.00  0.00  1.00  0.00
  N888>MH4502186          1.00   0.00  0.00  0.00  0.91  0.00  0.00  0.09  0.03  0.00
  MH4452946>N20           1.00   0.00  0.00  0.00  1.00  0.00  0.00  0.00  0.01  0.00
  N487>N704               1.00   0.00  0.00  0.00  0.00  1.00  0.00  0.00  0.98  0.00
  MH4450920>MH4451113     1.00   0.00  0.00  0.00  0.00  1.00  0.00  0.00  0.00  0.00
  MH4429268>MH4429468     1.00   0.00  0.00  0.00  0.86  0.00  0.00  0.14  0.05  0.00
  N908>MH4452946          1.00   0.00  0.00  0.00  0.99  0.01  0.00  0.00  0.99  0.00
  N573>MH4452071          1.00   0.00  0.00  0.00  0.99  0.01  0.00  0.00  0.99  0.00
  N299>N607               1.00   0.00  0.00  0.00  0.00  1.00  0.00  0.00  0.00  0.00
  N466>MH4429179          1.00   0.00  0.00  0.00  0.88  0.00  0.00  0.12  0.05  0.00
  N938>MH4429019          1.00   0.00  0.00  0.00  0.00  0.00  0.00  1.00  0.00  0.00
  MH4427312>N857          1.00   0.00  0.00  0.00  0.00  1.00  0.00  0.00  0.99  0.00
  N688>N915               1.00   0.00  0.00  0.00  0.93  0.07  0.00  0.00  0.27  0.00
  N939>MH1624202          1.00   0.00  0.00  0.00  0.99  0.01  0.00  0.00  1.00  0.00
  N758>MH4451287          1.00   0.00  0.00  0.00  0.01  0.99  0.00  0.00  0.99  0.00
  N940>MH4449796          1.00   0.00  0.00  0.00  0.98  0.02  0.00  0.00  0.22  0.00
  N267>MH4455813          1.00   0.00  0.00  0.00  0.00  0.00  0.00  1.00  0.00  0.00
  N605>MH4449806          1.00   0.00  0.00  0.00  0.91  0.00  0.00  0.09  0.03  0.00
  MH4426188>N726          1.00   0.00  0.00  0.00  0.97  0.03  0.00  0.00  0.03  0.00
  MH4500689>N941          1.00   0.00  0.00  0.00  1.00  0.00  0.00  0.00  0.96  0.00
  N942>N106               1.00   0.00  0.00  0.00  1.00  0.00  0.00  0.00  0.00  0.00
  MH4451870>MH4452189     1.00   0.00  0.00  0.00  0.95  0.00  0.00  0.05  0.04  0.00
  N589>N944               1.00   0.00  0.00  0.00  0.00  1.00  0.00  0.00  0.98  0.00
  MH4453213>N929          1.00   0.00  0.00  0.00  0.99  0.01  0.00  0.00  0.00  0.00
  N851>MH4452462          1.00   0.00  0.00  0.00  1.00  0.00  0.00  0.00  0.07  0.00
  N930>MH4449103          1.00   0.00  0.00  0.00  0.98  0.02  0.00  0.00  0.03  0.00
  MH4428067>N10           1.00   0.00  0.00  0.00  0.00  1.00  0.00  0.00  1.00  0.00
  N705>MH4453837          1.00   0.00  0.00  0.00  0.00  1.00  0.00  0.00  0.99  0.00
  N187>N544               1.00   0.00  0.00  0.00  0.00  1.00  0.00  0.00  1.00  0.00
  MH4455121>N942          1.00   0.00  0.00  0.00  1.00  0.00  0.00  0.00  0.01  0.00
  MH4451967>MH4452154     1.00   0.00  0.00  0.00  0.90  0.00  0.00  0.10  0.03  0.00
  MH4448813>MH4449503     1.00   0.00  0.00  0.00  0.99  0.01  0.00  0.00  0.31  0.00
  N686>MH4428139          1.00   0.00  0.00  0.00  0.00  0.00  0.00  1.00  0.00  0.00
  N941>N950               1.00   0.00  0.00  0.00  1.00  0.00  0.00  0.00  0.96  0.00
  N951>MH8707824          1.00   0.00  0.00  0.00  0.99  0.01  0.00  0.00  0.00  0.00
  MH4453837>N645          1.00   0.00  0.00  0.00  1.00  0.00  0.00  0.00  0.98  0.00
  N952>MH4453970          1.00   0.00  0.00  0.00  0.99  0.01  0.00  0.00  0.16  0.00
  MH4454125>N755          1.00   0.00  0.00  0.00  1.00  0.00  0.00  0.00  0.00  0.00
  MH4428188>N562          1.00   0.00  0.00  0.00  0.00  1.00  0.00  0.00  1.00  0.00
  MH4454657>N899          1.00   0.00  0.00  0.00  0.00  1.00  0.00  0.00  0.99  0.00
  N510>N925               1.00   0.00  0.00  0.00  0.00  1.00  0.00  0.00  0.99  0.00
  N220>N394               1.00   0.00  0.00  0.00  0.89  0.11  0.00  0.00  0.99  0.00
  MH4428636>N954          1.00   0.00  0.00  0.00  0.98  0.02  0.00  0.00  0.10  0.00
  MH4449778>MH4450137     1.00   0.00  0.00  0.00  0.97  0.00  0.00  0.02  0.13  0.00
  N956>MH4450332          1.00   0.00  0.00  0.00  1.00  0.00  0.00  0.00  0.09  0.00
  MH1629888>MH1630330     1.00   0.00  0.00  0.00  0.00  0.00  0.00  1.00  0.00  0.00
  MH4500422>N600          1.00   0.00  0.00  0.00  0.00  1.00  0.00  0.00  1.00  0.00
  N957>MH4428026          1.00   0.00  0.00  0.00  0.00  0.00  0.00  1.00  0.00  0.00
  N814>N406               1.00   0.00  0.00  0.00  0.00  1.00  0.00  0.00  0.99  0.00
  N877>MH4451886          1.00   0.00  0.00  0.00  0.95  0.00  0.00  0.05  0.01  0.00
  N906>MH4449913          1.00   0.00  0.00  0.00  1.00  0.00  0.00  0.00  0.05  0.00
  N35>MH4320104           1.00   0.00  0.00  0.00  1.00  0.00  0.00  0.00  1.00  0.00
  N959>N345               1.00   0.00  0.00  0.00  1.00  0.00  0.00  0.00  0.18  0.00
  N960>N961               1.00   0.00  0.00  0.00  1.00  0.00  0.00  0.00  0.99  0.00
  N962>MH4451058          1.00   0.00  0.00  0.00  0.00  0.00  0.00  1.00  0.00  0.00
  MH4453788>MH4453850     1.00   0.00  0.00  0.00  1.00  0.00  0.00  0.00  0.19  0.00
  N963>MH4453579          1.00   0.00  0.00  0.00  1.00  0.00  0.00  0.00  0.02  0.00
  N964>MH4429179          1.00   0.00  0.00  0.00  0.98  0.00  0.00  0.02  0.12  0.00
  MH4450847>N216          1.00   0.00  0.00  0.00  0.01  0.99  0.00  0.00  1.00  0.00
  N507>MH4320244          1.00   0.00  0.00  0.00  1.00  0.00  0.00  0.00  0.97  0.00
  MH8963773>MH4447452     1.00   0.00  0.00  0.00  1.00  0.00  0.00  0.00  0.02  0.00
  N966>MH4451516          1.00   0.00  0.00  0.00  0.00  0.00  0.00  1.00  0.00  0.00
  MH4450531>N422          1.00   0.00  0.00  0.00  0.97  0.03  0.00  0.00  0.01  0.00
  N656>MH4447880          1.00   0.00  0.00  0.00  0.99  0.01  0.00  0.00  0.26  0.00
  N954>MH4429013          1.00   0.00  0.00  0.00  0.99  0.01  0.00  0.00  0.09  0.00
  N147>N119               1.00   0.00  0.00  0.00  0.01  0.99  0.00  0.00  0.99  0.00
  N334>MH4452680          1.00   0.00  0.00  0.00  0.95  0.00  0.00  0.05  0.02  0.00
  N967>MH4452011          1.00   0.00  0.00  0.00  1.00  0.00  0.00  0.00  0.05  0.00
  N806>MH4501866          1.00   0.00  0.00  0.00  0.69  0.00  0.00  0.31  0.69  0.00
  N735>N968               1.00   0.00  0.00  0.00  0.00  1.00  0.00  0.00  0.99  0.00
  N346>MH4429179          1.00   0.00  0.00  0.00  0.99  0.01  0.00  0.00  0.15  0.00
  MH4454195>MH4454125     1.00   0.00  0.00  0.00  1.00  0.00  0.00  0.00  0.12  0.00
  MH4447452>N711          1.00   0.00  0.00  0.00  1.00  0.00  0.00  0.00  0.04  0.00
  N791>N486               1.00   0.00  0.00  0.00  0.00  1.00  0.00  0.00  0.99  0.00
  MH4427588>N750          1.00   0.00  0.00  0.00  0.99  0.01  0.00  0.00  0.00  0.00
  MH4448029>N255          1.00   0.00  0.00  0.00  0.00  0.00  0.00  1.00  0.00  0.00
  N913>N886               1.00   0.00  0.00  0.00  0.00  1.00  0.00  0.00  1.00  0.00
  N181>MH4448474          1.00   0.00  0.00  0.00  0.99  0.01  0.00  0.00  0.17  0.00
  N961>N719               1.00   0.00  0.00  0.00  1.00  0.00  0.00  0.00  0.99  0.00
  N970>N971               1.00   0.00  0.00  0.00  1.00  0.00  0.00  0.00  1.00  0.00
  N972>N720               1.00   0.00  0.00  0.00  1.00  0.00  0.00  0.00  1.00  0.00
  MH4428583>N914          1.00   0.00  0.00  0.00  0.98  0.02  0.00  0.00  0.24  0.00
  N809>MH1625395          1.00   0.00  0.00  0.00  0.99  0.01  0.00  0.00  0.99  0.00
  MH4451333>N633          1.00   0.00  0.00  0.00  0.00  1.00  0.00  0.00  1.00  0.00
  N794>N749               1.00   0.00  0.00  0.00  1.00  0.00  0.00  0.00  0.00  0.00
  N840>MH1624017          1.00   0.00  0.00  0.00  0.00  1.00  0.00  0.00  0.99  0.00
  MH4500035>N919          1.00   0.00  0.00  0.00  1.00  0.00  0.00  0.00  0.97  0.00
  N974>MH4452809          1.00   0.00  0.00  0.00  1.00  0.00  0.00  0.00  0.10  0.00
  N975>N976               1.00   0.00  0.00  0.00  1.00  0.00  0.00  0.00  0.21  0.00
  MH4454718>MH4454876     1.00   0.00  0.00  0.00  0.00  1.00  0.00  0.00  0.99  0.00
  N470>N471               1.00   0.00  0.00  0.00  0.01  0.99  0.00  0.00  1.00  0.00
  N50>MH4453553           1.00   0.00  0.00  0.00  0.00  0.00  0.00  1.00  0.00  0.00
  N780>N155               1.00   0.00  0.00  0.00  0.00  1.00  0.00  0.00  0.99  0.00
  MH4451468>MH4452154     1.00   0.00  0.00  0.00  1.00  0.00  0.00  0.00  0.10  0.00
  MH4452632>N967          1.00   0.00  0.00  0.00  1.00  0.00  0.00  0.00  0.07  0.00
  N727>MH4426728          1.00   0.00  0.00  0.00  0.99  0.00  0.00  0.01  0.01  0.00
  N950>MH4501851          1.00   0.00  0.00  0.00  0.71  0.00  0.00  0.29  0.68  0.00
  N600>N149               1.00   0.00  0.00  0.00  0.00  1.00  0.00  0.00  0.96  0.00
  MH1624769>N893          1.00   0.00  0.00  0.00  1.00  0.00  0.00  0.00  0.01  0.00
  N822>N240               1.00   0.00  0.00  0.00  0.00  1.00  0.00  0.00  0.99  0.00
  N766>N921               1.00   0.00  0.00  0.00  1.00  0.00  0.00  0.00  0.11  0.00
  MH1625316>N756          1.00   0.00  0.00  0.00  1.00  0.00  0.00  0.00  0.98  0.00
  MH4426979>N647          1.00   0.00  0.00  0.00  0.00  1.00  0.00  0.00  0.99  0.00
  N456>N839               1.00   0.00  0.00  0.00  0.00  1.00  0.00  0.00  1.00  0.00
  N446>MH4454312          1.00   0.00  0.00  0.00  0.00  1.00  0.00  0.00  0.99  0.00
  MH4428968>N977          1.00   0.00  0.00  0.00  0.00  1.00  0.00  0.00  0.98  0.00
  N978>N695               1.00   0.00  0.00  0.00  0.00  1.00  0.00  0.00  1.00  0.00
  N807>N672               1.00   0.00  0.00  0.00  0.00  1.00  0.00  0.00  0.99  0.00
  N610>MH4455909          1.00   0.00  0.00  0.00  0.94  0.00  0.00  0.06  0.19  0.00
  N979>N980               1.00   0.00  0.00  0.00  0.99  0.01  0.00  0.00  0.99  0.00
  N418>N487               1.00   0.00  0.00  0.00  0.00  0.00  0.00  1.00  0.00  0.00
  N364>N912               1.00   0.00  0.00  0.00  0.00  1.00  0.00  0.00  0.00  0.00
  N593>N878               1.00   0.00  0.00  0.00  0.00  1.00  0.00  0.00  0.99  0.00
  MH4450776>MH4450378     1.00   0.00  0.00  0.00  0.97  0.00  0.00  0.03  0.10  0.00
  MH4429107>N325          1.00   0.00  0.00  0.00  1.00  0.00  0.00  0.00  0.12  0.00
  MH4456777>N574          1.00   0.00  0.00  0.00  0.00  1.00  0.00  0.00  0.98  0.00
  N923>N250               1.00   0.00  0.00  0.00  0.94  0.00  0.00  0.06  0.00  0.00
  N265>MH8963773          1.00   0.00  0.00  0.00  1.00  0.00  0.00  0.00  0.06  0.00
  MH4427849>MH4428245     1.00   0.00  0.00  0.00  0.00  1.00  0.00  0.00  0.99  0.00
  MH4455813>MH4455808     1.00   0.00  0.00  0.00  0.99  0.01  0.00  0.00  0.00  0.00
  N944>MH4499116          1.00   0.00  0.00  0.00  0.00  1.00  0.00  0.00  1.00  0.00
  MH4454398>N298          1.00   0.00  0.00  0.00  1.00  0.00  0.00  0.00  1.00  0.00
  N874>N836               1.00   0.00  0.00  0.00  0.99  0.01  0.00  0.00  0.99  0.00
  N397>N188               1.00   0.00  0.00  0.00  0.83  0.17  0.00  0.00  0.18  0.00
  MH4428638>N938          1.00   0.00  0.00  0.00  0.99  0.01  0.00  0.00  0.97  0.00
  N875>N151               1.00   0.00  0.00  0.00  0.00  1.00  0.00  0.00  0.99  0.00
  MH4453095>N170          1.00   0.00  0.00  0.00  1.00  0.00  0.00  0.00  0.16  0.00
  N984>MH4447346          1.00   0.00  0.00  0.00  0.83  0.17  0.00  0.00  0.21  0.00
  MH4450802>MH4450920     1.00   0.00  0.00  0.00  0.00  0.00  0.00  1.00  0.00  0.00
  N833>N940               1.00   0.00  0.00  0.00  0.77  0.23  0.00  0.00  1.00  0.00
  MH4449796>N439          1.00   0.00  0.00  0.00  0.99  0.01  0.00  0.00  0.05  0.00
  N985>N159               1.00   0.00  0.00  0.00  1.00  0.00  0.00  0.00  1.00  0.00
  N819>MH4449011          1.00   0.00  0.00  0.00  1.00  0.00  0.00  0.00  0.00  0.00
  MH4428320>N823          1.00   0.00  0.00  0.00  1.00  0.00  0.00  0.00  0.98  0.00
  N986>N685               1.00   0.00  0.00  0.00  1.00  0.00  0.00  0.00  1.00  0.00
  N987>N699               1.00   0.00  0.00  0.00  0.00  1.00  0.00  0.00  0.00  0.00
  N922>MH4454116          1.00   0.00  0.00  0.00  1.00  0.00  0.00  0.00  0.02  0.00
  N977>MH4428524          1.00   0.00  0.00  0.00  0.97  0.00  0.00  0.02  0.98  0.00
  MH4455943>N248          1.00   0.00  0.00  0.00  0.99  0.01  0.00  0.00  1.00  0.00
  MH4499116>MH4499406     1.00   0.00  0.00  0.00  0.00  1.00  0.00  0.00  0.99  0.00
  MH4448626>N698          1.00   0.00  0.00  0.00  0.00  1.00  0.00  0.00  0.98  0.00
  MH4454643>N890          1.00   0.00  0.00  0.00  0.00  1.00  0.00  0.00  0.98  0.00
  N990>N251               1.00   0.00  0.00  0.00  0.99  0.01  0.00  0.00  0.99  0.00
  N367>MH4452527          1.00   0.00  0.00  0.00  1.00  0.00  0.00  0.00  0.02  0.00
  N980>MH4454629          1.00   0.00  0.00  0.00  0.81  0.00  0.00  0.19  0.04  0.00
  MH4451886>N991          1.00   0.00  0.00  0.00  1.00  0.00  0.00  0.00  0.00  0.00
  N971>N951               1.00   0.00  0.00  0.00  1.00  0.00  0.00  0.00  0.99  0.00
  N626>MH4450170          1.00   0.00  0.00  0.00  0.00  1.00  0.00  0.00  0.00  0.00
  N631>MH1625395          1.00   0.00  0.00  0.00  1.00  0.00  0.00  0.00  0.99  0.00
  N297>MH4429086          1.00   0.00  0.00  0.00  0.00  1.00  0.00  0.00  0.99  0.00
  N992>MH4446883          1.00   0.00  0.00  0.00  0.88  0.00  0.00  0.12  0.02  0.00
  MH4450180>MH4450332     1.00   0.00  0.00  0.00  0.92  0.00  0.00  0.08  0.01  0.00
  MH4448929>N693          1.00   0.00  0.00  0.00  0.95  0.05  0.00  0.00  0.02  0.00
  MH1631514>N176          1.00   0.00  0.00  0.00  0.01  0.99  0.00  0.00  0.06  0.00
  N748>N994               1.00   0.00  0.00  0.00  0.76  0.24  0.00  0.00  0.37  0.00
  N186>MH4454993          1.00   0.00  0.00  0.00  0.00  1.00  0.00  0.00  1.00  0.00
  N995>N754               1.00   0.00  0.00  0.00  1.00  0.00  0.00  0.00  0.99  0.00
  N996>N811               1.00   0.00  0.00  0.00  0.82  0.18  0.00  0.00  1.00  0.00
  N991>MH4452189          1.00   0.00  0.00  0.00  1.00  0.00  0.00  0.00  0.02  0.00
  N692>N815               1.00   0.00  0.00  0.00  0.00  1.00  0.00  0.00  0.00  0.00
  MH1625959>N997          1.00   0.00  0.00  0.00  0.00  1.00  0.00  0.00  0.00  0.00
  N998>N734               1.00   0.00  0.00  0.00  1.00  0.00  0.00  0.00  1.00  0.00
  N798>N963               1.00   0.00  0.00  0.00  1.00  0.00  0.00  0.00  0.00  0.00
  MH4428137>MH4428188     1.00   0.00  0.00  0.00  0.00  1.00  0.00  0.00  1.00  0.00
  MH4428067>MH4427849     1.00   0.00  0.00  0.00  0.00  0.00  0.00  1.00  0.00  0.00
  N490>MH4427588          1.00   0.00  0.00  0.00  0.99  0.01  0.00  0.00  0.00  0.00
  N999>N614               1.00   0.00  0.00  0.00  0.99  0.01  0.00  0.00  1.00  0.00
  N239>MH5233531          1.00   0.00  0.00  0.00  0.00  0.00  0.00  1.00  0.00  0.00
  N968>MH4454993          1.00   0.00  0.00  0.00  0.00  0.00  0.00  1.00  0.00  0.00
  N1000>MH4448796         1.00   0.00  0.00  0.00  0.99  0.01  0.00  0.00  0.99  0.00
  N1001>MH4451886         1.00   0.00  0.00  0.00  1.00  0.00  0.00  0.00  0.02  0.00
  N620>MH4500689          1.00   0.00  0.00  0.00  0.00  0.00  0.00  1.00  0.00  0.00
  N9>MH4429527            1.00   0.00  0.00  0.00  0.99  0.01  0.00  0.00  1.00  0.00
  N162>N561               1.00   0.00  0.00  0.00  1.00  0.00  0.00  0.00  0.98  0.00
  N994>MH4454629          1.00   0.00  0.00  0.00  0.80  0.00  0.00  0.19  0.04  0.00
  N1002>N347              1.00   0.00  0.00  0.00  1.00  0.00  0.00  0.00  1.00  0.00
  N356>MH4450531          1.00   0.00  0.00  0.00  1.00  0.00  0.00  0.00  0.05  0.00
  MH4451207>N1001         1.00   0.00  0.00  0.00  1.00  0.00  0.00  0.00  0.00  0.00
  MH4449860>MH4450100     1.00   0.00  0.00  0.00  0.00  1.00  0.00  0.00  0.00  0.00
  MH4502186>N0            1.00   0.00  0.00  0.00  1.00  0.00  0.00  0.00  0.02  0.00
  N576>MH4453213          1.00   0.00  0.00  0.00  1.00  0.00  0.00  0.00  0.00  0.00
  N665>N962               1.00   0.00  0.00  0.00  0.99  0.01  0.00  0.00  0.99  0.00
  N976>MH4449866          1.00   0.00  0.00  0.00  0.85  0.15  0.00  0.00  0.19  0.00
  MH4449503>MH4449977     1.00   0.00  0.00  0.00  0.81  0.00  0.00  0.19  0.04  0.00
  N1003>N655              1.00   0.00  0.00  0.00  1.00  0.00  0.00  0.00  0.00  0.00
  N1005>N172              1.00   0.00  0.00  0.00  1.00  0.00  0.00  0.00  0.14  0.00
  N1006>MH7465841         1.00   0.00  0.00  0.00  0.96  0.00  0.00  0.03  0.97  0.00
  MH4456372>N725          1.00   0.00  0.00  0.00  0.00  1.00  0.00  0.00  0.97  0.00
  N1007>MH4449118         1.00   0.00  0.00  0.00  0.96  0.02  0.00  0.03  0.12  0.00
  MH4428367>N168          1.00   0.00  0.00  0.00  0.00  1.00  0.00  0.00  0.99  0.00
  N1009>MH4452154         1.00   0.00  0.00  0.00  0.90  0.00  0.00  0.10  0.06  0.00
  MH4452541>N63           1.00   0.00  0.00  0.00  0.94  0.06  0.00  0.00  0.04  0.00
  N440>MH4450391          1.00   0.00  0.00  0.00  1.00  0.00  0.00  0.00  0.04  0.00
  N134>MH4450617          1.00   0.00  0.00  0.00  0.99  0.01  0.00  0.00  0.99  0.00
  MH4427659>MH4427741     1.00   0.00  1.00  0.00  0.00  0.00  0.00  0.00  0.00  0.00
  MH4451967>MH4451823     1.00   0.00  0.00  0.00  0.87  0.13  0.00  0.00  0.13  0.00
  MH4429019>MH4429086     1.00   0.00  1.00  0.00  0.00  0.00  0.00  0.00  0.00  0.00
  MH4428638>N461          1.00   0.00  1.00  0.00  0.00  0.00  0.00  0.00  0.00  0.00
  
  
  *************************
  Conduit Surcharge Summary
  *************************
  
  ----------------------------------------------------------------------------
                                                           Hours        Hours 
                         --------- Hours Full --------   Above Full   Capacity
  Conduit                Both Ends  Upstream  Dnstream   Normal Flow   Limited
  ----------------------------------------------------------------------------
  N0>N1                       5.85      5.96      5.85      6.87         5.93
  MH4454411>N3                5.74      5.74      6.10      0.01         0.01
  MH4428606>N13               5.87      5.87      7.22      0.01         0.01
  N20>MH4453133               0.01      0.01      4.61      0.01         0.01
  N22>MH4447602               0.01      0.01      5.30      0.01         0.01
  MH4429312>N25               7.57      7.57      7.66      0.01         0.01
  N26>MH4453788               6.02      6.02      6.34      0.01         0.01
  MH4429136>N43               7.86      7.86      7.86      7.87         1.17
  MH1623826>N46               0.01      0.01      4.67      0.01         0.01
  N47>MH4501544               6.06      6.07      6.06      6.67         6.07
  N53>MH4453512               5.76      5.76      6.07      0.01         0.01
  MH4452154>MH4452217         7.08      7.08      7.15      0.01         0.01
  N59>MH4446824               0.01      0.01      5.69      0.01         0.01
  N63>N64                     7.45      7.45      7.46      7.58         0.01
  N69>MH4502097               6.03      6.05      6.03      6.63         6.04
  MH4448345>MH4448419         7.70      7.70      7.75      0.01         0.01
  N13>MH4429136               7.22      7.22      7.82      0.01         0.01
  MH4448853>N97               7.49      7.49      7.57      0.01         0.01
  MH4449806>MH4450137         7.19      7.19      7.33      0.01         0.01
  N106>MH4455909              6.42      6.59      6.42      7.01         6.57
  N109>MH4451823              0.01      0.01      6.94      0.01         0.01
  MH4501866>N116              0.01      0.01      5.08      0.01         0.01
  MH4429035>N124              2.50      2.50      6.55      0.01         0.01
  MH4449704>MH4449118         7.24      7.24      7.52      0.01         0.01
  N139>MH4449321              6.99      6.99      7.07      0.01         0.01
  MH4448509>N142              6.74      6.74      6.92      0.01         0.01
  N143>MH4428524              0.01      7.82      0.01      7.83         7.81
  N157>N158                   0.01      0.01      5.47      0.01         0.01
  MH4447128>MH4447726         7.01      7.01      7.34      0.01         0.01
  MH4501544>N69               6.05      6.06      6.05      6.67         6.06
  N46>N163                    4.67      4.67      6.45      0.01         0.01
  N166>MH4428268              0.01      0.01      5.21      0.01         0.01
  N168>MH4428636              0.01      0.01      6.80      0.01         0.01
  N170>N171                   6.80      6.80      7.07      0.01         0.01
  N172>MH4452977              6.95      6.95      7.08      0.01         0.01
  N180>N181                   6.22      6.22      6.51      0.01         0.01
  N188>MH4447880              6.58      6.58      6.74      0.01         0.01
  N192>MH4453579              6.91      6.91      7.13      0.01         0.01
  MH4449785>N197              7.65      7.68      7.65      7.72         1.66
  N198>MH4447416              6.69      6.69      6.94      0.01         0.01
  N206>MH6153571              6.15      6.15      6.15      6.18         5.56
  N208>N209                   7.31      7.31      7.38      7.01         0.01
  N210>N211                   0.01      5.06      0.01      6.87         0.05
  MH4449173>MH4449785         7.68      7.69      7.68      7.73         7.68
  MH4452032>MH4451840         6.86      6.86      7.28      0.01         0.01
  MH4456553>N250              6.14      6.14      6.15      6.44         6.11
  MH4428713>MH4428995         6.08      6.08      6.71      0.01         0.01
  MH4447880>N258              6.74      6.74      6.98      0.01         0.01
  MH4429357>N265              7.03      7.03      7.15      0.01         0.01
  N270>N271                   5.94      5.94      7.37      0.01         0.01
  MH4452919>MH4453133         0.01      0.01      4.57      0.01         0.01
  MH4450449>MH4450581         7.47      7.47      7.49      5.92         0.01
  MH4447397>MH5241467         6.36      6.36      6.57      0.01         0.01
  N295>MH4449321              6.84      6.84      7.07      0.01         0.01
  N300>MH4455121              6.60      6.60      7.39      0.01         0.01
  N303>MH4428765              0.01      0.01      5.75      0.01         0.01
  N307>MH1624138              4.03      4.03      6.17      0.01         0.01
  MH1623974>N314              0.01      0.01      5.61      0.01         0.01
  N319>MH4447643              7.26      7.26      7.29      0.01         0.01
  N321>N322                   0.01      0.01      5.21      0.01         0.01
  MH4447416>MH4447726         6.94      6.94      7.32      0.01         0.01
  N325>MH4429357              6.97      6.97      7.06      0.01         0.01
  MH4429013>N327              7.29      7.29      7.43      0.01         0.01
  MH4448419>N328              7.70      7.75      7.70      7.79         7.74
  MH4429468>MH4446883         6.82      6.82      7.00      0.01         0.01
  MH4452217>N334              7.15      7.15      7.30      0.01         0.01
  N339>MH4454411              5.16      5.16      5.74      0.01         0.01
  N345>N346                   6.60      6.60      6.71      0.01         0.01
  MH4429527>MH4447397         6.02      6.02      6.36      0.01         0.01
  MH4450975>N356              7.08      7.08      7.40      0.01         0.01
  N357>MH4451840              7.14      7.14      7.26      0.01         0.01
  MH4450207>MH4449806         5.97      5.97      7.02      0.01         0.01
  MH4429179>N361              6.99      6.99      7.15      0.01         0.01
  N366>N367                   7.48      7.51      7.48      7.55         7.50
  MH4452527>MH4452680         7.42      7.47      7.42      7.52         7.45
  N163>MH1624769              6.45      6.45      7.18      0.01         0.01
  MH4454629>N300              6.13      6.13      6.60      0.01         0.01
  MH4451143>MH4450975         6.89      6.89      7.08      0.01         0.01
  MH4450922>MH4451207         7.56      7.56      7.60      6.90         6.05
  N379>MH8963773              6.81      6.81      7.27      0.01         0.01
  MH4453970>N192              6.80      6.80      6.91      0.01         0.01
  N387>MH4453512              0.01      0.01      6.07      0.01         0.01
  N389>MH6153571              0.01      0.01      6.14      0.01         0.01
  N394>MH4429503              7.08      7.08      7.22      0.01         0.01
  MH4429645>N397              6.03      6.03      6.26      0.01         0.01
  MH4452011>MH4451871         7.48      7.48      7.49      0.01         0.01
  N328>MH4449103              7.66      7.70      7.66      7.77         7.67
  N401>MH4502097              0.01      0.01      6.02      0.01         0.01
  N408>MH4454376              6.91      6.91      7.26      0.01         0.01
  N414>MH1623928              6.15      6.15      6.16      6.50         6.14
  N416>MH4428920              0.01      0.01      6.15      0.01         0.01
  MH4451871>N419              7.49      7.49      7.54      0.01         0.01
  N422>MH4450922              7.58      7.58      7.64      4.62         0.01
  MH4449849>MH4449785         7.59      7.59      7.66      6.00         0.01
  N3>MH4454629                6.10      6.10      6.13      0.01         0.01
  N431>N432                   6.81      6.81      7.06      0.01         0.01
  N25>MH4447394               7.66      7.66      7.75      0.01         0.01
  MH1624138>MH1624769         6.13      6.16      6.13      6.79         6.15
  N439>N440                   7.37      7.37      7.47      0.01         0.01
  MH4450378>MH4450554         7.47      7.60      7.47      7.65         7.54
  MH1631057>MH1631514         0.01      0.01      0.01      5.68         0.01
  MH6153571>N414              6.15      6.15      6.15      6.49         6.13
  N447>MH4427095              7.94      7.97      7.94      7.96         7.96
  MH4428995>N460              6.71      6.71      6.92      0.01         0.01
  N432>MH4453489              7.06      7.06      7.13      0.01         0.01
  N465>MH4448509              6.57      6.57      6.74      0.01         0.01
  MH4428920>N466              6.15      6.15      6.60      0.01         0.01
  MH4452994>N431              6.71      6.71      6.91      0.01         0.01
  MH4452189>N366              7.51      7.52      7.51      7.56         7.51
  MH4449882>MH4449704         7.19      7.19      7.21      0.01         0.01
  MH1623928>MH1624138         6.16      6.16      6.16      6.47         6.12
  N361>MH4429503              7.15      7.15      7.22      0.01         0.01
  N483>MH4429320              5.98      5.98      6.09      0.01         0.01
  MH4451945>N208              7.23      7.23      7.31      7.22         0.01
  MH4453489>MH4453579         7.13      7.13      7.26      0.01         0.01
  MH4427095>N490              7.92      7.94      7.92      7.95         7.93
  MH4452809>MH4452632         7.22      7.22      7.33      0.01         0.01
  N499>MH4456553              6.13      6.13      6.14      6.43         6.11
  N505>MH4450207              5.42      5.42      5.71      0.01         0.01
  MH4428836>MH4429107         6.30      6.30      6.79      0.01         0.01
  MH4429656>MH4447643         7.11      7.11      7.29      0.01         0.01
  MH4448392>MH4448813         0.01      0.01      4.75      0.01         0.01
  MH4449913>N530              7.40      7.40      7.44      0.01         0.01
  MH4450137>N536              7.33      7.33      7.43      0.01         0.01
  MH4429584>MH4429544         6.84      6.84      6.93      0.01         0.01
  N544>MH4451468              0.01      0.01      6.83      0.01         0.01
  MH4450391>MH4450531         7.51      7.51      7.54      4.80         0.01
  N1>MH1629194                5.73      5.85      5.73      6.85         5.82
  N549>N307                   0.01      0.01      4.03      0.01         0.01
  MH4453579>N550              7.13      7.13      7.17      6.98         6.86
  MH4449977>N552              6.43      6.43      6.87      0.01         0.01
  N557>MH4454125              6.58      6.58      6.80      0.01         0.01
  N566>MH4428268              0.01      0.01      5.00      0.01         0.01
  N577>MH4452527              7.00      7.00      7.46      0.01         0.01
  N578>MH4447394              7.75      7.83      7.75      7.86         7.78
  N582>MH4450193              7.10      7.10      7.63      0.01         0.01
  MH4428800>MH4429035         0.01      0.01      2.50      0.01         0.01
  MH4449118>MH4448345         7.52      7.52      7.73      0.01         0.01
  MH4447394>N599              7.72      7.75      7.72      7.79         7.74
  MH4450554>MH4450449         7.47      7.52      7.47      7.63         7.48
  MH4448762>N605              6.81      6.81      6.97      0.01         0.01
  N609>N610                   0.01      0.01      5.81      0.01         0.01
  MH4429503>N319              7.22      7.22      7.26      0.01         0.01
  N616>MH4454195              6.73      6.73      6.75      0.01         0.01
  MH4453512>N618              6.07      6.07      6.44      0.01         0.01
  N530>MH4450449              7.44      7.44      7.46      0.01         0.01
  N211>MH1631057              0.01      0.01      0.01      6.87         0.01
  MH4429411>MH4429136         7.06      7.06      7.82      0.01         0.01
  N642>MH4453748              6.50      6.50      6.78      0.01         0.01
  N644>MH4429136              7.75      7.75      7.86      0.01         0.01
  N645>N339                   0.01      0.01      5.16      0.01         0.01
  N124>MH4429312              6.55      6.55      7.54      0.01         0.01
  N646>MH4452632              7.08      7.08      7.23      0.01         0.01
  N649>MH4450922              7.52      7.52      7.55      5.96         0.01
  MH4449103>MH4449173         7.66      7.66      7.69      0.01         0.01
  MH4446883>MH4429656         7.00      7.00      7.11      0.01         0.01
  N552>MH4449704              6.87      6.87      7.24      0.01         0.01
  MH4455909>N499              6.12      6.12      6.13      6.47         6.12
  MH4450100>MH4450180         0.01      0.01      7.15      0.01         0.01
  N655>N656                   0.01      0.01      5.73      0.01         0.01
  N599>MH4448345              7.70      7.72      7.70      7.78         7.71
  MH4429471>MH4447128         6.64      6.64      6.99      0.01         0.01
  N271>MH4455121              7.37      7.37      7.40      0.01         0.01
  N670>MH4451886              7.37      7.37      7.55      0.01         0.01
  N675>MH4447394              7.62      7.62      7.77      0.01         0.01
  N676>MH4447128              6.88      6.88      7.01      0.01         0.01
  MH4428245>MH4428606         0.01      0.01      5.87      0.01         0.01
  N43>MH4429499               7.86      7.86      7.88      7.89         1.53
  MH4447643>MH4447691         7.29      7.29      7.29      0.01         0.01
  MH4446824>N180              5.69      5.69      6.22      0.01         0.01
  MH4447602>MH4429645         5.30      5.30      5.98      0.01         0.01
  MH4429499>N578              7.83      7.88      7.83      7.90         7.86
  N687>N688                   0.01      0.01      5.55      0.01         0.01
  N691>MH4448762              6.59      6.59      6.81      0.01         0.01
  N693>N675                   7.47      7.47      7.62      0.01         0.01
  N700>MH4428096              7.83      7.83      7.86      7.72         7.53
  N702>MH4450167              6.06      6.06      6.77      0.01         0.01
  MH4455762>N270              0.01      0.01      5.94      0.01         0.01
  N711>MH4448853              7.40      7.40      7.49      0.01         0.01
  MH1626450>MH4501544         0.01      0.01      7.13      0.01         0.01
  N715>MH4454195              6.55      6.55      6.75      0.01         0.01
  MH4453133>N717              4.61      4.61      4.92      0.01         0.01
  MH4450332>MH4450167         7.29      7.29      7.38      6.08         0.01
  N717>N53                    4.92      4.92      5.76      0.01         0.01
  N726>N727                   7.72      7.72      7.82      0.01         0.01
  MH4450167>MH4449849         7.38      7.38      7.59      5.94         0.01
  N247>MH1629194              0.01      0.01      5.72      0.01         0.01
  N250>N206                   6.15      6.15      6.15      6.37         5.83
  N736>MH4449913              7.23      7.23      7.39      0.01         0.01
  N737>N738                   6.97      6.97      7.10      0.01         0.01
  MH4450581>N649              7.49      7.49      7.52      5.89         0.01
  N741>MH4426188              7.42      7.42      7.60      0.01         0.01
  N327>MH4429312              7.43      7.43      7.57      0.01         0.01
  N749>MH4455121              6.68      6.99      6.68      7.34         6.85
  N750>N700                   7.82      7.82      7.83      7.69         7.45
  N753>MH4452994              0.01      0.01      6.71      0.01         0.01
  N755>MH4453970              6.79      6.79      6.80      0.01         0.01
  MH5241467>N691              6.57      6.57      6.59      0.01         0.01
  MH4452977>N763              7.08      7.08      7.25      0.01         0.01
  MH4453748>N766              6.78      6.78      6.81      0.01         0.01
  MH4453850>MH4454009         6.37      6.37      6.53      0.01         0.01
  MH1626189>N47               6.07      6.10      6.07      6.66         6.08
  N779>MH4428606              0.01      0.01      5.80      0.01         0.01
  N781>MH4449118              6.69      6.69      7.50      0.01         0.01
  MH4451673>MH4451871         7.40      7.40      7.51      0.01         0.01
  N460>MH4429357              6.92      6.92      7.06      0.01         0.01
  N787>MH4451945              6.37      6.37      7.23      0.01         0.01
  N788>MH5241467              6.36      6.36      6.56      0.01         0.01
  N789>N670                   7.08      7.08      7.37      0.01         0.01
  MH4447346>N198              6.57      6.57      6.69      0.01         0.01
  MH4454376>N794              7.19      7.27      7.19      7.37         7.25
  MH4450193>MH4450378         7.60      7.63      7.60      7.69         7.62
  N563>MH4428836              0.01      0.01      6.27      0.01         0.01
  MH4453098>N798              7.30      7.36      7.30      7.46         7.34
  N799>MH4428836              5.71      5.71      6.15      0.01         0.01
  MH4502097>MH4502186         6.03      6.03      6.19      5.49         0.01
  N804>MH1626189              6.09      6.12      6.10      6.54         6.11
  N611>MH4454411              0.01      0.01      5.74      0.01         0.01
  N811>MH4451143              6.45      6.45      6.87      0.01         0.01
  MH4454009>MH4454195         6.53      6.53      6.67      0.01         0.01
  MH4447691>N819              7.29      7.29      7.31      5.79         0.01
  N828>N408                   6.63      6.63      6.91      0.01         0.01
  N829>MH4449882              6.91      6.91      7.19      0.01         0.01
  N834>MH4453185              6.77      6.77      7.16      0.01         0.01
  N837>N616                   6.71      6.71      6.73      0.01         0.01
  MH4429544>MH4429656         6.94      6.94      7.09      0.01         0.01
  N842>MH4428583              0.01      0.01      5.65      0.01         0.01
  MH4426728>N447              7.97      7.99      7.97      7.98         7.98
  N849>MH4450180              7.06      7.06      7.17      0.01         0.01
  N763>N851                   7.25      7.25      7.34      0.01         0.01
  N158>N210                   5.06      5.49      5.06      6.88         5.40
  N419>MH4451207              7.54      7.54      7.60      0.01         0.01
  MH4429320>N853              6.08      6.08      6.33      0.01         0.01
  N209>MH4452541              7.38      7.38      7.42      7.11         0.01
  N64>MH4453098               7.46      7.46      7.49      7.67         0.01
  N536>MH4450391              7.43      7.43      7.51      0.01         0.01
  N858>MH4426728              7.98      8.00      7.98      8.00         8.00
  N738>MH4449796              7.10      7.10      7.24      0.01         0.01
  MH4452680>MH4453098         7.35      7.35      7.36      7.33         7.32
  MH4428268>N870              5.21      5.21      6.27      0.01         0.01
  MH4428800>MH4428606         0.01      0.01      5.82      0.01         0.01
  MH4452462>N877              7.37      7.37      7.46      0.01         0.01
  MH1629194>N158              5.49      5.73      5.49      6.86         5.68
  N97>MH4449785               7.57      7.57      7.63      0.01         0.01
  MH4451823>N183              0.01      6.94      0.01      6.97         6.89
  N116>N888                   5.08      5.08      5.77      0.01         0.01
  MH4454116>MH4454376         7.22      7.22      7.27      6.98         6.87
  MH4428765>MH4428713         5.83      5.83      6.05      0.01         0.01
  MH4428797>MH4429013         0.01      0.01      7.23      0.01         0.01
  N893>N804                   6.11      6.13      6.12      6.55         6.12
  N894>MH4451468              6.81      6.81      6.83      0.01         0.01
  N197>MH4450193              7.63      7.65      7.63      7.70         2.12
  N895>MH4452110              6.56      6.56      6.67      0.01         0.01
  N322>MH4455909              5.21      5.21      6.18      0.01         0.01
  N863>MH4428836              0.01      0.01      6.30      0.01         0.01
  MH4452110>MH4452032         6.67      6.67      6.77      0.01         0.01
  N142>N139                   6.92      6.92      6.99      0.01         0.01
  MH4428096>N143              7.82      7.86      7.82      7.86         7.85
  MH4451840>MH4451673         7.28      7.28      7.40      0.01         0.01
  MH4449866>N582              6.67      6.67      7.10      0.01         0.01
  N771>MH4446824              0.01      0.01      5.69      0.01         0.01
  MH4449011>N906              7.34      7.34      7.37      0.01         0.01
  N909>MH4447668              6.46      6.46      6.49      0.01         0.01
  N853>MH4429471              6.33      6.33      6.64      0.01         0.01
  N618>N828                   6.44      6.44      6.63      0.01         0.01
  N258>MH4448929              6.98      6.98      7.27      0.01         0.01
  N660>MH4428713              0.01      0.01      6.08      0.01         0.01
  N914>MH4429107              6.46      6.46      6.79      0.01         0.01
  N915>MH4429499              7.28      7.28      7.85      0.01         0.01
  MH4449321>N736              7.08      7.08      7.23      0.01         0.01
  MH4448474>N737              6.74      6.74      6.97      0.01         0.01
  N921>MH4454116              7.13      7.13      7.29      0.01         0.01
  N550>N922                   7.17      7.17      7.22      6.90         6.81
  N314>N923                   5.61      5.61      7.14      0.01         0.01
  N171>MH4453489              7.07      7.07      7.12      0.01         0.01
  MH4447668>N465              6.49      6.49      6.57      0.01         0.01
  N924>MH4429645              5.79      5.79      6.03      0.01         0.01
  N870>MH4428636              6.27      6.27      6.84      0.01         0.01
  MH4453185>MH4453098         7.16      7.16      7.36      0.01         0.01
  N464>MH4448474              0.01      0.01      6.74      0.01         0.01
  MH4447726>N930              7.34      7.34      7.54      0.01         0.01
  N931>MH4449704              6.50      6.50      7.21      0.01         0.01
  MH4451287>N787              0.01      0.01      6.37      0.01         0.01
  N888>MH4502186              5.77      5.77      6.03      0.01         0.01
  MH4429268>MH4429468         6.43      6.43      6.81      0.01         0.01
  N466>MH4429179              6.60      6.60      6.97      0.01         0.01
  N688>N915                   5.55      5.55      7.28      0.01         0.01
  N940>MH4449796              6.08      6.08      7.24      0.01         0.01
  N605>MH4449806              6.97      6.97      7.17      0.01         0.01
  MH4426188>N726              7.60      7.60      7.72      0.01         0.01
  N942>N106                   6.59      6.63      6.59      7.02         6.62
  MH4451870>MH4452189         7.18      7.18      7.51      0.01         0.01
  N851>MH4452462              7.34      7.34      7.37      0.01         0.01
  N930>MH4449103              7.54      7.54      7.68      0.01         0.01
  MH4455121>N942              6.63      6.68      6.63      7.05         6.66
  MH4451967>MH4452154         6.87      6.87      7.09      0.01         0.01
  MH4448813>MH4449503         4.75      4.75      5.94      0.01         0.01
  N952>MH4453970              6.57      6.57      6.93      0.01         0.01
  MH4454125>N755              6.79      6.79      6.79      0.01         0.01
  N220>N394                   0.01      0.01      7.08      0.01         0.01
  MH4428636>N954              6.84      6.84      7.05      0.01         0.01
  MH4449778>MH4450137         6.73      6.73      7.31      0.01         0.01
  N956>MH4450332              7.18      7.18      7.29      0.01         0.01
  N877>MH4451886              7.46      7.46      7.55      0.01         0.01
  N906>MH4449913              7.37      7.37      7.40      0.01         0.01
  N959>N345                   6.49      6.49      6.60      0.01         0.01
  MH4453788>MH4453850         6.34      6.34      6.37      0.01         0.01
  N963>MH4453579              7.13      7.19      7.13      7.43         7.16
  N964>MH4429179              6.86      6.86      6.97      0.01         0.01
  MH8963773>MH4447452         7.27      7.27      7.27      0.01         0.01
  MH4450531>N422              7.54      7.54      7.58      4.22         0.01
  N656>MH4447880              5.73      5.73      6.74      0.01         0.01
  N954>MH4429013              7.05      7.05      7.29      0.01         0.01
  N334>MH4452680              7.30      7.30      7.42      0.01         0.01
  N967>MH4452011              7.44      7.44      7.49      0.01         0.01
  N346>MH4429179              6.71      6.71      6.99      0.01         0.01
  MH4454195>MH4454125         6.75      6.75      6.79      0.01         0.01
  MH4447452>N711              7.27      7.27      7.40      0.01         0.01
  MH4427588>N750              7.82      7.82      7.82      7.82         7.67
  N181>MH4448474              6.51      6.51      6.74      0.01         0.01
  MH4428583>N914              5.65      5.65      6.46      0.01         0.01
  N794>N749                   6.99      7.19      6.99      7.35         7.13
  N974>MH4452809              7.11      7.11      7.22      0.01         0.01
  N975>N976                   6.20      6.20      6.35      0.01         0.01
  MH4451468>MH4452154         6.79      6.79      7.08      0.01         0.01
  MH4452632>N967              7.33      7.33      7.44      0.01         0.01
  N727>MH4426728              7.82      7.82      7.90      0.01         0.01
  MH1624769>N893              6.13      6.13      6.13      6.50         6.13
  N766>N921                   6.81      6.81      7.13      0.01         0.01
  N610>MH4455909              5.81      5.81      7.26      0.01         0.01
  N979>N980                   0.01      0.01      5.90      0.01         0.01
  MH4450776>MH4450378         6.83      6.83      7.60      0.01         0.01
  MH4429107>N325              6.79      6.79      6.97      0.01         0.01
  N923>N250                   7.14      7.14      7.19      0.01         0.01
  N265>MH8963773              7.15      7.15      7.27      0.01         0.01
  N397>N188                   6.26      6.26      6.58      0.01         0.01
  MH4453095>N170              6.60      6.60      6.80      0.01         0.01
  N984>MH4447346              6.12      6.12      6.57      0.01         0.01
  N833>N940                   0.01      0.01      6.08      0.01         0.01
  MH4449796>N439              7.24      7.24      7.37      0.01         0.01
  N819>MH4449011              7.31      7.31      7.34      0.01         0.01
  N922>MH4454116              7.22      7.22      7.22      6.98         6.88
  N367>MH4452527              7.47      7.48      7.47      7.54         7.47
  N980>MH4454629              5.90      5.90      6.13      0.01         0.01
  MH4451886>N991              7.53      7.55      7.53      7.59         7.54
  N992>MH4446883              6.87      6.87      6.98      0.01         0.01
  MH4450180>MH4450332         7.17      7.17      7.27      0.01         0.01
  MH4448929>N693              7.31      7.31      7.47      0.01         0.01
  N748>N994                   0.01      0.01      5.90      0.01         0.01
  N996>N811                   0.01      0.01      6.45      0.01         0.01
  N991>MH4452189              7.52      7.53      7.52      7.57         7.52
  N798>N963                   7.19      7.30      7.19      7.44         7.27
  N490>MH4427588              7.82      7.92      7.82      7.92         7.90
  N1001>MH4451886             7.55      7.58      7.55      7.61         7.57
  N9>MH4429527                0.01      0.01      6.02      0.01         0.01
  N994>MH4454629              5.90      5.90      6.13      0.01         0.01
  N356>MH4450531              7.40      7.40      7.54      0.01         0.01
  MH4451207>N1001             7.58      7.60      7.58      7.63         7.59
  MH4502186>N0                5.96      6.19      5.96      6.87         6.00
  N976>MH4449866              6.35      6.35      6.67      0.01         0.01
  MH4449503>MH4449977         5.94      5.94      6.41      0.01         0.01
  N1005>N172                  6.76      6.76      6.95      0.01         0.01
  N1007>MH4449118             6.72      6.72      7.50      0.01         0.01
  N1009>MH4452154             6.65      6.65      7.08      0.01         0.01
  MH4452541>N63               7.42      7.42      7.45      7.11         0.01
  N440>MH4450391              7.47      7.47      7.51      0.01         0.01
  MH4451967>MH4451823         6.87      6.87      6.94      6.63         6.53
  
  
  ***************
  Pumping Summary
  ***************
  
  ---------------------------------------------------------------------------------------------------------
                                                  Min       Avg       Max     Total     Power    % Time Off
                        Percent   Number of      Flow      Flow      Flow    Volume     Usage    Pump Curve
  Pump                 Utilized   Start-Ups       LPS       LPS       LPS  10^6 ltr     Kw-hr    Low   High
  ---------------------------------------------------------------------------------------------------------
  P4433449                99.71           1      0.00     29.47     34.27     0.846      5.68    0.0    0.0
  P1495438                99.74           1      0.00      2.43      2.46     0.070      0.88    0.0    0.0
  

  Analysis begun on:  Thu Sep 24 05:10:31 2026
  Analysis ended on:  Thu Sep 24 05:10:49 2026
  Total elapsed time: 00:00:18